# Korean line of the packed UI text (see uitext.ko.tsv), a tab, the English line. Applied by uitext_apply.pl.
여러 학자들은 뱀파이어를 전설보다는 과학적으로 증명해 보고 싶어했다. 여러 과학적 증명 가운데 광견병과 관련지어 연구 결과가 하나 나왔다. 스페인의 한 신경학자는 신경학회지에서 흡혈귀 특징과 광견병 환자의 증상 등을 분석, 흡혈귀는 광견병 환자에 대한 오해에서 비롯된 것으로 보인다고 주장했으며, 사람들이 광견병 환자를 흡혈귀로 오인할 수 있는 여러가지 증상의 유사점을 제시했다. 흡혈귀가 일반적으로 남자라는 점은 광견병에 걸리는 확률이 여성보다 남성이 7배나 높은 점과 일치하며 다른 사람을 무는 것도 광견병 환자에게서 자주 보이는 증상이다. 	Many scholars wanted to explain vampires through science rather than legend. Among the various scientific explanations, one study linked them to rabies. A Spanish neurologist, writing in a neurology journal, analyzed the traits of vampires alongside the symptoms of rabies patients and argued that the vampire most likely grew out of a misunderstanding of people suffering from rabies, pointing out a number of similar symptoms that could lead people to mistake a rabies victim for a vampire. That vampires are generally male fits the fact that men are seven times more likely than women to contract rabies, and biting other people is also a symptom often seen in rabies patients.
1. 마늘과 거울 등을 싫어한다 : 광견병 환자는 자극에 매우 민감하다. 물과 빛, 냄새, 거울 등 자극에 얼굴을 찡그리거나 거친 소리를 내며 이를 드러내는 반응을 보인다. 	1. They hate garlic, mirrors and the like: rabies patients are extremely sensitive to stimuli. Faced with water, light, smells, mirrors and so on, they grimace or make harsh noises and bare their teeth.
2. 밤에 돌아다닌다 : 광견병 환자는 불면증과 함께 밤에 방황하는 증상이 있다. 또 광견병이 감정과 행동을 통제하는 대뇌에 영향을 미쳐 과도한 성욕증상을 보인다. 	2. They roam at night: rabies patients suffer from insomnia and tend to wander at night. Rabies also affects the part of the brain that controls emotion and behavior, producing excessive sexual desire.
3. 박쥐나 다른 동물로 변신한다 : 광견병 바이러스는 박쥐, 개, 늑대 같은 동물을 감염시켜 광견병 증상을 보이게 할 수 있으며 사람들은 이 동물을 광견병 환자와 동일시한 것으로 보인다. 	3. They turn into bats or other animals: the rabies virus can infect animals such as bats, dogs and wolves and give them the symptoms of rabies, and people seem to have identified these animals with rabies patients.
4. 시체가 살아있는 것처럼 보인다 : 광견병으로 죽은 사람은 피가 더디게 굳어 입으로 피가 흐를 수 있다. 더욱이 동유럽 발칸반도같이 춥고 습기가 많은 지역에서는 시체가 수개월에서 수년간 보존될 수 있다. 	4. Their corpses look alive: in someone who died of rabies the blood clots slowly, so blood may flow from the mouth. Moreover, in cold, damp regions such as the Balkan Peninsula of Eastern Europe, a corpse can be preserved for months or even years.
5. 흡혈귀 전설의 시초 : 1721-1728 사이에 헝가리에서 광견병이 크게 유행했다는 기록이 있다. 이는 흡혈귀 전설이 시작된 시기 및 장소와 일치하는 것이다. 	5. The origin of the vampire legend: records show that a great rabies epidemic swept Hungary between 1721 and 1728. This matches the time and place in which the vampire legend began.
공포 영화에 자주 나오는 흡혈 박쥐는 아메리카 대륙의 열대 지방에 주로 살고있다. 몸집은 사람 손보다도 작은 정도이지만, 흡혈 박쥐는 소나 새, 심지어는 사람의 피까지 빨아 먹는다. 흡혈 박쥐는 보통 자고 있는 동물의 몸 위에 살며시 내려 앉아 면도날처럼 날카로운 이빨로 이들의 피부에 미세한 상처를 내고는 혀를 안쪽으로 말아 피가 입 안으로 흘러들어오게 한다. 사실 피를 빠는 것은 아니고 대단히 빠른 속도로 피를 핥는 것이다. 흡혈 박쥐 1마리가 1 년에 먹는 피의 양은 약 11리터 정도로 알려져 있다. 	The vampire bats that so often appear in horror films live mainly in the tropics of the Americas. Though smaller than a human hand, vampire bats feed on the blood of cattle, birds and even people. A vampire bat usually lands softly on a sleeping animal, makes a tiny cut in its skin with razor-sharp teeth, then curls its tongue so that the blood runs into its mouth. In fact it does not suck the blood at all but laps it up very quickly. A single vampire bat is said to consume about 11 liters of blood a year.
고대의 흡혈귀에 대한 이야기는 매우 오랜전 시기부터 존재해 왔었다. 고대 바빌로니아에서는 수백 명의 악마 중에 뱀파이어가 포함되어 있으며, 드라큐라의 무대가 되는 루마니아와 발칸 지방과 중국, 스코틀랜드, 터키 등에도 뱀파이어의 전설이 남아 있다. 1710년 페스트가 창궐해 동부 프로이센을 유린할 당시, 그 지역을 지배하던 오스트리아 당국자들이 그들의 주목을 끄는 흡혈귀를 체계적으로 조사하기 시작했다. 한번은 흡혈귀들이 그 재앙에 책임이 있다고 지목돼 한 공동묘지의 무덤을 모조리 파헤치기도 했다.	Tales of vampires go back to very ancient times. In ancient Babylonia vampires were counted among hundreds of demons, and vampire legends survive in Romania and the Balkans, where Dracula is set, as well as in China, Scotland, Turkey and elsewhere. When plague broke out and ravaged East Prussia in 1710, the Austrian authorities who ruled the region began a systematic investigation of the vampires that had drawn their attention. Once, vampires were even blamed for the disaster, and every grave in a cemetery was dug up.
이 기간 동안에 정말 특이한 사건이 두 건 있었다. 하나는 헝가리 농부인 페테르 플로고요비츠 사건이었다. 폴로고요비츠는 1725년에 죽었다가 흡혈귀가 되어 키실로바라는 작은 마을에서 8명을 죽인 것으로 알려졌다. 또 다른 한 건은 농부인 아르놀트 파올레가 1726년 건초 마차에서 떨어져 죽었다가 역시 흡혈귀가 되어 메드베지아라는 세르비아 지방의 한 마을에서 사람과 가축을 상당수 죽인 사건이다. 바로 이 플로고요비츠 사건 기록에 흡혈귀 "vampire"를 뜻하는 독일어 단어 "vanpir"가 공식적으로 처음 등장한다. 아르놀트 파올레 사건은 플로고요비츠 사건보다 더 큰 소동을 일으켜 1731년 12월에 공식 조사가 시작되었다. 플로고요비츠와 파올레 덕분에 유럽 전역에서 관련 자료를 인쇄하느라 엄청난 양의 잉크가 소비되었다.	Two truly remarkable cases occurred during this period. One was the case of the Hungarian peasant Peter Plogojowitz. Plogojowitz died in 1725 and was said to have become a vampire and killed eight people in the small village of Kisilova. The other was the case of the peasant Arnold Paole, who died in 1726 after falling from a hay wagon and likewise became a vampire, killing a great many people and livestock in a Serbian village called Medvegia. It was in the records of the Plogojowitz case that "vanpir", the German word for "vampire", first appeared officially. The Arnold Paole case caused an even greater stir than the Plogojowitz case, and an official inquiry began in December 1731. Thanks to Plogojowitz and Paole, vast quantities of ink were spent all over Europe printing material on the subject.
루이 15세의 베르사유 궁정에서 인기 잡지 "르 글라뇌르"는 1732년 3월 3일자에서 파올레 사건을 상세하게 다루었는데, 여기서 흡혈귀라는 뜻의 프랑스어 "vampyre"가 처음으로 사용되었다.그해 3월 11일자 "런던 저널"이 영어권 사람에게 "vampire"라는 단어를 처음으로 소개했다. 	At the Versailles court of Louis XV, the popular magazine "Le Glaneur" covered the Paole case in detail in its issue of March 3, 1732, and there the French word "vampyre" was used for the first time. On March 11 of the same year, the "London Journal" introduced the word "vampire" to English speakers for the first time.
- 서인도 여러 섬의 흡혈귀 전설 	- Vampire legends of the West Indies
서인도 여러 섬 중 그레나다라는 곳에는 루갈 이라는 흡혈귀가 있다. 루갈은 악마와 계약을 맺은 노파로서, 마법을 가르쳐준 사례로 밤중에 악마에게 사람의 피를 대접한다고 한다. 루갈은 매일밤, 어느 신비로운 나무가 자라는 곳으로 가서, 자기의 살 가죽을 벗겨 나무 속에 숨기고, 자신은 빛을 내는 불덩어리가 되어 사방을 날아다닌다. 해가 지기 전에 대문 앞에 모래 와 쌀을 섞어 뿌리고, 문을 단단히 걸어 잠그면 루갈의 습격을 막을 수 있다고 한다. 	On Grenada, one of the islands of the West Indies, there is a vampire called the Loogaroo. The Loogaroo is an old woman who has made a pact with the Devil, and in return for being taught magic she serves him human blood by night. Every night the Loogaroo goes to a place where a certain mysterious tree grows, peels off her skin and hides it inside the tree, then flies about in every direction as a glowing ball of fire. It is said that scattering a mixture of sand and rice in front of the gate before sunset and locking the door tight will keep the Loogaroo away.
- 폴리네시아의 흡혈귀 전설 	- Vampire legends of Polynesia
태평양 한복판, 폴리네시아의 섬들이 산재해 있는곳에 찌이라는 흡혈귀가 있다. 이것은 죽은 자가 소생한 것이 아니라 산 인간이 원수진 인간을 괴롭히기 위해, 일부러 죽은 사람의 살과 피를 은밀히 먹고 흡혈귀가 된 것으로, 죽은 사람의 살과 피를 먹으면 그 죽은 사람의 혼백과 이야기를 나눌수 있게 되어 그 혼백이 그 인간을 위해서 복수를 해준다고 한다. 단, 어떤 약초를 태운 연기를 쏘이면, 그 인간은 자기가 찌이가 된것을 자백한다고 한다. 	In the middle of the Pacific, where the islands of Polynesia lie scattered, there is a vampire called the Tii. It is not a dead person brought back to life but a living person who, in order to torment an enemy, has secretly eaten the flesh and blood of the dead and so become a vampire. By eating a dead person's flesh and blood one can speak with that person's spirit, and the spirit then takes revenge on one's behalf. However, if such a person is exposed to the smoke of a certain burning herb, he will confess that he has become a Tii.
뱀파이어에 관한 기록은 성서의 일부분에서도 볼 수 있다. 지금은 그 기록이 지금의 성서에서 삭제되었지만 바빌로니아 시대의 릴리스가 그 이전 시대에 어떻게 그려졌는가하는 것은 헤브루의 경외전설에서 찾아볼 수 있다. 이브가 만들어지기 전 아담의 첫째 아내였던 릴리스가 바로 뱀파이어의 원형인 것이다. 성에 어리숙했던 아담에게 화가 난 릴리스는 그의 곁을 떠나 악마의 여왕이 된다. 그녀 역시 라미아와 스트리게처럼 어린아이의 피를 빨아먹고 잠자는 젊은 남자의 생식력을 앗아갔다. 헤브루인들의 믿음으로 볼 때 릴리스는 살아 있는 생물의 피를 마시지 못하게 한 모세의 율법을 정면으로 어기고 있었다. "내가 이스라엘 백성에게 일러둔다. 너희는 어떤 생물의 피도 먹지마라. 피는 곧 모든 생물의 생명이다. 그것을 먹는 사람은 겨레 가운데서 추방하리라."(레위기 17:14) 헤브루인들은 언제나 피와 복잡한 관계를 맺었다. 그들에게 피는 생명의 상징이면서 불순함의 표시였다. 피는 신처에 생명을 불어넣는 신성한 것인데, 오직 신만이 생명과 죽음을 주재했다. 동시에 그것은 악마의 유혹에 넘어간 이브 이래로 인간성을 오염시킨 저주와도 연결되어 있다. 그 저주로 말미암아 인류가 타락했고, 신이 이브의 후예에게 내린 벌인 월경은 바로 불순한 상처의 증거로서 받아들여졌다. 헤브루 전설에서 월경 때 비치는 피는 다양한 재난의 원천으로 묘사되고 있다. 	Records of vampires can be found even in parts of the Bible. Though those passages have since been removed from today's Bible, how the Babylonian Lilith was portrayed in still earlier ages can be traced in Hebrew apocryphal legend. Lilith, Adam's first wife before Eve was created, is the very prototype of the vampire. Angered by Adam's clumsiness in matters of love, Lilith left his side and became the queen of demons. Like the Lamia and the Striges, she too sucked the blood of little children and robbed sleeping young men of their potency. By Hebrew belief, Lilith flatly defied the law of Moses, which forbade drinking the blood of any living creature. "I say to the people of Israel: you shall not eat the blood of any creature, for the life of every creature is its blood. Whoever eats it shall be cut off from his people." (Leviticus 17:14) The Hebrews always had a complicated relationship with blood. To them blood was both the symbol of life and a mark of impurity. Blood was the sacred thing that breathed life into the body, and God alone ruled over life and death. At the same time it was bound up with the curse that had tainted humanity ever since Eve gave in to the Devil's temptation. Through that curse mankind fell, and menstruation, the punishment God laid upon the daughters of Eve, was taken as the proof of an impure wound. In Hebrew legend, menstrual blood is described as the source of all manner of disasters.
슬라브의 여러 민족에게 전해지고 있는 민간 신앙 중에서도 흡혈귀에 대한 것은 특이하다. 	Among the folk beliefs handed down among the Slavic peoples, the belief in vampires is a peculiar one.
'흡혈귀'를 의미하는 슬라브 어는 공통적으로 Qpyr에서 유래하며 이 신앙은 공통의 뿌리를 갖고 있다. 슬라브의 여러 민족 사이에서는 죄인, 주술사, 늑대 인간 등은 사후에도 그 육체가 소멸되지 않고 흡혈귀가 된다고 믿었으며, 자살 등의 방법으로 죽음을 당하는 자도 마찬가지로 흡혈귀가 된다고 믿었다. 흡혈귀가 된 사체는 얼굴이 붉고 눈은 크게 치켜뜨고 있다. 	The Slavic words meaning 'vampire' all derive from Qpyr, and the belief shares a common root. Among the Slavic peoples it was believed that sinners, sorcerers, werewolves and the like did not decay after death but became vampires, and that those who met their death by suicide or similar means became vampires as well. The corpse of one who has become a vampire has a red face and wide, staring eyes.
세르비아에서는 흡혈귀와 인간의 여자사이에서 뼈도 이도 없는 기형아가 태어난다고 믿었는데, 이 아이만이 흡혈귀를 알아볼 수 있으며, 죽일 수 있다고도 한다. 슬라브의 흡혈귀의 신앙에서 죄인은 만물의 어머니인 대지가 그 육체를 받아주지 않는다는 그들의 관념에서 유래한 것이다. 하지만 혹한의 슬라브 북부에서는 매장된 사체가 실제로 부패하지 않는 것도 충분한 근거가 된다. 	In Serbia it was believed that a vampire and a human woman could produce a deformed child with neither bones nor teeth, and that only this child could recognize a vampire and kill it. The Slavic belief that sinners become vampires comes from the idea that the earth, mother of all things, refuses to accept their bodies. Yet in the bitter cold of the Slavic north, the fact that buried corpses really did not decay was reason enough.
- 말레이반도의 흡혈귀 전설 	- Vampire legends of the Malay Peninsula
말레이 반도에서는 오래 전부터, 베난가란이라는 흡혈귀의 존재가 믿어지고 있다. 베난가란은 몸퉁이가 없고, 목 밑에 오장육부를 그대로 매단 채 떠돌아다니며 어린 아이의 피를 빨 기회를 노리는 흡혈귀로 특히 아이를 낳은 산모의 피를 좋아한다고 한다. 가시가 있는 나무를 문과 창틀에 걸어둠으로써 베난가란의 밥통이나 창자가 가시에 걸려 집안으로 들어오지 못하게 막는다고 한다. 	On the Malay Peninsula people have long believed in a vampire called the Penanggalan. The Penanggalan has no body; it floats about with its entrails dangling beneath its neck, waiting for a chance to suck the blood of small children, and it is said to be especially fond of the blood of women who have just given birth. People hang thorny branches on their doors and window frames so that the Penanggalan's stomach or intestines catch on the thorns and it cannot get into the house.
- 일본의 흡혈귀 전설 	- Vampire legends of Japan
동양에는 흡혈귀의 이야기가 드문데, 특이하게도 일본에는 로구로목이라는 흡혈귀가 있다. 이 로구로목은 목이 한 발 가량 늘어나는 것과, 아예 목이 몸체에서 떨어져 날아다니는 것이있다. 목이 떨어져 떠도는 로구로는 말레이 반도의 베난가란과 비슷해서 역시 사람을 습격해서 피나 살을 탐낸다. 이 흡혈귀는 인적이 드문 산속에 살며, 겉보기에는 보통인간과 같으나, 목에 붉은 힘줄이 있어 식별을 할 수 있다. 이들을 없애기 위해서는 목이 떠도는 사이에 그 몸통을 굴리면 다시는 그 목이 제자리를 찾아오지 못한다고 한다. 	Vampire tales are rare in the East, but unusually, Japan has a vampire called the Rokurokubi. Some Rokurokubi have necks that stretch to about a fathom, while others have heads that come right off the body and fly about. The Rokurokubi whose head comes off and wanders resembles the Penanggalan of the Malay Peninsula, attacking people and craving their blood or flesh. This vampire lives deep in the mountains where few people go and looks like an ordinary human, but it can be recognized by a red vein around its neck. To destroy one, roll its body away while the head is off wandering, and the head will never find its way back.
질드레는 역사상 최고로 악독한 어린이 학대자였다. 로제르 비예뇌브가 1955년에 쓴 <질 드 레>에 따르면 질은 자신이 죽이고 있는 아이들의 숨 넘어가는 소리에 맞추어 옆에 있는 어린이 합창단에게 노래를 부르게 했다고 한다. 또한 19세기의 프랑스 소설가 조리카를 위스망은 그의 소설 "라바"(1891)에서 그를 진짜 흡혈귀로 묘사했다. 	Gilles de Rais was the most vicious abuser of children in history. According to "Gilles de Rais", written by Roger Villeneuve in 1955, Gilles had a children's choir beside him sing in time with the dying gasps of the children he was killing. The 19th-century French novelist Joris-Karl Huysmans also portrayed him as a true vampire in his novel "La-Bas" (1891).
1440년 소아 살해, 남색, 항마술, 신성 모독, 이단 등의 죄목으로 법정에 선 질드레는 자신이 어린 소년들을 죽음에 이르게 하는 과정을 상세하게 자백한다. 우선 소년들을 데려다가 얼마 동안 좋은 음식과 편안함을 주고, 몰라보게 아름다워진 소년은 질 드 레의 희생자가 되는 것이다. 선택된 소년은 등 뒤로 손이 묶인 채 두 명의 건장한 남자들에게 이끌려 삼중으로 둘러쳐져 있는 성벽을 돌아 질드레 남작이 기다리고 있는 지하실로 끌려간다. 파란 눈에 금발 머리와 뚜렷한 이목구비를 갖추고 있지만, 소름이 돋은 피부와 눈 아래 그늘이 그의 타락한 생활을 대변해주고 있었다. 질이 소년을 괴롭히는 방법은 여러가지였다. 방법 중 한가지는 유괴한 소년을 깨끗하게 목욕시킨 다음, 얼굴에는 여자처럼 하얀 분을, 뺨에는 장미색 연지를, 입술에는 붉은 립스틱를 바르게 했다. 질은 여장을 한 소년을 방 안을 걸어다니게 한 다음 소년에게 다가가 등 뒤에서 그를 끌어안았다. 그리고 사랑스럽다는 듯 안아서 침대에 데려간 다음 애무를 한다. 어느 순간 질은 돌변하여 소년의 얼굴과 몸을 꼬집고 물어뜯기 시작했다. 소년이 고통을 이기지 못하고 울음을 터트리며 필사적으로 도망치려 하자 질은 소년을 한 팔로 끌어안고서 감추어 두었던 칼을 꺼내 소년의 목을 찔렀다. 그는 쓰러진 소년의 몸 위에 걸터앉아 고통에 몸부림치는 소년의 일그러진 표정을 핏발선 눈으로 바라보다 소년이 죽자, 도끼로 시체의 사지를 토막내고 상처에 손을 넣어 내장을 꺼내는 등 발작적인 행동으로 이어지고... 결국 그의 잔인한 행동으로 소년은 고깃덩어리로 되는 최후를 맞이한다. 	Brought to trial in 1440 on charges of child murder, sodomy, conjuring demons, sacrilege and heresy, Gilles de Rais confessed in detail how he had put young boys to death. First the boys were brought in and given good food and comfort for a while, and a boy who had grown beautiful beyond recognition would become Gilles de Rais's victim. The chosen boy, hands bound behind his back, was led by two burly men around the triple ring of castle walls and down to the cellar where Baron Gilles de Rais waited. The baron had blue eyes, blond hair and fine features, but his goose-fleshed skin and the shadows beneath his eyes betrayed his depraved life. Gilles had many ways of tormenting boys. In one, he had the kidnapped boy bathed clean, then had white powder put on his face like a woman's, rose rouge on his cheeks and red lipstick on his lips. Gilles made the boy, dressed as a girl, walk about the room, then approached and embraced him from behind. Then, as if with tenderness, he carried him to the bed and caressed him. At some moment Gilles would suddenly change, pinching and biting the boy's face and body. When the boy, overcome by pain, burst into tears and tried desperately to escape, Gilles held him with one arm, drew a hidden knife and stabbed him in the throat. He sat astride the fallen boy and watched with bloodshot eyes as the boy's face twisted in agony, and when the boy died he went on in a frenzy, hacking the limbs from the corpse with an axe and thrusting his hands into the wounds to pull out the entrails... In the end his cruelty left the boy no more than a lump of meat.
15세기 프랑스 구국 운동의 성소녀로 널리 알려져 있는 잔 다르크에 버금가는 영웅으로서, 나라를 위해 열심히 싸웠던 질 드 레. 은퇴한 후 연금술에 빠져들면서 야만성이 눈을 떠, 그는 이삼백 명의 어린이를 무참하게 살해하는 잔인한 살인귀로 변해버렸고, 결국 화형에 처해지게 되었다. 지금도 그의 고향에서는 칭얼거리는 아이를 달랠 때면 어머니들이 이렇게 말한다고 한다. "자꾸 칭얼거리면 파란 수염의 부하인 악마가 데려간다." 	Gilles de Rais was a hero who fought hard for his country, second only to Joan of Arc, the holy maid of France's 15th-century struggle for national salvation. After retiring he became absorbed in alchemy, and as his savagery awakened he turned into a cruel murderer who brutally killed two or three hundred children; in the end he was burned at the stake. Even today in his homeland, mothers are said to hush a whining child by saying, "If you keep whining, the devil who serves Bluebeard will take you away."
17세기 초, 2세기 전의 질 드 레 사건과 놀랄 정도로 유사한 일이 헝가리에서 벌어졌다. 그렇지 않아도 미신이 횡행하던 헝가리에 엄청난 충격을 던진 이 사건은 바로 1611년의 에르체베트 바토리 여백작의 재판이다. 10년 동안 수십 명의 소녀가 성의 지하 감옥에 갇혀 엄청난 고문을 당한 후 피를 흘리며 죽어 갔다. 그 지역에서 상당한 수의 소녀가 실종되자, 소문이 퍼지기 시작했다. 그녀는 헝가리 산악지대인 카르파티아 산맥의 한 언덕 꼭대기에 자리잡은 체이테성 주변 마을에 살던 수많은 어린 소녀들을 납치, 고문한 죄로 고발당했다. 	In the early 17th century, something astonishingly similar to the Gilles de Rais case of two centuries before took place in Hungary. The case that sent a tremendous shock through a Hungary already rife with superstition was the 1611 trial of Countess Erzsebet Bathory. Over ten years, dozens of girls were locked in the castle dungeon, horribly tortured and left to bleed to death. When a considerable number of girls from the area went missing, rumors began to spread. She was accused of abducting and torturing countless young girls from the villages around Csejte Castle, which stood on a hilltop in the Carpathian Mountains, the highlands of Hungary.
1610년 12월 30일, 바토리의 사촌인 기오르기 투르소 백작이 일당의 군인과 기병대를 이끌고 그 성에 도착했다. 막 피의 의식이 진행되는 참이었다. 성에 들어간 백작은 지하 감옥에서 수십 구의 시체와 함께 온몸에 바늘로 찔린 자국이 수없이 난 채 아직 살아있는 희생자를 숱하게 발견했다. 그 정도로 여백작은 만족하지 못했는지 많은 수의 소녀들이 아직도 차례를 기다리고 있었다. 당대의 기록에 따르면 그 희생자의 수가 300명에서 8000명에 이른다고 하는데, 아마 실제 희생자의 수는 전자에 가까웠을 것이다. 질 드 레나 블라드 테페스 사건과 마찬가지로 이번 에르체베트 바토리 사건에도 초자연적인 존재는 없었다. 즉 여백작을 산송장이라고 주장한 사람은 없었던 것이다. 희생자의 피를 마시는 일이 그녀에게 엄청난 쾌락을 주었다는 점에는 모든 설명이 일치한다. 그녀는 희생자의 피를 목욕통에 가득 채우고 목욕을 즐겼다. 이것은 젊음과 아름다움을 영원히 유지하고픈 욕망에서였다고 한다. 	On December 30, 1610, Bathory's cousin Count Gyorgy Thurzo arrived at the castle at the head of a band of soldiers and cavalry. A blood ritual was just under way. Entering the castle, the count found dozens of corpses in the dungeon along with many victims still alive, their bodies covered with countless needle marks. As if even that had not satisfied the countess, many more girls were still waiting their turn. Contemporary records put the number of victims anywhere from 300 to 8000, though the true figure was probably closer to the former. As with the cases of Gilles de Rais and Vlad Tepes, there was nothing supernatural about the case of Erzsebet Bathory. That is, no one claimed the countess was one of the living dead. All accounts agree that drinking her victims' blood gave her tremendous pleasure. She filled a bathtub with her victims' blood and delighted in bathing in it. It is said that this sprang from her desire to keep her youth and beauty forever.
왕가의 친척이었던 덕분에 목숨은 건졌지만, 여백작은 모든 창문과 문이 폐쇄된 방에서 남은 일생 동안 자신의 죄를 뉘우치며 살아야 했다. 그러나 다른 공범자들은 전부 처형되었다. 여백작이 죽은 후 성은 오랫동안 저주받은 성으로 방치되었다. 	Because she was related to the royal family her life was spared, but the countess had to spend the rest of her days repenting her crimes in a room with every window and door sealed up. All her accomplices, however, were executed. After the countess died, the castle lay abandoned for a long time as a cursed place.
에르체베트 바토리 여백작 사건은 그 지역에 온갖 소문과 전설이 나도는 계기가 되었다. 그중 많은 전설은 여백작이 죽어서도 피의 쾌락을 찾아 계속 나타났고, 결국 진정한 의미의 흡혈귀가 되었다고 전해진다. 	The case of Countess Erzsebet Bathory gave rise to all sorts of rumors and legends in the region. Many of these legends tell that even after death the countess kept appearing in search of the pleasure of blood, and at last became a vampire in the true sense of the word.
파문당한 자, 자살한 자, 격렬한 폭력의 희생자, 마녀, 사산아, 기독교식 매장을 하지 않은 사람들, 태어날 때부터 이가 나 있는 사람, 대망막(태아가 출생시 머리에 뒤집어쓰고 있는 엷은 막)을 뒤집어쓰고 나온 사람, 너무 까맣거나 비할 데 없이 푸른 눈을 가진 사람, 빨강머리나 몸에 점이 있는 사람등이 그렇지 않은 사람에 비해 흡혈귀가 될 확률이 더 높았으며, 그런 사람이 죽었을 때는 입관과 매장 사이에 두 번의 예방조치를 취했다. 루마니아에서는 시체의 머리에 못을 박거나 시신을 바늘로 찌르고, 또 성 이그나티우스의 날에 잡은 돼지의 비계를 칠하기도 했다. 흡혈귀의 영혼이 그 육신에 다시 돌아오는 것을 막기 위해서 입에 특별한 물체(루마니아에서는 마늘뿌리, 그리스에서는 정화의식을 거친 빵 조각, 독일의 작센 지방에서는 레몬 조각)를 넣기도 했다. 양귀비 씨앗이나 찔레 가시를 흡혈귀가 하나씩 줍도록 공동묘지로 이르는 모든 길에 뿌려놓았다. 세르비아에서는 문과 창에 타르를 칠한 십자가를 걸어 두어 흡혈귀의 공격을 막았다. 루마니아에서는 방마다 마늘 줄기를 걸어 두고, 문, 창, 굴뚝, 열쇠 구멍에 마늘을 문질러댔다. 그러나 가장 확실한 방법은 밤에 혼자서 돌아 다니지 않으며 흡혈귀에게 물리지 않는 것이다. 	The excommunicated, suicides, victims of violent death, witches, stillborn children, people denied a Christian burial, people born with teeth, people born wearing a caul (the thin membrane that covers a baby's head at birth), people with eyes too dark or unusually blue, redheads and people with moles were all more likely than others to become vampires, and when such a person died, two precautions were taken between the coffining and the burial. In Romania a nail was driven into the corpse's head or the body was pricked with needles, and it was sometimes smeared with the fat of a pig slaughtered on St. Ignatius' Day. To keep the vampire's soul from returning to its body, a special object was placed in the mouth (a garlic bulb in Romania, a piece of consecrated bread in Greece, a slice of lemon in Saxony in Germany). Poppy seeds or briar thorns were strewn along every road leading to the cemetery so that the vampire would have to pick them up one by one. In Serbia, crosses painted in tar were hung on doors and windows to ward off vampire attacks. In Romania, strings of garlic were hung in every room, and garlic was rubbed on doors, windows, chimneys and keyholes. But the surest method was never to wander alone at night, and never to be bitten by a vampire.
이 흡혈귀 환상의 기원은 아주 오래전 고대로 거슬러 올라간다. 많은 나라 마다 흡혈귀에 대한 설명이 나와 있는데 중국의 흡혈귀 (강시)는 달빛을 이용해 마법을 사용한다고 하며, 멕시코의 흡혈귀는 뼈만 있는 것이 특징이다. 페르시아(지금의 이란)에서 발견된 유사 이전의 항아리에서 그 단서를 찾을 수 있다. 거기에는 피를 빨아먹으려고 하는 괴물과 남자가 싸우는 그림이 그려져 있다. 그리고 비교적 덜 오래 된, 몇 천 년밖에 안 된 것으로 릴리투(어린 아기들의 피를 먹는 것으로 알려진 귀신)에 관한 바빌로니아의 신화 또한 또 다른 단서가 된다. 16세기에 트란실바니아 (지금의 루마니아)를 다녀온 여행자들은 이상하고 무시무시한 이야기를 전했다. 밤만 되면 괴물이 소굴을 나와 사람의 피로 잔치를 벌이는데, 그 괴물이란 것이 살아있지도 그렇다고 죽은 것도 아니라는 것이다. 	The origins of this vampire fantasy go back to remote antiquity. Many countries have their own accounts of vampires: the Chinese vampire (the jiangshi) is said to work magic by moonlight, and the Mexican vampire is notable for being nothing but bones. A clue can be found on a prehistoric jar discovered in Persia (today's Iran), which shows a man fighting a monster that is trying to suck his blood. The Babylonian myth of Lilitu (a demon known to feed on the blood of infants), comparatively recent at only a few thousand years old, is another clue. Travelers who visited Transylvania (in today's Romania) in the 16th century brought back strange and terrifying tales. Every night, they said, monsters left their lairs to feast on human blood, and these monsters were neither alive nor dead.
흡혈귀의 전설에는 두가지 관념이 깔려있다. 첫째, 악령이 사악한 목적을 위해 시체를 이용한다는 것이고 둘째, 죽은자가 너무 사악하기 때문에 저승으로 가지 못하고 자신의 시체이 남아 흡혈귀가 된다는 것이다.이런 괴물들 - 흡혈귀 - 의 전설은 나라마다 있지만, 대부분은 동유럽에서 생겨났다. 루마니아, 러시아,알바니아, 모라비아 등의 나라에는 흡혈귀들의 전설이 많이 있고, 그들의 능력 또한 다양하다. 희생자들의 피를 빨아먹은 탓에 초인적인 힘을 갖고 있고, 박쥐나 늑대 등과 같은 동물로 변신할수도 있으며 야간 생물을 지배하는 힘을 갖는 것으로 되어있다. 흡혈귀가 되는 과정도 나라마다 차이는 있지만, 가장 흔한 방법은 흡혈귀의 희생자가 되는 것이다. 흡혈귀에게 피를 뺏기면 희생자는 죽게되며, 죽어서 그 자신도 흡혈귀가 되어 밤에 돌아다니는 신세가 된다. 	Two ideas underlie the vampire legend. First, that evil spirits use corpses for wicked purposes; and second, that some of the dead are so wicked they cannot pass on to the next world and remain in their corpses as vampires. Legends of these monsters - vampires - exist in every country, but most arose in Eastern Europe. Countries such as Romania, Russia, Albania and Moravia have many vampire legends, and the powers they give vampires are just as varied. Having drunk their victims' blood, vampires possess superhuman strength, can change into animals such as bats and wolves, and hold power over the creatures of the night. How one becomes a vampire differs from country to country, but the most common way is to fall victim to a vampire. A victim whose blood is taken by a vampire dies, and in death becomes a vampire too, doomed to roam the night.
흡혈귀는 망령 또는 '육신안으로 돌아온' 망령들이지, 유령이나 악마는 아니다. 그리고, 밤이면 무덤에서 나와 살아있는 인간의 피를 빨아먹으며 사후에도 존재를 이어가고, 그 희생자 역시 죽은 후에 흡혈귀가 되어 또다시 새로운 희생자를 찾아나선다. 	Vampires are revenants, dead souls who have 'returned into the flesh', not ghosts or demons. They leave their graves at night and suck the blood of the living, going on existing after death, and their victims too become vampires after death and go out in search of new victims.
이들은 언데드 몬스터라고 해도 원래 인간이었기 때문에 외견상으로는 거의 인간과 차이가 없다. 그러나 일반적으로 손톱이 길고 흉측하게 구부러져 있으며, 손바닥에 털이 나 있고, 피부는 팽팽하고 붉으며, 입에서는 피가 뚝뚝 떨어진다고 알려져 있다. 그리고 뱀파이어는 거울에 모습이 비치지 않는 특징이 있다. 이들은 매장한지 몇 주가 지나도 부패하지 않으며 머리카락이 비정상적으로 자란다. 눈썹 역시 더부룩하며 손바닥에도 터럭이 나 있다. 루마니아의 흡혈귀는 때로 털로 뒤덮이 짧은 꼬리가 달려 있는데, 화를 내면 부풀어오르는 이 꼬리에 초자연적인 힘이 들어 있다고 믿었다. 	Although they are undead monsters, they were originally human, so outwardly they look almost no different from people. They are generally said, however, to have long, hideously curved fingernails, hair on their palms, taut red skin, and blood dripping from their mouths. Vampires also cast no reflection in a mirror. They do not decay even weeks after burial, and their hair grows abnormally. Their eyebrows are bushy and hair grows even on their palms. Romanian vampires sometimes have a short, hair-covered tail, and it was believed that this tail, which swells when they are angry, holds supernatural power.
대개의 흡혈귀는 희생자를 물지 않고 피부의 털구멍을 통해 피를 빠는 것을 더 좋아한다는 이야기도 있다. 무덤 근처에 있는 작은 구멍도 하나의 증거가 된다. 안개로 변신한 흡혈귀가 이 구멍을 통해 무덤을 빠져 나온다고 여긴 것이다. 몇 백년 된 뱀파이어는 혼자 있는 경우가 많지만, 이제 막 뱀파이어가 된 뱀파이어는 집단으로 나타나는 경우가 많다. 	Some say that most vampires prefer not to bite their victims but to suck blood through the pores of the skin. Small holes near graves are taken as further evidence: people believed that a vampire turned into mist and slipped out of its grave through them. Vampires several hundred years old are usually alone, but newly made vampires often appear in groups.
- 루마니아의 흡혈귀 전설 	- Vampire legends of Romania
루마니아에는 흡혈귀에 관한 전설이 유난히 많다. 오래된 민화 속에 <흡혈귀가 풀밭의 풀잎처럼 득실거려, 밤마다 사람들의 생피를 빨았다> 라고 씌어져 있다. 옛날, 이 나라 사람들의 흡혈귀에 대한 두려움은 굉장한 것이어서, 죽은 사람을 매장하고도 수시로 파보아, 흡혈귀가 되지않았나 살펴보았다고 한다. 또한 이 나라의 흡혈귀에는 두 종류가 있는데, 살아 있는 동안에 흡혈귀가 되는 것과 시체에서 흡혈귀가 되는 것이 있었다고 한다. 	Romania has an unusually large number of vampire legends. An old folk tale says that "vampires swarmed like blades of grass in a meadow and sucked people's living blood every night." Long ago the people of this country feared vampires so much that even after burying the dead they would dig them up from time to time to see whether they had become vampires. Vampires here are also said to come in two kinds: those who become vampires while still alive, and those who rise as vampires from a corpse.
- 체코슬로바키아의 흡혈귀 전설 	- Vampire legends of Czechoslovakia
1591년 시레지아 지방의 어느 마을에서 구두 수선공이 자살했다. 이 지방에서는 자살한 사람은 흡혈귀가 된다고 믿었기 때문에 시체는 토막을 내어 불에 태우는 것이 관습 이었다. 그러나 수선공의 아내가 자살이 아니라고 우겨 시체를 땅에 매장했다. 그런데, 이 시체가 되살아나 마을에 나타나는 소동이 벌어졌다. 마을 사람들이 당황해서 무덤을 파헤치고 관을 열어보니, 그의 심장은 생생했으며 얼굴에는 핏기가 남아 있었다고 한다. 	In 1591 a shoemaker killed himself in a village in the region of Silesia. People there believed that suicides became vampires, so it was the custom to cut the body into pieces and burn it. But the shoemaker's wife insisted it had not been suicide, and the body was buried in the ground. Then the corpse came back to life and began appearing in the village, causing an uproar. When the alarmed villagers dug up the grave and opened the coffin, they found his heart still fresh and color still in his face.
오랜 옛날부터 끊이지 않는 인간괴물 출현설 중의 하나가 모습이 동물로 변하는 인간이다. 늑대인간 외에 동물의 특성도 지역에 따라 다를 수밖에 없다 늑대인간의 출현사레는 대부분 유럽에서 보고된 것이었다. 역사상 늑대인간에 관한 이야기는 엄청나게 많다. 그런 이야기가 가장 많이 떠돌던 1520년부터 1630년 사이에 프랑스에서만 무려 3만 여건의 사례가 기록돼 있을 정도였다. 늑대인간을 조사하던 사람들은 점차 그들이 낭광이라는 정신질환을 앓고 있다고 여기게 되었다. 이들 정신질환자들은 보통 정신적으로 비정상적이거나 환각제의 영향을 받아 자신들이 정말 외형을 바꿀 수 있다고 믿었다. 	Among the tales of human monsters that have never died out since ancient times is that of people who change into animals. Apart from the werewolf, the animal naturally varies from region to region, but most reported werewolf sightings came from Europe. History holds an enormous number of werewolf stories. Between 1520 and 1630, when such tales circulated most widely, some 30,000 cases were recorded in France alone. Those investigating werewolves gradually came to believe that they suffered from a mental illness called lycanthropy. These patients, usually mentally disturbed or under the influence of hallucinogens, believed they could truly change their shape.
흡혈 박쥐는 먹이를 씹을 필요가 없기 때문에 다른 박쥐에 비해 이빨의 수가 적다. 흡혈 박쥐는 먹이를 구하지 못한 박쥐에게 피를 되뿜어 줌으로써 같은 공동체의 박쥐들끼리 서로 돕는다. 흡혈 박쥐는 피를 빨아 마시지 않는다. 먹이를 작게 절개해서 피를 핥는다. 보통의 흡혈박쥐과 다른 거대한 박쥐도 있다. 날개를 펼치면 30센티 정도 되는 것이 보통의 박쥐이지만, 에슬리안 지방에 나오는박쥐는 그 크기가 1미터 정도라고 한다. 박쥐는 어두운 곳을 좋아하여 주로 밤에 활동한다. 던전 등의 어두운 장소에서 서식하고 있는 박쥐는 시간 등에 구애받지 않고 행동한다. 한 마리 한 마리는 별로 강하지 않지만 여러 마리가 함께 공격해 오는 경우도 있으니 조심해야 한다. 실제로 약한 상대에게 뜻밖에 고전을 면치 못하는 경우가 많다. 에슬리니아에 사는 흡혈 박쥐가 뱀파이어로 모습을 변신한 경우가 있으므로 조심해야 한다. 	Because vampire bats have no need to chew their food, they have fewer teeth than other bats. Vampire bats help one another within a colony by regurgitating blood for bats that failed to find food. Vampire bats do not suck blood; they make a small cut in their prey and lap up the blood. There are also giant bats quite unlike ordinary vampire bats. An ordinary bat has a wingspan of about 30 centimeters, but the bats found in the Eslanian region are said to measure about a meter. Bats like dark places and are mostly active at night. Bats living in dark places such as dungeons act without regard to the time of day. One by one they are not very strong, but they sometimes attack in numbers, so be careful. In fact, many people find themselves struggling unexpectedly against such weak foes. Be careful too, because vampire bats living in Eslania have been known to take the form of vampires.
흡혈귀와 가장 흡사한 역사상의 인물은 지금의 루마니아에 속하는 고대 왕국 왈라키아의 왕자인 블라드 테페스이다. 블라드는 두 개의 별명을 가지고 있었는데 그 중 하나는 테페스(말뚝으로 박는 자)요, 또 하나는 드라큘라(악마 또는 용을 의미하는, 그의 아버지의 이름 드라큘의 지소사-서양에서 용은 불길한 짐승이다)였다. 	The historical figure who most resembles a vampire is Vlad Tepes, prince of Wallachia, an old kingdom now part of Romania. Vlad had two nicknames: one was Tepes (the Impaler), the other Dracula (a diminutive of his father's name, Dracul, meaning devil or dragon; in the West the dragon is a beast of ill omen).
흡혈귀 드라큘라 전승의 조상이라는 설이 나도는 꼬챙이 살인자 왕 블라드는 왈라키아라고 하는 작은 공국의 왕이었다. 1430년 경에 태어나 생애의 대부분을 터키군과의 전투로 보냈고, 항상 용감하고 지략이 뛰어났다. 	Vlad the Impaler, rumored to be the ancestor of the Dracula legend, ruled a small principality called Wallachia. Born around 1430, he spent most of his life fighting the Turks and was always brave and resourceful.
한편 이 인물은 역사상 드물게 보이는 괴물의 한 사람이었다. 인간이 서서히 목숨이 끊어지는 과정을 보는 것이 최고의 쾌락이었다. 성적 쾌락도 있었음이 틀림없다. 1457년, 트란실바니아 지방에 전격적으로 침입한 이 드라큘라 꼬챙이 살인자 왕은, 남녀로서 가릴 것 없이 많은 포로를 붙잡아 왈라키아로 연행하였다. 꼬챙이로 찔러 죽임으로써 실컷 즐기는 것이 그의 목적이었다. 항문이나 여성의 성기에 나무 꼬챙이를 아래쪽에서 집어 넣는다. 처형자가 꼬챙이 위에 걸린 형상이다. 꼬챙이는 처형자의 체중에 의해서 서서히 몸속으로 들어간다. 그는 꼬챙이 끝을 뾰족하게 해서는 안된다고 명령하였다 그래야만 처형자의 목숨이 오래 간다. 1460년 경, 색슨계의 상인 그룹과 정책상의 충돌이 일어났을 때 그들은 꼬챙이로 찔러서 대량 처형하였다. 그뿐 아니라 400명의 도제(徒弟)를 산채로 태워 죽이기도 하였다. 꼬챙이 찌르기 형벌은 식사 때의 여흥으로 하였다. 어느 러시아 귀족이 피냄새에 비위가 상하여 손으로 코를 막은 것이 블라드의 기분을 거슬리게 했다. 즉시 이 귀족은 특별히 긴 꼬챙이에 희생되어 목숨을 잃었다. 블라드는 영내에 거지와 병자들이 많은 것을 보고 화가났다. 이들을 모두 식사에 초대하였다. 건물에 그들 모두를 가두고 불을 질렀다. 블라드는 헝가리에서 12년간 유폐생활을 겪은 일이 있다. 이 동안에는 꼬챙이 찌르기를 충분히 즐길 수가 없었다. 그는 동물을 학대해서 기분전환을 하였다. 꼬챙이 살인자 왕 블라드는 1476년에 터키군과의 전투에서 목숨을 잃었는데, 자기편에서 죽인 것으로 전해지고 있다. 	Yet he was also one of the rare monsters of history. His greatest pleasure was watching a human life slowly ebb away. There must have been sexual pleasure in it too. In 1457, after a lightning raid into Transylvania, Dracula the Impaler seized many prisoners, men and women alike, and carried them off to Wallachia. His aim was to amuse himself to the full by impaling them. A wooden stake was inserted from below into the anus or a woman's genitals, so that the condemned was left hanging on top of the stake. The stake slowly worked its way into the body under the victim's own weight. He ordered that the tips of the stakes must not be sharpened, for only then would the condemned live longer. Around 1460, when a policy dispute arose with a group of Saxon merchants, he had them impaled en masse. Not only that, he had 400 apprentices burned alive. Impalings were staged as entertainment at mealtimes. Once a Russian nobleman, sickened by the smell of blood, held his nose, which displeased Vlad. The nobleman was at once impaled on an especially long stake. Vlad was angered to see so many beggars and sick people in his lands. He invited them all to a feast, locked them all inside the building and set it on fire. Vlad spent 12 years in confinement in Hungary. During that time he could not indulge in impaling as much as he liked, so he amused himself by torturing animals. Vlad the Impaler lost his life in battle against the Turks in 1476, reportedly killed by his own side.
또한 15세기 독일 뉴른베르그의 출판물에는 블라드 4세에 대해 다음과 같이 기록되어 있다. 	A 15th-century publication from Nuremberg, Germany, also describes Vlad IV as follows.
"왈라키아국의 블라드 4세는 피에 굶주린, 꼬챙이 인간 드라큘라 공이있다. 악귀와 같은 드라큘라공은 잔인무도하게도 산 사람의 등을 나무꼬챙이나 쇠꼬챙이로 찔러죽인 다음 손발을 자르고 머리털을 뽑고 전신을 토막내었다. 그리고 머리는 큰 솥에다 삶고 살덩이는 로스트 햄으로 만들어, 아이의 시체는 어미에게 먹이고 도끼로 절단한 병사의 손발은 동료 병사에게 먹이면서 이를 즐겼다. 무수한 남녀의 토막 시체가 정원에 널부러져 있고 그 피 냄새에 숨이 막힐 지경이었다. 또한 살아있는 채로 꼬챙이에 찔린 사람들은 성 밖에 죽 세워져 새와 개의 밥이 되었다. 그야말로 악귀의 화신인 드라큘라공은 이 지옥과 간은 광경을 바라보며 식사를 즐기는 괴벽을 갖고 있었다." 	"Vlad IV of Wallachia is Prince Dracula, the bloodthirsty impaler of men. This fiendish Prince Dracula cruelly impaled living people through the back on stakes of wood or iron, then cut off their hands and feet, tore out their hair and hacked their whole bodies to pieces. He boiled their heads in great cauldrons and made their flesh into roast ham, fed the bodies of children to their mothers, and fed the limbs of soldiers hewn off with axes to their comrades, delighting in it all. Countless dismembered bodies of men and women lay strewn across the garden, and the stench of blood was suffocating. Those impaled alive were set up in rows outside the castle to become food for birds and dogs. Truly the incarnation of a fiend, Prince Dracula had the perverse habit of enjoying his meals while gazing upon this hellish scene."
- 멕시코의 흡혈귀 전설 	- Vampire legends of Mexico
멕시코에는 시나데데오, 혹은 친파피친이라고 불리우는 흡혈귀의 이야기가 전해진다. 아이가 낳다가 죽은 여인이 이 흡혈귀가 된다고 하며, 하늘을 날수도 있고 아이들에게 경기를 일으키거나 열병을 앓게도 한다. 흔히 네거리 한복판에 나타나며 마의 잔치를 열어 송장들을 불러낸다. 한편, 시나데데오는 마법의 빗자루를 갖고 있으며 그녀의 옷에는 해골이 그려져 있다고 한다. 밤에 만나는 사람을 예고없이 습격하는 위험한 존재라고 한다. 	In Mexico there are tales of a vampire called the Cihuateteo, or Cihuapipiltin. Women who died in childbirth are said to become this vampire; it can fly, and it gives children fits or fevers. It usually appears in the middle of crossroads, where it holds demonic feasts and summons the dead. The Cihuateteo is also said to own a magic broom, and her clothes are painted with skulls. She is a dangerous being who attacks anyone she meets at night without warning.
- 아라비아의 흡혈귀 전설 	- Vampire legends of Arabia
아라비아의 흡혈귀는 거의 여자로서, 외딴 움막집에 살고 있다. 이 흡혈귀는 반은 인간이고 절반은 요괴 같은 존재로서, 밤이 되면 묘지에 나타나 새로 만들어진 무덤을 파헤치고, 시신의 살과 피를 먹고 마신다고 한다. 또는 길잃은 나그네가 있으면, 교묘하게 흘려서 그 살을 뜯어먹고, 피를 마신다. 신기한 것은, 이 흡혈귀는 사람으로 둔갑하고 아이도 낳는다. <아라비안 나이트>의 이야기속에는 죽은 자의 피를 마시다가 남편에게 들키는 흡혈귀의 이야기가 나온다. 	Arabian vampires are almost always female and live in lonely huts. Half human and half demon, this vampire appears in graveyards at night, digs up freshly made graves and feeds on the flesh and blood of the dead. Or, finding a lost traveler, she cunningly bewitches him, tears at his flesh and drinks his blood. Strangely, this vampire can take human form and even bear children. Among the tales of "The Arabian Nights" is the story of a vampire caught by her husband while drinking the blood of the dead.
1. ASANBOSAM     아프리카에서 발견되는 뱀파이어로, 깊은 산에 살고 있으며, 그곳에서 사냥꾼들과 자주 마주친다고 한다. 보통 사람들과 같은 모습이나, 이빨과 다리가 철과 갈고리 모양이다. 그가 살고 있는 곳을 지나는 사람은 그의 다리로 퍼올려져서 죽음을 당했다.  	1. ASANBOSAM     A vampire found in Africa, it lives deep in the mountains and is said to meet hunters there often. It looks like an ordinary person, but its teeth and legs are made of iron and shaped like hooks. Anyone who passed by where it lived was scooped up by its legs and killed.
2. BRAHMAPARUSH  인디아의 뱀파이어인 이들은 인간의 모습을 하길 즐긴다. 이들은 희생자의 두개골을 통해 피를 마시고, 그 뇌를 먹은 후 마지막으로 희생자의 창자를 자신의 몸에 두르고, 종교적인 의식의 춤을 춘다.  	2. BRAHMAPARUSH  These vampires of India like to take human form. They drink their victim's blood through the skull and eat the brain, and finally wrap the victim's intestines around their own bodies and perform a ritual dance.
3. CHORDEWA      ORAONS에서 발견되는 마녀인 CHORDEWA는 자신의 영혼을 흡혈 고양이속으로 바꾸어 넣는다. 이 고양이가 누군가의 입술을 핥으면 그 사람은 곧 죽게 된다고 알려져 있다.  	3. CHORDEWA      The CHORDEWA, a witch found among the ORAONS, puts her soul into a vampire cat. It is said that anyone whose lips this cat licks will soon die.
4. DEARG-DUE  아일랜드에서 "RED BLOOD SUCKER(붉은 피를 빠는 사람)"으로 불리운다. 켈트 족이 살던 시대의 고대 뱀파이어는 두려운 존재였으며, 그들을 막는 방법은 그들의 무덤으로 추정되는 무덤 위에 돌더미를 쌓는 것이었다.  	4. DEARG-DUE  In Ireland it is called the "RED BLOOD SUCKER". The ancient vampires of Celtic times were greatly feared, and the way to stop them was to pile stones on the graves believed to be theirs.
5. ERETICA  러시아 뱀파이어인 ERETICA는 보통, 죽음으로 되돌아온 이단자로 간주되고 있다. 이들은 일반적으로 영혼을 판 여성으로 알려져 있으며, 누더기를 걸친 늙은 여성의 모습으로 되돌아 온다. 그들의 눈을 보고 나면, 천천히 죽음 속으로 파져들게 된다고 한다.  	5. ERETICA  The ERETICA, a Russian vampire, is usually regarded as a heretic returned from death. They are generally known as women who sold their souls, and they come back in the shape of old women in rags. It is said that anyone who meets their gaze slowly sinks into death.
GAYAL  인디아의 뱀파이어로, 죽었을 때 아무도 매장의식을 치루어 주지 않으면 GAYAL이 된다. 그들은 자신의 친척들이나 자식들에 대한 복수심을 갖고 돌아온다고 하며, 이들로부터 안전해 지기 위해서는 GAYAL이 된 사람의 장례의식을 제대로 치루어 주어야만 한다.  	GAYAL  A vampire of India: one who dies without anyone performing the burial rites becomes a GAYAL. They are said to return seeking vengeance on their relatives or children, and to be safe from them one must perform proper funeral rites for the one who became a GAYAL.
JIGARKHWAR  이들은 여성 뱀파이어 마법사들로, 인디아의 SIND지방에서 발견된다. 그녀들은 뚫어져라 째려보거나 다양한 주문을 거는 방법으로, 사람들의 간을 밖으로 끌어내어 뽑아낸다. 그들은 희생자가 죽자마자 그 간을 불 위에서 요리한 후 먹는다.  	JIGARKHWAR  These are female vampire sorcerers found in the SIND region of India. By staring fixedly or casting various spells, they draw people's livers out of their bodies. As soon as the victim dies, they cook the liver over a fire and eat it.
KUANG-SHI  중국의 뱀파이어로, 죽은 사람 마음속에 있는 흉폭한 잠재의식이 원인이 되어 생긴다. 그들은 나이많은 KUANG-SHI들이 가르쳐주는 새로운 기술을 이용해 사람들을 공포에 질리게 하며 나타난다.  	KUANG-SHI  A Chinese vampire, born of the violent subconscious lurking in the mind of the dead. They appear and terrify people with new techniques taught them by older KUANG-SHI.
LAMIA  아프리카 북부의 리비아 여성 뱀파이어이다. 전설에 따르면, 리바아의 한 여왕이 여신 헤라에게 미움을 사서 살해당했는데, 그에 대한 복수심으로 어린아이들을 먹으러 다닌다고 한다. 또한 이들은 남성들을 유혹하여, 무시무시한 형태로 집어 삼킨다고 알려져 있다.  	LAMIA  A female vampire of Libya in North Africa. According to legend, a queen of Libya incurred the hatred of the goddess Hera and was killed, and in revenge she goes about devouring small children. They are also said to seduce men and devour them in a hideous form.
MASAN  '아이들의 망령'이라 불리우는 인디아의 뱀파이어이다. 이들은 어린아이들을 괴롭히고 죽이는 것을 즐기며, 자신의 그림자 위를 걸어가는 아이들에게 주문을 걸 수 있다. 또한 자신의 그림자 위에서 겉옷을 끌며 지나가는 여성이 있으면 집으로 쫓아간다고 한다.  	MASAN  A vampire of India called 'the ghost of children'. They delight in tormenting and killing small children and can cast spells on children who walk over their shadows. They are also said to follow home any woman who trails her garment over their shadow.
NOSFERATU  루마니아의 뱀파이어로, 사생아로 태어난 사람이 또 사생아를 낳았을 경우 생긴다. 매장되자마자 파괴적인 길로 들어선, 이들은 사람들을 괴롭히고, 난폭한 술잔치를 벌이는 것을 좋아한다. 자식을 가질 수 있으며, 신혼부부들을 미워한다.  	NOSFERATU  A Romanian vampire, created when a person born out of wedlock fathers another child out of wedlock. Set on a path of destruction as soon as they are buried, they enjoy tormenting people and holding wild drinking orgies. They can have children, and they hate newlyweds.
PELESIT  이들은 말레이시아 뱀파이어로, 사람의 몸 속으로 들어가, 병과 죽음을 불러 일으킨다. 희생자들은 악령이 붙어있는 동안 고래고래 소리를 지르고 야단법석을 떨게 된다.  	PELESIT  These Malaysian vampires enter people's bodies and bring sickness and death. While the evil spirit clings to them, the victims scream at the top of their lungs and rave wildly.
RAKSHASA  인디아의 뱀파이어인 RAKSHASA 는 아름다운 여성의 모습으로 남자들을 유혹하며 죽음에 이르게 한다. 이들은 나무 안에서 살며, 길 잃은 사람들을 끌어들여 구토가 나게 하고 불구가 되게 한다. 어린아이가 사람의 뇌를 먹게 되면 이것으로 변하게 된다.  	RAKSHASA  The RAKSHASA, a vampire of India, lures men to their deaths in the form of a beautiful woman. They live in trees, draw in lost travelers, make them vomit and cripple them. A child who eats a human brain turns into one.
VARACOLACI  루마니아 뱀파이어로, 매우 강력한 힘을 가지고 있다. 일식과 월식을 통해 힘을 얻으며, 창백하고 마른 피부를 가진 사람의 모습이다. 이들은 별모양의 실을 통해 이동하며, 끊어지지 않는 실을 통해 원하는 곳까지 얼마든지 이동할 수 있다.  	VARACOLACI  A Romanian vampire of very great power. It draws strength from solar and lunar eclipses and looks like a person with pale, dry skin. They travel along star-shaped threads, and by a thread that never breaks they can travel as far as they wish.
ZMEU  몰다비아에서 발견되는 뱀파이어인 ZMEU는 불의 형태를 하고 있으며, 소녀들이나 과부들의 방으로 들어간다. 이 불은 방에 들어가면 남성으로 변하여 여성을 유혹한다.  	ZMEU  The ZMEU, a vampire found in Moldavia, takes the form of fire and enters the rooms of girls and widows. Once inside, the fire turns into a man and seduces the woman.
동유럽에서 나온 괴물로, 밤에 무덤에서 나와 살아 있는 사람의 피를 빨아먹는다는 악귀(惡鬼)이다. 영어로 '뱀파이어(vampire)'라고 하며 흡혈박쥐의 뜻으로도 사용된다. 흡혈귀 신앙은 멀리 고대에서부터 있었으며, 뱀파이어라는 말은 터키어(語)의 'uper(요술사 ·마녀)'와 리투아니아어인 'wempti(마시다)'의 합성어로 보고 있다. 고대 바빌로니아에서는 수백 명의 악마 중에 뱀파이어가 포함되어 있으며, 드라큐라의 무대가 되는 루마니아와 발칸 지방과 중국, 스코틀랜드, 터키 등에도 뱀파이어의 전설이 남아 있다. 	A monster from Eastern Europe, an evil spirit said to leave its grave at night and suck the blood of the living. In English it is called a 'vampire', a word also used for the vampire bat. Belief in vampires goes back to remote antiquity, and the word vampire is thought to combine the Turkish 'uper' (sorcerer, witch) and the Lithuanian 'wempti' (to drink). In ancient Babylonia vampires were counted among hundreds of demons, and vampire legends survive in Romania and the Balkans, where Dracula is set, as well as in China, Scotland, Turkey and elsewhere.
뱀파이어란 인간과 같은 육체를 가지며, 무덤에서 일어나 살아 있는 인간의 피를 빨아서 그 생명력을 빼앗는 죽은 자들을 일컫는 말이다. 뱀파이어는 늑대 인간이나 몽마, 악마 등과 혼동되기 쉽다. 하지만 늑대인간과의 다른점은 산 자와 죽은 자의 차이 및 인육을 먹느냐 피를 빠느냐의 차이가 있고, 몽마나 악마와 차이점은 원래가 인간이었는가 아닌가 하는 데 차이가 있다. 뱀파이어의 영혼에 대해서는 시체에 들어간 악마라는 설도 있지만, 일반적으로는 죽은 자의 영혼이 그 자신의 몸에 들어간 것으로 본다. 	A vampire is one of the dead who has a body like a human's, rises from the grave and sucks the blood of the living to steal their life force. Vampires are easily confused with werewolves, incubi, demons and the like. But they differ from werewolves in being dead rather than living and in drinking blood rather than eating human flesh, and they differ from incubi and demons in having originally been human. Some hold that a vampire's soul is a demon that has entered a corpse, but it is generally held to be the dead person's own soul returned to its body.
뱀파이어는 인간의 시체가 움직이는 언데드 몬스터이다. 이 점은 드라큐라가 낮 동안 관에서 자고 있는 것을 봐도 알 수 있다. 오랜세월을 살아왔기 때문에 지식 수준은 높으며 강력한 마법도 사용할 수 있다. 보통의 뱀파이어가 사용하는 마법은 자신의 모습을 박쥐나 늑대로 변하게 하는 것과 이성을 매료시키는(CHARM) 것으로 변하게 만드는 것이다. 뱀파이어가 인간을 매료시킨다는 이야기는 드라큐라 소설 속에서 찾을 수 있다. 	A vampire is an undead monster, a human corpse that moves. This is clear from the way Dracula sleeps in his coffin by day. Having lived for ages, vampires are highly knowledgeable and can use powerful magic. The magic an ordinary vampire uses lets it change its own shape into a bat or a wolf, or charm (CHARM) members of the opposite sex. The story of vampires charming humans can be found in the novel Dracula.
뱀파이어와 어둠의 산물인 다른 초자연적 존재를 구분하는 기준은 전자의 경우, 살기 위해서 살아 있는 존재의 피를 마셔야 한다는 점이다. 그들에게 있어서 피는 생명력을 상징하는 고귀한 액체이며, 그것을 잃는다는 것은 곧 치명적인 위험을 의미하기 때문이다. 	What sets vampires apart from the other supernatural creatures of darkness is that vampires must drink the blood of living beings to survive. To them blood is a precious fluid that symbolizes life force, and losing it means mortal danger.
18세기 베네딕트회(會)의 수사(修士) 오규스탄 카르메의 《유령개론(幽靈槪論)》에는 흡혈귀에 관한 많은 자료가 수록되어 있다. 예로부터 흡혈귀에 관한 전설과 그 실례가 많이 알려져 있으나, 근대에 와서는 주로 낭만파(浪漫派) 문학자가 이 주제를 다루었다. J.W.괴테 ·노디에 ·고골리 등도 흡혈귀를 소재로 한 소설을 썼지만, 가장 널리 알려진 것은 B.스토커의 괴기소설 《드라큘라》이다. 흡혈귀가 두려워하는 것은 십자가와 마늘이라고 하며, 죽어서도 저승으로 갈 수 없는 저주받은 악령인 흡혈귀를 멸망시키려면 그 심장에 쐐기를 박고 목을 잘라 그 시체를 불살라 버려야 된다고 믿었다. 	The "Treatise on Apparitions" by the 18th-century Benedictine monk Augustin Calmet contains a wealth of material on vampires. Legends of vampires and accounts of real cases have long been known, but in modern times the subject was taken up mainly by the writers of the Romantic school. J.W. Goethe, Nodier, Gogol and others wrote stories about vampires, but the best known is B. Stoker's horror novel "Dracula". Vampires are said to fear the cross and garlic, and it was believed that to destroy a vampire - an accursed evil spirit that cannot pass on to the next world even in death - one had to drive a stake into its heart, cut off its head and burn the corpse.
뱀파이어의 능력으로는 우선 변신능력을 들 수 있다. 늑대, 쥐, 고양이, 개구리등으로 변신할 수가 있으며 크기도 자유롭게 조절할 수가 있다. 이 능력 덕분에 어떠한 곳에도 침투할 수가 있으며 자신의 무덤을 파헤치지 않고도 관 밖으로 나올 수가 있는 것이다. 	Chief among a vampire's powers is shapeshifting. It can turn into a wolf, a rat, a cat, a frog and so on, and change its size at will. This power lets it get in anywhere, and even leave its coffin without digging its way out of the grave.
또한 뱀파이어는 늙지 않는다. 시체이기 때문에 나이를 먹지 않는 것은 당연한지도 모르지만, 시체라면 당연히 일어나야 할 부패 현상도 일어나지 않는다. 이들의 무덤을 파헤쳐보면 마치 살아서 잠들어 있는 것 같은 상태로 관 속에 누워 있다. 그리고 가장 무서운건 오랜 세월을 살아 왔기 때문에 지식의 정도가 일반 사람을 능가하며 강력한 힘과 저주를 가지고 있다는 것이다. 또한 엄청난 카리스마의 소유자이기 때문에 이성을 트랜스 상태로 만들 수 있다고 한다. 	Vampires also do not age. Since they are corpses it may be only natural that they do not grow older, but neither do they suffer the decay that a corpse should. Dig up their graves and you will find them lying in their coffins as if alive and asleep. Most frightening of all, having lived so long, they surpass ordinary people in knowledge and possess great strength and curses. They are also said to have such tremendous charisma that they can put members of the opposite sex into a trance.
사실 전설상의 흡혈귀는 거미와 나비는 물론 어떤 동물로도 변신할 수 있고, 또 안개나 지푸라기로도 변신할 수 이다. 	In fact, the vampire of legend can turn not only into spiders and butterflies but into any animal at all, and even into mist or straw.
그들은 낮에는 자신의 관 속에 들어가서 자고 밤이 되면 일어나 집 안으로 숨어 들어가서는 자고 있는 사람의 피를 빨아먹는다. 그리고 피를 빨린 희생자도 죽은 다음에 뱀파이어가 되어서 새로운 희생자를 찾아 떠돌아다니게 된다. 피를 빠는 방법은 상대방을 목 졸라 죽인 다음 그 피를 빨기도 하고 자고있는 상대방의 피를 빨아먹기도 한다.뱀파이어가 피를 빠는 이유는 피가 생명력의 원천이므로 그 피 속에 포함되어 있는 상대의 생명력을 자기 것으로 만들어서 자신이 소멸하는 것을 방지하기 위해서이다. 뱀파이어에게 피를 빨리면 이빨 자국이 남는데 뱀파이어의 희생자들에게는 목 언저리에 두 개의바늘로 찌른 것 같은 상처가 있다고 한다. 	By day they sleep in their coffins; at night they rise, slip into houses and suck the blood of sleeping people. The victims whose blood is taken also become vampires after death and wander in search of new victims. Some vampires strangle their prey before drinking its blood, while others suck the blood of their victims as they sleep. Vampires drink blood because blood is the source of life force: by making the life force contained in the blood their own, they keep themselves from wasting away. A vampire's bite leaves tooth marks, and its victims are said to bear wounds like two needle pricks around the neck.
뱀파이어에게는 몇 가지 약점이 있다. 흡혈귀가 밤에만 나오고 새벽닭이 울기전에 무덤으로 돌아가야 한다는 점은 모든 지역에서 인정하는 사실이다. 우선 햇빛에 약하다. 햇빛에 노출되면 뱀파이어의 몸은 타버리고 물을 건널 수 없다. 또 흡혈귀는 성수 - 생명의 원천 - 와 성찬용 빵. 그리고 십자가를 무서워한다. 그리고 또 한 가지, 뱀파이어는 성스러운 금속인 은이 체내에 들어가면 죽는다. 또 한가지 신성을 모독하는 이 존재를 끝장내는 최선의 방법은 흡혈귀의 심장에 말뚝을 박는 것이다. 옛날 사람들은 흡혈귀를 단숨에 영원히 제거할 수 있는 유일한 길은 나무 말뚝을 심장에 박는 것이라고 얘기하고 있다. 뱀파이어가 자고 있는 사이에 심장에 나무 말뚝을 박는다는 것이 가장 일반적이다. 그러나 뱀파이어가 자고 있는 경우가 거의 없기 때문에 오히려 기습해 오는 경우가 더 많다. 이 때 뱀파이어의 심장에 말뚝을 박기란 거의 불가능하다. 뱀파이어에게 타격을 가하기 위해서는 마법 또는 마법이 걸린 무기를 사용해야만 한다. 은으로 만든 무기로 공격하면 작은 상처로도 뱀파이어를 죽일 수 있다. 흡혈귀는 보름달이면 흡혈욕구를 느끼며 은제 무기와 마법 무기에 상처를 입는다. 십자가, 성수도 퇴치방법중의 하나이다. 가장 확실한 방법은 흡혈귀를 햇빛에 노출시키는 것이라고 한다. 	Vampires have several weaknesses. Everywhere it is agreed that a vampire comes out only at night and must return to its grave before the cock crows at dawn. First of all, they are vulnerable to sunlight. Exposed to it, a vampire's body burns up, and they cannot cross running water. Vampires also fear holy water - the source of life - the communion bread, and the cross. And one thing more: a vampire dies if silver, the holy metal, enters its body. The best way to put an end to this blasphemous being is to drive a stake through its heart. People of old said the only way to be rid of a vampire forever at a single stroke was to drive a wooden stake into its heart. The most common method is to drive the stake into its heart while it sleeps. But vampires are rarely found asleep; far more often they strike first. At such times it is almost impossible to stake a vampire through the heart. To harm a vampire, one must use magic or enchanted weapons. When struck with a silver weapon, even a small wound can kill a vampire. At the full moon vampires feel the craving for blood, and they are wounded by silver and magic weapons. The cross and holy water are also among the means of driving them off. The surest method of all is said to be exposing the vampire to sunlight.
미신에서는 흡혈귀를 영원히 제거할 수 있는 유일한 길은 나무 말뚝을 심장에 박는 것이라고 한다. 러시아인들은 예수에 십자가에 쓰였던 미루나무를 사용한 데 반해, 다른 나라는 예수의 면류관을 참고해 산사나무를 선호했다. 달마티아와 알바니아의 아드리아해 연안에서는 사전에 성직자의 축성을 받은 단검이 무기였다. 루마니아에서 새벽 동이 틀 때 '대속죄'라는 것을 거행해야 했고, 집행자는 흡혈귀가 다시 살아나지 못하도록 말뚝을 단 한 번에 박아야 했다. 만약 그 시체가 재로 변하지 않으면 무덤 파는 일꾼이 쓰는 삽으로 머리를 자르고 나머지는 불태워 그 재를 바람에 날려 보내거나 네거리에 묻어야 했다. 	Superstition holds that the only way to be rid of a vampire forever is to drive a wooden stake into its heart. The Russians used aspen, the wood of Christ's cross, while other countries, mindful of the crown of thorns, preferred hawthorn. On the Adriatic coast of Dalmatia and Albania the weapon was a dagger blessed beforehand by a priest. In Romania a rite called the 'great atonement' had to be performed at the break of dawn, and the executioner had to drive in the stake with a single blow so that the vampire could not rise again. If the corpse did not turn to ash, its head was cut off with a gravedigger's spade and the rest was burned, and the ashes were scattered to the wind or buried at a crossroads.
캐릭터를 움직여 몬스터들을 잘 피해 START 지점에서 GOAL 지점까지 이동하여야 합니다. 	Guide your character from the START point to the GOAL point while staying clear of the monsters.
START 버튼을 누르면 게임이 시작됩니다.	Press the START button to begin the game.
MOVE 버튼을 누르면 캐릭터가 밟고 있는 화살표가 가리키는 방향으로 이동합니다.	Press the MOVE button and your character moves in the direction of the arrow it is standing on.
이동 후 한번에 한하여 시계방향과 반시계방향으로 화살표를 움직일 수 있습니다. 단 이때 모든 화살표가 동시에 같은 방향으로 회전하게 됩니다.	After each move you may turn the arrows clockwise or counterclockwise, once. Note that all arrows turn the same way at the same time.
몬스터들은 매 턴마다 화살표 방향으로 한 칸씩 움직입니다.	Every turn, each monster moves one tile in the direction of its arrow.
파란색 화살표에서는 곧바로 미끄러지게 됩니다. 붉은색 화살표에서는 한 턴을 쉬게 됩니다.	On a blue arrow you slide straight on. On a red arrow you lose a turn.
몬스터들과 만나게 되거나 더 이상 움직일 수 없게 되면 실패하게 됩니다.	You fail if you run into a monster or can no longer move.
전투 도움말	Combat Help
DKx Online에서는 슬레이어와 뱀파이어, 아우스터즈의 서로다른종족이 직업별로 다양한 기술과 마법등을 사용하여 다양한 전투를 하실 수 있습니다.	In DKx Online, three different races - Slayers, Vampires and Ousters - can fight in many ways, using the various skills and magic of each class.
슬레이어의 경우에는 무기를 장착하고 있지 않은 경우에는 캐릭터를 성장 시킬 수 없으며, 뱀파이어와 아우스터즈도 무기를 사용하나, 무기에 성장 여부를 	Slayers cannot grow their characters without a weapon equipped. Vampires and Ousters also use weapons, but their growth is not
제한 받지 않습니다.	restricted by them.
몬스터를 클릭하고 있으면 몬스터가 죽을때까지 계속해서 공격을 하며, Caps Lock버튼을 누른상태에서 클릭을 하면 주위 공격범위내의 몬스터를 자동으로 공격합니다.	Hold the mouse button on a monster to keep attacking until it dies. Click with Caps Lock on to automatically attack monsters within attack range around you.
깃발뺏기 이벤트 진행 방식	How the Capture the Flag Event Works
1. 깃발뺏기 이벤트가 시작되면 100개의 깃발이 림보, 에슬라니아, 드로베타, 페로나국도에 각각 흩어지게 됩니다. 이벤트가 시작되었다는 메세지를 확인하고 깃발을 모으기 시작합니다.	1. When the Capture the Flag event starts, 100 flags are scattered across Limbo, Eslania, Drobeta and Perona Highway. Watch for the message announcing the start of the event, then start collecting flags.
   지역별 리젠 깃발 개수	   Flags spawned per area
   * 림보지역      : 20	   * Limbo area              : 20
   * 에슬라니안 시 : 20	   * Eslania city            : 20
   * 드로베타 공단 : 20	   * Drobeta industrial zone : 20
   * 페로나 국도   : 40	   * Perona Highway          : 40
2. 깃발을 획득한 유저님은 자기 종족의 깃대까지 깃발을 운반한 뒤 깃대에 안착시켜야 합니다.	2. A player who picks up a flag must carry it to their own race's flagpole and plant it there.
   종족별 깃대 위치	   Flagpole locations by race
   * 슬레이어    : 에슬라니아 북서, 야전사령부 입구	   * Slayer  : Eslania Northwest, at the Field Headquarters entrance
   * 뱀파이어    : 림보성 남서, 림보성 남서 입구	   * Vampire : Limbo Castle Southwest, at the Limbo Castle southwest entrance
   * 아우스터즈  : 림보성 남동, 대지의 뿔 근처	   * Ousters : Limbo Castle Southeast, near the Earth Spirit Horn
3. 해당 필드에 뿌려진 깃발을 모두 회수했다면 이벤트가 종료되기 전까지 타 종족의 깃발이 보관되어 있는 깃대를 공격하여 깃발을 빼앗아 오도록 합니다. 그와 동시에 자기 종족의 깃대를 방어해야 합니다.	3. Once all the flags in the field have been collected, attack the flagpoles where the other races keep their flags and steal them back before the event ends. At the same time, defend your own race's flagpole.
4. 이벤트 시간이 모두 종료된 뒤 가장 많은 깃발을 획득한 종족은 승리하게 됩니다. 승리와 더불어 획득한 모든 깃발이 폭죽으로 변하여 터지게 되고 깃대 근처에 깃발 수만큼의 젬스톤이 뿌려지게 됩니다.	4. When the event time runs out, the race holding the most flags wins. On victory, every flag won turns into fireworks and goes off, and as many Gemstones as there were flags are scattered around the flagpole.
5. 젬스톤은 한 개 이상 획득하지 못하며 획득한 젬스톤은 해당 npc에게 가서 아이템으로 교환할 수 있습니다.	5. You cannot pick up more than one Gemstone. Take the Gemstone you picked up to the right NPC to exchange it for an item.
   종족별 젬스톤 아이템 교환 가능 NPC	   NPCs that exchange Gemstones for items, by race
   * 슬레이어   : 무사길드3층 코난	   * Slayer  : Conan, Warrior Guild 3F
   * 뱀파이어   : 림보성내부 브리콜라카스	   * Vampire : Vrykolakas, Inside Limbo Castle
   * 아우스터즈 : 아우스터즈마을 라비니아	   * Ousters : Lavinia, Ousters Village
6. 깃발 이동시 제한사항	6. Restrictions while carrying a flag
깃발 이동의 제한 사항은 다음과 같습니다. 특정한 스킬이나 능력등을 쓸 수 없습니다.	While you carry a flag the following restrictions apply: certain skills and abilities cannot be used.
 * 뱀파이어 : 래피드 글라이딩,인비지,하이드,블러디 제니스,	 * Vampire : Rapid Gliding, Invisibility, Hide, Bloody Zenith,
              Seal 사용하기,박쥐변신,늑대변신,소울체인	              using a Seal, Transform To Bat, Transform To Wolf, Soul Chain
 * 슬레이어 : 쉐도우 워크,스나이핑,오토바이 소환,	 * Slayer : Shadow Walk, Sniping, Summon Motorcycle,
              오토바이 타기, 헬기소환,소울체인	              riding a Motorcycle, Summon Helicopter, Soul Chain
 * 아우스터즈 : 서몬실프,대지정령 뿔타기	 * Ousters : Summon Sylph, riding the Earth Spirit Horn
또한 깃발을 들고는 자신의 안전지역에 들어갈 수 없습니다.	You also cannot enter your own safe zone while carrying a flag.
※ 같은 수의 깃발을 모았을 경우 최초 깃발을 깃대에 먼저 꽂은 종족이 승리하게 됩니다.	* If races collect the same number of flags, the race that planted its first flag on its flagpole earliest wins.
채팅 인터페이스(Chatting Interface)	Chatting Interface
게임내에서 다른 플레이어와 이야기 할 수 있도록 도와주는 인터페이스 입니다. 이 인터페이스를 통해서 화면내에 같이 있는 사용자, 같은 존 안에 있는 사용자, 다른 서버에 있는 사용자와 대화를 나눌수 있습니다.	This interface lets you talk with other players in the game. Through it you can talk with players on the same screen, players in the same zone and players on other servers.
채팅 인터페이스를 사용하는 방법	How to Use the Chatting Interface
채팅 모드는 일반채팅 모드와 엔터채팅 모드의 두가지 모드가 있으며, 옵션에서 선택하실수 있습니다.	There are two chat modes, Normal Chat mode and Enter Chat mode, which you can choose in the Options.
일반채팅 모드 : 항상 채팅창이 화면에 보이며 채팅을 입력 하실 수 있습니다.	Normal Chat mode: the chat window is always on screen and you can type at any time.
엔터채팅 모드 : 평상시에는 채팅을 하실 수 없으며, 엔터를 누르면 입력창이 나와서 채팅을 하실 수 있습니다.	Enter Chat mode: normally you cannot chat; press Enter to open the input box and chat.
채팅창의 끝을 클릭하여 크기를 줄이거나 늘릴 수 있고, 입력창 오른쪽에 반투명 버튼과 자동숨김 버튼으로, 반투명으로 보이게 하거나 현재 보이는 창을 활성화시키거나 숨길 수 있습니다.	Click the edge of the chat window to shrink or enlarge it. With the Translucent and Auto-Hide buttons to the right of the input box you can make the window translucent, or activate or hide the window currently shown.
엔터채팅 모드일때는 엔터를 눌러서 입력모드로 전환할때 창이 활성화 되며, 입력한 글이 없는 상태에서 한번 더 엔터를 입력하여 입력모드를 끝낼때 비활성화 됩니다.	In Enter Chat mode the window becomes active when you press Enter to switch to input mode, and inactive when you press Enter again with nothing typed to leave input mode.
일반채팅 모드일때는 글을 입력하면 활성화 되며, 글을 입력하신후 5초간 글의 입력이 없으면 비활성화 됩니다.	In Normal Chat mode the window becomes active when you type, and inactive after 5 seconds without typing.
 - 채팅 단축키 설명	 - Chat hotkeys
  일반 채팅 : Cntrol+C 일반 채팅 모드입니다. 화면 내의 플레이어와 대화를 하거나 볼 수 있습니다.	  Normal chat : Control+C  Normal chat mode. Talk with and read the players on your screen.
    존 채팅 : Cntrol+Z 존 채팅 모드입니다. 현재 캐릭터가 서 있는 존 내의 모든 플레이어와 대화가 가능하며 한번 입력후에는 15추후에 다시 입력 하실 수 있습니다.	    Zone chat : Control+Z  Zone chat mode. Talk with every player in the zone your character is in. After sending a message you must wait 15 seconds before sending again.
귓속말 채팅 : Cntrol+W 귓속말 채팅 모드로, 같은 서버뿐 아니라 다른 서버의 캐릭터와도 귓속말이 가능합니다. 이 채팅 모드를 활성화 시키고 귓속말을 보낼 상태의 캐릭터 명을 입력한 후, 엔터키를 눌러 대화를 작성합니다.	Whisper chat : Control+W  Whisper mode. You can whisper to characters on other servers as well as your own. Activate this mode, enter the name of the character to whisper to, then press Enter and write your message.
  파티 채팅 : 파티 채팅 모드입니다. 파티를 맺은 파티원들만의 대화가 가능합니다.	  Party chat : Party chat mode. Talk only with the members of your party.
  길드 채팅 : Cntrol+G 길드 채팅 모드입니다. 길드원들만의 대화가 가능합니다.	  Guild chat : Control+G  Guild chat mode. Talk only with your guild members.
 * 인터넷 공유를 사용하여 내부IP를 사용하는 컴퓨터에서는 귓속말과 파티채팅이 잘 전달되지 않을수도 있습니다.	 * On computers with a private IP behind a shared internet connection, whispers and party chat may not always get through.
각 채팅 모드 오른쪽으로 보이는 작은 원형 버튼들은 각 모드의 모든 대화를 보이거나 사라지게 합니다. 	The small round buttons to the right of each chat mode show or hide all the conversation in that mode.
 * 채팅입력창의 왼쪽의 버튼들로, 채팅칼라를 선택하거나, 특수문자를 삽입하거나, 한/영 전환을 할 수 있습니다.	 * With the buttons to the left of the chat input box you can pick a chat color, insert special characters or switch between Korean and English input.
다음은 대화창에 입력하는 명령들의 목록입니다.	The following commands can be typed in the chat box.
              외치기 : 현재 존에 있는 모든 사람에게 자신의 대화를 들리게 합니다. 채팅창 오른쪽의 ! 버튼을 클릭하셔도 됩니다.	              Shout : Everyone in the current zone hears what you say. You can also click the ! button to the right of the chat window.
                       ex> !할말	                       ex> !message
          귓속말하기 : 특정 사람에게만 들리도록 이야기할 수 있습니다. 채팅창 오른쪽의 귀모양 버튼을 클릭하시면, 이전에 보냈던 사람들의 목록이 제공되므로, 좀더 편하게 귓속말을 할 수 있습니다.	          Whisper : Talk so that only one person hears you. Click the ear-shaped button to the right of the chat window for a list of the people you whispered to before, which makes whispering easier.
                       ex> /아이디 할말	                       ex> /ID message
           대화 거부 : 특정 사람의 이야기를 듣지 않을 수 있습니다.	           Ignore : Stop hearing what a specific person says.
                       ex> @거부 아이디	                       ex> @ignore ID
      대화 거부 해제 : 특정 사람의 이야기 거부를 해제합니다.	      Stop ignoring : Hear a specific person again.
                       ex> @허용 아이디	                       ex> @accept ID
      모든 대화 거부 : 모든 사람들의 이야기를 듣지 않습니다.	      Ignore everyone : Stop hearing what anyone says.
                       ex> @거부	                       ex> @ignore
 모든 대화 거부 해제 : 모든 사람들의 이야기 거부를 해제합니다.	 Stop ignoring everyone : Hear everyone again.
                       ex> @허용	                       ex> @accept
         나쁜말 거부 : 욕과 같은 좋지 않은 말들을 제거합니다. 상대방이 욕을 할 경우 특수 문자로 표현됩니다.	         Language filter : Removes bad language such as swearing. When someone swears, it is shown as special characters.
                       ex> @바른말	                       ex> @filter
    나쁜말 거부 해제 : 나쁜말 거부를 해제합니다.(옵션에서도 선택하실 수 있습니다.)	    Filter off : Turns the language filter off. (You can also set this in the Options.)
                       ex> @뭐라고?	                       ex> @what?
클랜 인터페이스(Clan Interface)	Clan Interface
DKx Online에는 각 월드별로 많은 수의 클랜이 있습니다.	DKx Online has many clans on each world.
각 상황에 맞는 인터페이스를 사용함으로써 게임내에서 다양한 커뮤니티기능을 즐기실 수 있습니다. 	By using the interface that suits each situation, you can enjoy a variety of community features in the game.
클랜원은 클랜원끼리 클랜채팅을 이용해서 대화를 나눌 수 있으며, 자세한 도움말은 채팅도움말을 참고하시기 바랍니다.	Clan members can talk with each other using clan chat; see the Chat help for details.
클랜에 관한 처리를 해주는 NPC는 림보성 내부의 카콘, 라센성 내부의 아이만입니다.	The NPCs who handle clan matters are Kakon inside Limbo Castle and Aiman inside Rasen Castle.
클랜 인터페이스 사용하는 방법	How to Use the Clan Interface
1. 클랜 생성 방법	1. Creating a clan
  - NPC를 찾아가 클랜을 등록하겠다고 하면 클랜 마스터 요건이 충족된 자에 한해서 클랜 등록창이 나타나게 됩니다.	  - Visit the NPC and say you want to register a clan. If you meet the Clan Master requirements, the clan registration window opens.
  - 클랜 이름, 클랜 소개를 적어서 등록하면 일단 대기클랜으로 등록됩니다.	  - Enter a clan name and a clan introduction and register; the clan is first registered as a pending clan.
    (가입비처리는 게임내에서 자동으로 처리되지 않으며, 가입비를 받고 싶으신분은 소개란에 가입비를 적으시고, 개별적으로 게임내에서 받으시기 바랍니다.)	    (Joining fees are not handled automatically in the game. If you want to charge a joining fee, state it in the introduction and collect it from each applicant in the game yourself.)
  - 클랜 소개의 수정은 아직 지원되지 않으니, 작성하실 때 주의하시길 바랍니다. 	  - Editing the clan introduction is not supported yet, so write it carefully.
  - 정식클랜이 생성되기 위해서는 창설멤버가 신청자를 포함해서 5명이 필요하며, 창설멤버가 되길 원하시면 대기클랜 리스트에서 원하는 클랜을 선택하여 가입신청을 하시면 됩니다.	  - An official clan needs 5 founding members, including the applicant. If you want to be a founding member, select the clan you want from the pending clan list and apply to join.
  - 대기중인 클랜이 정식클랜으로 승인이 나면 신청자는 클랜마스터가, 창설멤버는 부클랜마스터가 됩니다.	  - When a pending clan is approved as an official clan, the applicant becomes Clan Master and the founding members become Sub-Masters.
  - 클랜마스터는 클랜원 추방, 가입대기자 허가/거부를 할수 있으며 부클랜마스터는 가입대기자 허가만 할 수 있습니다.	  - The Clan Master can expel members and accept or deny applicants; Sub-Masters can only accept applicants.
  - 클랜 마스터 요건	  - Clan Master requirements
  레벨50이상, 1억 겔드	  Level 50 or higher, 100,000,000 geld
  - 창설멤버 요건	  - Founding member requirements
  레벨 40 이상, 5천만 겔드	  Level 40 or higher, 50,000,000 geld
2. 클랜 마크 등록방법	2. Registering a clan mark
  - 클랜 생성 및 삭제를 반복하다 보면 자동으로 대기 클랜에 마크가 나옵니다.	  - A mark appears on pending clans automatically as clans are created and deleted.
3. 클랜정보및 길드원 보기	3. Viewing clan info and members
  - 메인 인터페이스의 Clan탭을 선택하면 클랜정보와 클랜원리스트를 확인할 수 있는 버튼이 있어 자신의 클랜에 대한 정보와 자신의 클랜에 포함되어 있는 클랜원들을 확인하실 수 있습니다.	  - Select the Clan tab on the main interface for the buttons that show clan info and the member list, where you can check information about your clan and the members who belong to it.
  - 클랜에 가입되어있지 않는 사람은 버튼을 눌러도 작동하지 않습니다.	  - The buttons do nothing for players who are not in a clan.
4. 클랜 가입	4. Joining a clan
  - 클랜 가입을 원하는 자가 클랜 NPC에게 말을 걸어 클랜리스트 중에서 원하는 클랜의 클랜원으로 가입신청을 한다.	  - A player who wants to join talks to the clan NPC and applies for membership in the clan of their choice from the clan list.
  - 크랜마스터가 클랜원 리스트 보기를 보고, 등록대기자를 선택한뒤 Accept버튼을 눌러서 가입신청을 허가하면 클랜원으로 추가되고, Deny버튼을 눌러서 거부하면 일주일간 다시 가입신청을 할 수 없게 됩니다.	  - The Clan Master opens the member list and selects the applicant. Pressing Accept approves the application and adds them as a member; pressing Deny rejects it, and the applicant cannot apply again for a week.
5. 클랜 탈퇴/추방 방법	5. Leaving a clan / expelling members
  - 클랜 탈퇴를 원하는 자가 NPC에게 가서 길드를 탈퇴하겠다고 하면 클랜에서 탈퇴할수 있습니다.	  - A player who wants to leave can go to the NPC and say they want to leave; they are then removed from the clan.
  - 클랜마스터가 클랜원 리스트에서 특정클랜원을 선택한뒤 Expel버튼을 누르시면 강제로 추방시킬 수 있습니다.	  - The Clan Master can forcibly expel a member by selecting them in the member list and pressing Expel.
6. 클랜 삭제	6. Deleting a clan
  - 자동삭제: 클랜원이 4인 이하가 되면 자동으로 삭제됩니다.	  - Automatic deletion: a clan is deleted automatically when it drops to 4 members or fewer.
  - 수동삭제: 클랜마스터가 강제추방을 하여 4인 이하로 클랜원을 만들면 클랜이 삭제됩니다.	  - Manual deletion: a clan is deleted when the Clan Master expels members until 4 or fewer remain.
Tab키를 눌러 인벤토리(소지품) 창을 연 후, Ctrl+Tab 키를 눌러 아이템을 끌어다 장착하시면 됩니다. 	Press Tab to open the Inventory window, then press Ctrl+Tab and drag items onto the gear window to equip them.
몬스터를 공격할 때는 마우스 왼쪽 키를 몬스터에 대고 클릭하시면 됩니다. 	To attack a monster, point the mouse at it and left-click.
STR(힘)은 데미지, HP, 프로텍션에 영향을 미칩니다. 	STR affects Damage, HP and Protection.
DEX(민첩)은 명중률과 디펜스에 영향을 미칩니다. 	DEX affects To Hit and Defense.
INT(지식)는 MP,SP와 성직자와 아우스터즈의 특정 마법에 영향을 미칩니다.	INT affects MP, SP and certain spells of Clerics and Ousters.
모든 아이템에는 능력치의 제약이 있습니다.	Every item has stat requirements.
몬스터를 죽인 후 시체를 클릭하시면 머리가(틴버전에선 보석이) 떨어집니다.	Click a monster's corpse after killing it and its head drops (a gem in the Teen version).
사냥한 몬스터의 머리는(틴버전에서는 보석) 각 길드의 NPC 에게서 돈으로 교환할 수 있습니다.	Monster heads (gems in the Teen version) can be exchanged for money at each guild's NPC.
미니맵에 초록색으로 표시된 지역은 안전지대입니다.	Areas shown in green on the minimap are safe zones.
안전지대에서는 스킬을 사용할 수 없습니다.	Skills cannot be used in safe zones.
거래는 안전지대에서 왼쪽 Alt 키+거래하고자 하는 상대방을 클릭하시면 됩니다.	To trade, hold the left Alt key in a safe zone and click the player you want to trade with.
같은 종족을 공격하게 되면, 성향이 나빠집니다.	Attacking your own race worsens your Alignment.
채팅 창에 반복해서 같은 문장을 사용할 경우, 잠시 동안 채팅 창을 이용할 수 없게 됩니다.	If you keep repeating the same sentence in chat, you will be unable to chat for a while.
아이템은 모든 맵의 몬스터를 죽이면 획득할 수 있습니다.	Items can be obtained by killing monsters on any map.
파티를 맺고 싶을 때는 오른쪽 Alt+파티를 맺고자 하는 상대방을 클릭하시면 됩니다.	To form a party, hold the right Alt key and click the player you want to party with.
채팅창의 글씨가 빨간색일 때는 말을 할 수 없으며, 10초 후 말할 수 있습니다.	When the chat text is red you cannot talk; you can talk again after 10 seconds.
일반 채팅은 Control+C 입니다.	Normal chat is Control+C.
존 채팅은 Control+Z 입니다.	Zone chat is Control+Z.
귓속말은 Control+W 를 누른 후, 상대방 아이디를 입력하고 말하시면 됩니다.	To whisper, press Control+W, enter the other player's ID and type your message.
미니맵을 Control+M 을 누르면 켜고 끌 수 있습니다.	Press Control+M to turn the minimap on or off.
특수 문자를 입력할 때는 Control+X 를 누르면 됩니다.	Press Control+X to enter special characters.
Control+E 를 누르면 채팅 창을 넓게 볼 수 있습니다.	Press Control+E to enlarge the chat window.
성향이 악함일 때 죽게 되면 가지고 있는 아이템이 랜덤하게 떨어집니다.	If you die with an Evil Alignment, you drop random items you are carrying.
같은 종족일 때, 자신보다 성향이 좋은 사람을 공격하면 성향이 나빠집니다.	Attacking a player of your own race whose Alignment is better than yours worsens your Alignment.
DKx Online 운영자는 절대로 플레이어의 개인 정보를 묻지 않습니다.	DKx Online staff will never ask for your personal information.
DKx Online 일반관련 문의는 홈페이지(dkxonline.com.cn)으로 주시기 바랍니다.	Please send general inquiries about DKx Online through the homepage (dkxonline.com.cn).
DKx Online 버그관련 문의는 홈페이지(dkxonline.com.cn)으로 주시기 바랍니다.	Please send DKx Online bug reports through the homepage (dkxonline.com.cn).
DKx Online 이벤트관련 문의는 홈페이지(dkxonline.com.cn)으로 주시기 바랍니다.	Please send inquiries about DKx Online events through the homepage (dkxonline.com.cn).
DKx Online 길드관련 문의는 홈페이지(dkxonline.com.cn)으로 주시기 바랍니다.	Please send inquiries about DKx Online guilds through the homepage (dkxonline.com.cn).
자신의 계정정보 유출은 해킹을 당할 우려가 있으니 각별히 주의 하시기 바랍니다.	Leaking your account information can get your account hacked, so please be very careful.
다른 사람에게 피해를 주는 매너(욕설,스틸,먹자)없는 행동을 삼가해 주시기 바랍니다.	Please refrain from bad manners that spoil the game for others (swearing, kill stealing, loot grabbing).
타인에게 비밀번호나 주민번호를 알려 주실 경우 보상이 되지 않으니 주의하시기 바랍니다.	If you give your password or ID number to anyone else, no compensation will be made, so please be careful.
뱀파이어와 몬스터는 야간에 공격력과 방어력이 증가합니다.	Vampires and monsters gain attack power and defense at night.
생명력(HP) : 캐릭터의 생명력을 나타내는 능력치로 , HP 가 0이 되면 죽게 됩니다.	HP : the stat that shows your character's life. When HP reaches 0 you die.
명중률(TOHIT) : 공격의 정확도를 나타내는 능력치로 , DEX 와 스킬 및 도메인 레벨에 종속됩니다.	To Hit (TOHIT) : the stat that shows attack accuracy; it depends on DEX and on skill and Domain levels.
데미지(DAMAGE) : 상대에게 줄 수 있는 공격 정도를 나타내는 능력치로, STR 과 스킬 레벨에 종속됩니다.	Damage (DAMAGE) : the stat that shows how hard you can hit; it depends on STR and skill level.
디펜스(DEFENSE) : 명중률에 대한 회피율을 나타내는 능력치로, DEX에 종속됩니다.	Defense (DEFENSE) : the stat that shows your chance to evade against To Hit; it depends on DEX.
프로텍션(PROTECTION) : 데미지에 대한 방어도를 나타내는 능력치로, STR에 종속됩니다.	Protection (PROTECTION) : the stat that shows how much Damage you shrug off; it depends on STR.
명성치(FAME) : 몬스터를 죽이거나, 퀘스트를 수행함으로써 상승합니다.	Fame (FAME) : rises as you kill monsters or complete quests.
화면에 왼쪽에 상단에 캐릭터가 나타날 경우 노란색, 빨간색으로 표시된 아이템은 수리를 해야 합니다.	When your character figure appears at the top left of the screen, items shown in yellow or red need repairing.
아이템마다 요구 능력 치가 표기되어 있습니다.	Every item shows its stat requirements.
아이템 착용 시, 빨강색으로 나타나는 아이템은 옵션이 적용되지 않습니다.	Options do not apply on equipped items shown in red.
먼저 공격을 당한 경우 정당 방위 시스템이 적용됩니다.	If someone attacks you first, the self-defense system applies.
정당 방위가 발동 될 경우, 일정 시간 동안 성향에 영향을 받지 않고 반격이 가능합니다.	While self-defense is active, you can strike back for a while without affecting your Alignment.
자신보다 성향이 좋은 사람의 시체를 루팅하면 성향이 내려가게 됩니다.	Looting the corpse of a player whose Alignment is better than yours lowers your Alignment.
option을 이용하여 엔터 채팅과 일반 채팅을 선택할 수 있습니다.	You can choose between Enter chat and Normal chat in the Options.
채팅창이나 맵과 같은 인터페이스 숨기기 기능이 있으며 마우스 포인트를 올려'숨기기 기능켬'이라고 나오는경우 숨기기 기능이 꺼져있는 상태입니다.	Interfaces such as the chat window and map can auto-hide. If hovering the mouse over the button shows 'Turn auto-hide on', auto-hide is currently off.
채팅창이나 맵과 같은 인터페이스를 반투명상태로 만드는 기능이 있으며 마우스 포인트를 올려 '반투명으로 출력합니다.' 라고 나오는 경우가 불투명 상태입니다.	Interfaces such as the chat window and map can be made translucent. If hovering the mouse over the button shows 'Display translucent.', the window is currently opaque.
shift 를 누른 상태에서 인벤토리의 아이템을 클릭시 장착창으로 이동됩니다.	Shift-click an item in your inventory to move it to the gear window.
마우스가 채팅창의 끝에 위치하면 포인터가 손가락 모양으로 변하며 이상태에서 채팅창을 클릭하여 드래그 하면 채팅창의 크기를 조절할수 있습니다.	When the mouse is at the edge of the chat window, the pointer turns into a hand; click and drag to resize the chat window.
해킹신고는 해킹을 당한지 5일 이전에 고객지원센터의 해킹신고란에 신고해야 합니다.	Hacking must be reported in the hacking report section of the Customer Support Center within 5 days of the incident.
hp바의 초록색 동그라미 클릭으로 hp바의 크기를 조절할수 있습니다.	Click the green circle on the HP bar to resize the HP bar.
hp바의 빨간색 동그라미 클릭으로 hp바의 가로세로를 조절할수 있습니다.	Click the red circle on the HP bar to switch the HP bar between horizontal and vertical.
뱀파이어상태에서 npc를 통해 슬레이어로 변했을경우 다시 뱀파이어가 되기 위해서는 실시간으로 일주일이 지난 후 흡혈을 당해야 합니다.	If you turned from a Vampire back into a Slayer through an NPC, you must wait one week in real time and then have your blood drained to become a Vampire again.
옵션창에서 각 단축키를 자신에 맞게 설정하실 수 있습니다.	You can set every hotkey to suit you in the Options window.
Caps Lock키를 누르신 상태에서 마우스 왼쪽 버튼 또는 오른쪽 버튼을 클릭하고 계시면 주위 공격범위내의 적을 자동공격합니다.	With Caps Lock on, hold down the left or right mouse button to automatically attack enemies within attack range around you.
현재 연속 결재 이벤트를 진행하고 있습니다. 연속 결재를 할 경우 많은 혜택이 있으니 이점 참고하시고 많은 이용 부탁드립니다.	A consecutive-payment event is running now. Paying for consecutive periods brings many benefits, so please keep it in mind and take part.
지뢰 찾기와 숫자 야구 게임이 합쳐진 게임으로 지뢰가 없는 타일을 모두 열여야 합니다. 	A mix of Minesweeper and Bulls and Cows: you must open every tile that has no mine.
지뢰가 있는 곳을 열게 되면 게임을 실패하게 됩니다.	If you open a tile with a mine, you fail the game.
왼 클릭으로 3개의 타일을 선택할 수 있으며, 그 타일에 몇 개의 지뢰가 있고 몇 개의 지뢰가 없는지가 표시됩니다.	Left-click to select 3 tiles; the game shows how many of them hold mines and how many do not.
3개의 선택한 타일에 모두 지뢰가 없거나 모두 지뢰가 있으면, ‘3O or 3X’로 표시됩니다.	If all 3 selected tiles are free of mines, or all hold mines, it shows '3O or 3X'.
지뢰가 없는 곳을 열고자 하면 같은 타일을 두 번 클릭하면 됩니다.	To open a tile without a mine, click the same tile twice.
지뢰가 있는 곳에 표시를 해두려면 오른 클릭으로 깃발을 꽂으면 됩니다.	To mark a mine, right-click to plant a flag on it.
깃발이 있는 곳을 다시 오른 클릭하면 물음표로 바뀌며, 다시 한번 오른 클릭하면 표시가 사라집니다.	Right-click a flag again to turn it into a question mark; right-click once more to remove the mark.
아이템 교환 인터페이스(Item Exchange Interface)	Item Exchange Interface
플레이어들끼리 안전하게 돈 또는 물건을 교환할 수 있도록 도와주는 인터페이스입니다. 이 인터페이스를 통해서 아이템 교환을 하게 되면, 상대방이 제시한 아이템 혹은 돈을 볼 수 있기 때문에, 게임 내에서 빈번하게 발생하는 아이템 사기를 방지할 수 있습니다. 아이템 교환 인터페이스를 통하지 않고, 플레이어들끼리 아이템을 교환하는 과정에서 아이템 사기가 발생할 경우, 아이템의 복구가 이루어지지 않으므로 항상 아이템을 교환할 때에는 이 인터페이스를 사용하시기 바랍니다.	This interface lets players exchange money or goods with each other safely. When you trade items through this interface, you can see the items or money the other player offers, which prevents the item scams that happen so often in games. If you are scammed while trading items with another player without using the Item Exchange Interface, the items will not be restored, so always use this interface when you trade items.
아이템 교환 인터페이스를 사용하는 방법	How to Use the Item Exchange Interface
1. 교환 상대 지정( ALT + 왼쪽 클릭 )	1. Choosing a trade partner ( ALT + left-click )
아이템을 교환하고자 하는 상대방 캐릭터에 대해서 ALT 키를 누른 상태에서 왼쪽 클릭을 하면, 상대방의 화면에 교환 요청이 들어오고 있다는 인터페이스가 뜹니다. 이때 상대방이 교환에 응하게 되면 아이템 교환 인터페이스가 뜹니다.	Hold the ALT key and left-click the character you want to trade with, and a window appears on their screen saying a trade is being requested. If they accept, the Item Exchange Interface opens.
2. 교환할 아이템(돈) 지정	2. Choosing items (money) to trade
DKx Online의 아이템 교환 인터페이스는 다른 게임의 교환방식과는 조금 다릅니다. 일반적인 게임에서는 인벤토리에서 교환을 원하는 아이템을 교환창 안으로 드래그 앤 드랍(Drag & Drop) 방식으로 놓으면 상대방에게 보이게 되지만, DKx Online에서는 자신의 인벤토리안에 있는 아이템 중 교환하고 싶은 아이템을 클릭하면 그 아이템들만 상대방에게 보이게 됩니다. (모든 아이템이 교환되지는 않으니 걱정하지 않으셔도 됩니다.)	The Item Exchange Interface in DKx Online works a little differently from other games. In most games you drag and drop (Drag & Drop) the items you want to trade from your inventory into the trade window so the other player can see them; in DKx Online, you click the items in your own inventory that you want to trade, and only those items are shown to the other player. (Don't worry, not every item gets traded.)
아이템 교환 인터페이스가 뜨면, 자신의 인벤토리 안에 있는 모든 아이템이 보여집니다. 그 중에서 원하는 아이템을 오른쪽 클릭하면 아이템의 테두리가 하일라이트되면서 상대방의 화면에 보여지게 됩니다. 	When the Item Exchange Interface opens, all the items in your inventory are shown. Right-click the items you want; their borders are highlighted and they appear on the other player's screen.
돈을 교환하고 싶을 때에는, 인벤토리 아래의 돈 버튼을 누르고 원하는 액수를 입력하면 그 액수가 상대방의 화면에 보여지게 됩니다.	To trade money, press the money button under the inventory and enter the amount you want; the amount then appears on the other player's screen.
3. 교환 완료 혹은 취소	3. Completing or canceling the trade
자신이 제시한 돈 또는 아이템과 상대방이 제시한 돈 또는 아이템이 적절하다고 생각되면 OK 버튼을 누르시면 됩니다. 만약 상대방도 교환에 동의해서 OK 버튼을 누르면 교환은 성공적으로 성립됩니다. 반면, 상대방이 제시한 물품이 마음에 들지 않으면 바로 CANCEL 을 누르시면 교환은 취소됩니다.	If the money or items you offered and those the other player offered seem fair, press the OK button. If the other player also agrees and presses OK, the trade goes through. If you do not like what the other player offered, just press CANCEL and the trade is canceled.
만약 상대가 제시한 아이템이 마음에 들어서 OK 를 누른 상태에서, 상대방이 마음이 바뀌어 아이템이나 돈을 빼 버린다면 자동으로 교환이 취소되므로 걱정하지 않으셔도 됩니다.	If you press OK because you like the items offered, and the other player then changes their mind and takes back items or money, the trade is canceled automatically, so you have nothing to worry about.
일단 아이템이나 돈을 교환하려고 올려놓았다가 빼는 경우에는 교환사기를 방지하기 위해서 5초간 OK버튼이 눌리지 않습니다.	If items or money are put up for trade and then taken back, the OK button is disabled for 5 seconds to prevent trade scams.
장착 인터페이스(Gear Interface)	Gear Interface
단축키 : Control + TAB	Hotkey : Control + TAB
게임 속에서 획득한 다양한 아이템들 중에서 몇 가지는 캐릭터에게 입힘으로써 캐릭터의 능력을 향상시킬 수 있습니다. 장착 인터페이스는 무기, 방어구, 악세서리 분류에 속하는 아이템들을 캐릭터에게 장착시킬 때 이용하는 인터페이스입니다. 하단의 반투명 버튼을 클릭하면 보이는 장착창을 반투명화하여 창에 의해 가려진 부분을 보여줍니다.	Some of the many items you find in the game can be worn by your character to improve their abilities. The Gear Interface is used to equip your character with items in the weapon, armor and accessory categories. Click the Translucent button at the bottom to make the gear window translucent and show what it covers.
아우스터즈는 자신들의 능력을 특성화하고 전문적으로 기르기 위해서 적절한 아이템들의 사용이 중시 됩니다. 아우스터즈가 장착할 수 있는 아이템 슬랏은 아래와 같습니다.	Ousters rely on using the right items to specialize and train their abilities. Ousters have the following item slots.
서클릿(Circlet) * 1	Circlet * 1
코트(Coat) * 1	Coat * 1
암스밴드(Armsband) * 2	Armsband * 2
챠크람 or 리스틀릿(Chakram or Wristlet) * 2	Chakram or Wristlet * 2
펜던트(Pendant) * 3	Pendant * 3
반지(Ring) * 2	Ring * 2
정령석(Elemental Stone) * 4	Elemental Stone * 4
부츠(Boots) * 1	Boots * 1
총 15 개	15 in total
캐릭터에게 아이템을 장착시키기	Equipping items on your character
1. 장착시킬 아이템을 든다.	1. Pick up the item to equip.
바닥 혹은 아이템창(인벤토리)에서 아이템을 왼쪽 클릭하면 마우스에 아이템이 들리게 됩니다.	Left-click an item on the ground or in your inventory to pick it up with the mouse.
2. 원하는 슬랏에 아이템을 놓는다.	2. Place the item in the slot you want.
이때, 슬랏의 타입과 놓고자 하는 아이템의 타입이 같아야 합니다. 즉 무기 슬랏에는 무기만 놓을 수 있으며 다른 어떤 아이템도 놓을 수 없습니다.	The slot type must match the type of the item you want to place. For example, only weapons go in the weapon slot, and no other item can be placed there.
인벤토리에서 Shift키+왼쪽클릭을 하면 바로 장착창으로 아이템을 장착할수 있으며, 이전에 장착되어있던 아이템은 마우스에 들려있게 됩니다. 실수로 바뀐 아이템을 버리지 않도록 주의하시기 바랍니다.	Shift+left-click in the inventory to equip an item straight into the gear window; the item that was equipped before is then held on the mouse. Take care not to throw away the swapped item by mistake.
3. 아이템은 장착할 수 있는 요구 조건이 있으며, 요구 조건에 해당되지 않는 경우에는 아이템이 빨간색으로 표시되며 장착이 불가합니다. 이미 아이템을 착용하고 있다가 능력치 상태가 변화하여 요구조건에 해당되지 않게 되는 경우에는 장착창의 아이템이 빨간색으로 표시되며 적용되지 않습니다.	3. Items have requirements for equipping them. If you do not meet the requirements, the item is shown in red and cannot be equipped. If your stats change while you are already wearing an item and you no longer meet its requirements, the item is shown in red in the gear window and has no effect.
슬레이어는 뱀파이어에 비해서 기본능력치가 절반 정도로 낮기 때문에, 수십종에 달하는 다양한 무기와 방어구, 악세서리 같은 아이템들을 장비해야만 뱀파이어와 비교적 동등하게 싸움에 임할 수 있게 됩니다. 슬레이어가 장착할 수 있는 아이템 슬랏은 아래와 같습니다.	Slayers have only about half the base stats of Vampires, so they must equip items from dozens of kinds of weapons, armor and accessories to fight Vampires on fairly even terms. Slayers have the following item slots.
헬멧(Helmet) * 1	Helmet * 1
목걸이(Necklace) * 1	Necklace * 1
방탄조끼(Vest) * 1	Vest * 1
방패(Shield) *1	Shield *1
무기(Weapon) * 1	Weapon * 1
장갑(Gloves) * 1	Gloves * 1
벨트(Belt) * 1	Belt * 1
바지(Trousers) * 1	Trousers * 1
팔찌(Bracelet) * 2	Bracelet * 2
반지(Ring) * 4	Ring * 4
신발(Shoes) * 1	Shoes * 1
뱀파이어는 기본능력치가 매우 높으므로 특별히 무기나 방어구를 착용할 필요는 없습니다. 대신 고대로부터 전해내려오는 사악한 마법 악세서리들을 착용함으로써 능력을 더욱더 높일 수 있습니다. 뱀파이어가 장착할 수 있는 아이템 슬랏은 아래와 같습니다.	Vampires have very high base stats, so they have no particular need for weapons or armor. Instead they can raise their abilities even further by wearing evil magic accessories handed down from ancient times. Vampires have the following item slots.
귀걸이(Earring) * 2	Earring * 2
무기(Claw) * 2	Weapon (Claw) * 2
아뮬렛(Amulet) * 4	Amulet * 4
총 16 개	16 in total
길드 인터페이스(Guild Interface)	Guild Interface
DKx Online에는 각 월드별로 많은 수의 길드가 있습니다.	DKx Online has many guilds on each world.
길드원은 길드원끼리 길드채팅을 이용해서 대화를 나눌 수 있으며, 자세한 도움말은 채팅도움말을 참고하시기 바랍니다.	Guild members can talk with each other using guild chat; see the Chat help for details.
길드에 관한 처리를 해주는 NPC는 아우스터즈 마을 내부의 시오람입니다.	The NPC who handles guild matters is Sioram inside the Ousters Village.
길드 인터페이스 사용하는 방법	How to Use the Guild Interface
1. 길드 생성 방법	1. Creating a guild
  - NPC를 찾아가 길드를 등록하겠다고 하면 길드 마스터 요건이 충족된 자에 한해서 길드 등록창이 나타나게 됩니다.	  - Visit the NPC and say you want to register a guild. If you meet the Guild Master requirements, the guild registration window opens.
  - 길드 이름, 길드 소개를 적어서 등록하면 일단 대기길드로 등록됩니다.	  - Enter a guild name and a guild introduction and register; the guild is first registered as a pending guild.
  - 길드 소개의 수정은 아직 지원되지 않으니, 작성하실 때 주의하시길 바랍니다. 	  - Editing the guild introduction is not supported yet, so write it carefully.
  - 정식길드가 생성되기 위해서는 창설멤버가 신청자를 포함해서 5명이 필요하며, 창설멤버가 되길 원하시면 대기길드 리스트에서 원하는 길드를 선택하여 가입신청을 하시면 됩니다.	  - An official guild needs 5 founding members, including the applicant. If you want to be a founding member, select the guild you want from the pending guild list and apply to join.
  - 대기중인 길드가 정식길드로 승인이 나면 신청자는 길드마스터가, 창설멤버는 부길드마스터가 됩니다.	  - When a pending guild is approved as an official guild, the applicant becomes Guild Master and the founding members become Sub-Masters.
  - 길드마스터는 길드원 추방, 가입대기자 허가/거부를 할수 있으며 부길드마스터는 가입대기자 허가만 할 수 있습니다.	  - The Guild Master can expel members and accept or deny applicants; Sub-Masters can only accept applicants.
  - 길드 마스터 요건	  - Guild Master requirements
  레벨50이상, 1억 자드	  Level 50 or higher, 100,000,000 zad
  레벨 40 이상, 5천만 자드	  Level 40 or higher, 50,000,000 zad
2. 길드 마크 등록방법	2. Registering a guild mark
  - 길드 생성 및 삭제를 반복하다 보면 자동으로 대기 길드에 마크가 나옵니다.	  - A mark appears on pending guilds automatically as guilds are created and deleted.
3. 길드정보및 길드원 보기	3. Viewing guild info and members
  - 메인 인터페이스의 Guild탭을 선택하면 길드정보와 길드원리스트를 확인할 수 있는 버튼이 있어 자신의 길드에 대한 정보와 자신의 길드에 포함되어 있는 길드원들을 확인하실 수 있습니다.	  - Select the Guild tab on the main interface for the buttons that show guild info and the member list, where you can check information about your guild and the members who belong to it.
  - 길드에 가입되어있지 않는 사람은 버튼을 눌러도 작동하지 않습니다.	  - The buttons do nothing for players who are not in a guild.
4. 길드 가입	4. Joining a guild
  - 길드 가입을 원하는 자가 길드 NPC에게 말을 걸어 길드리스트 중에서 원하는 길드의 길드원으로 가입신청을 한다.	  - A player who wants to join talks to the guild NPC and applies for membership in the guild of their choice from the guild list.
  - 길드마스터가 길드원 리스트 보기를 보고, 등록대기자를 선택한뒤 Accept버튼을 눌러서 가입신청을 허가하면 길드원으로 추가되고, Deny버튼을 눌러서 거부하면 일주일간 다시 가입신청을 할 수 없게 됩니다.	  - The Guild Master opens the member list and selects the applicant. Pressing Accept approves the application and adds them as a member; pressing Deny rejects it, and the applicant cannot apply again for a week.
5. 길드 탈퇴/추방 방법	5. Leaving a guild / expelling members
  - 길드 탈퇴를 원하는 자가 NPC에게 가서 길드를 탈퇴하겠다고 하면 길드에서 탈퇴할수 있습니다.	  - A player who wants to leave can go to the NPC and say they want to leave; they are then removed from the guild.
  - 길드마스터가 길드원 리스트에서 특정길드원을 선택한뒤 Expel버튼을 누르시면 강제로 추방시킬 수 있습니다.	  - The Guild Master can forcibly expel a member by selecting them in the member list and pressing Expel.
6. 길드 삭제	6. Deleting a guild
  - 자동삭제: 길드원이 4인 이하가 되면 자동으로 삭제됩니다.	  - Automatic deletion: a guild is deleted automatically when it drops to 4 members or fewer.
  - 수동삭제: 길드마스터가 강제추방을 하여 4인 이하로 길드원을 만들면 길드가 삭제됩니다.	  - Manual deletion: a guild is deleted when the Guild Master expels members until 4 or fewer remain.
정보 인터페이스(Information Interface)	Information Interface
아우스터즈의 정보창은 아우스터즈 캐릭터의 구체적인 정보 및 현재 상태를 보여주는 인터페이스로, Character 탭과 Skill 탭으로 나뉘어 있습니다.	The Ousters information window shows the detailed information and current state of your Ousters character. It is split into a Character tab and a Skill tab.
Character 탭	Character tab
단축키 : Control+I	Hotkey : Control+I
캐릭터의 능력치 및 길드 정보를 볼 수 있으며, 캐릭터에 대한 갖가지 상세 능력치 정보가 나타납니다. 캐릭터의 얼굴 모습에서부터 여러 능력치들과 경험치, 길드에 가입된 상태라면 길드명과 길드마크를 볼 수 있습니다. 	Shows your character's stats and guild information, with all kinds of detailed stat information about your character. You can see everything from your character's face to the various stats and Experience, and, if you belong to a guild, the guild name and guild mark.
Skill 탭	Skill tab
단축키 : Control+K	Hotkey : Control+K
캐릭터가 습득한 스킬들에 대한 스킬 포인트 및 스킬 레벨 등을 확인할 수 있습니다.	Shows the Skill Points and skill levels of the skills your character has learned.
창 하단에 있는 '반투명으로 출력합니다' 라는 버튼을 클릭하면 인벤토리 창이 반투명화 되어, 창에 의해 가려진 부분을 보여줍니다.	Click the 'Display translucent' button at the bottom of the window to make the window translucent and show what it covers.
Grade1 탭	Grade1 tab
예소드 계급부터 티파레트 계급까지의 각 계급 스킬을 선택하고, 확인 할 수 있습니다.	Lets you choose and review the rank skills of each Rank, from the Yesod Rank to the Tiferet Rank.
Grade2 탭	Grade2 tab
아직 지원되지 않는 기능입니다.	This feature is not supported yet.
캐릭터 정보	Character information
아우스터즈 캐릭터 정보창에서 확인할 수 있는 내용은 아래와 같습니다.	The Ousters character information window shows the following.
 이름(Name)  : 아우스터즈의 이름	 Name        : The Ousters' name
 길드(Guild) : 아우스터즈가 속한 길드 이름	 Guild       : The name of the guild the Ousters belongs to
 레벨(Level) : 아우스터즈의 성장 정도를 나타내는 수치. 레벨이 높으면 높을수록 캐릭터는 보다 많은 능력치를 가지며 보다 많은 마법을 사용하거나 마법의 숙련도가 올라가게 됩니다.	 Level       : How far the Ousters has grown. The higher the level, the more stats the character has, the more spells it can use and the more skilled it becomes at magic.
 경험치(Exp) : 아우스터즈는 몬스터의 사냥을 통해서 경험치를 축적하고, 이를 통해 레벨을 높이고 보너스 능력치를 분배받아서 캐릭터를 성장시키게 됩니다. 경험치 아래의 바는 다음 레벨로 성장하기 위해서 지금까지 축적해 놓은 경험치의 비율을 나타냅니다.	 Exp         : Ousters gain Experience by hunting monsters, which raises their level and grants bonus stat points to grow the character. The bar under Experience shows how much of the Experience needed for the next level has been gathered so far.
 성향(Alignment) : 아우스터즈의 성향. 캐릭터의 선악 정도를 나타낸다. 크게 선함(GOOD)/중립(NEUTRAL)/악함(EVIL) 으로 구분됩니다.	 Alignment   : The Ousters' Alignment, showing how good or evil the character is. It falls into three broad kinds: GOOD, NEUTRAL and EVIL.
 힘(STR)     : 힘은 캐릭터의 육체적인 강인함을 나타내는 능력치입니다. 이 값이 높을수록 HP, Damage, Protection 이 높아지게 됩니다.	 STR         : Strength is the stat for your character's physical toughness. The higher it is, the higher your HP, Damage and Protection.
 민첩성(DEX) : 민첩성은 캐릭터의 빠른 정도를 나타내는 능력치입니다. 이 값이 높을수록 ToHit, Defense 가 높아지게 됩니다.	 DEX         : Dexterity is the stat for your character's quickness. The higher it is, the higher your ToHit and Defense.
 지식(INT)   : 지식은 캐릭터의 지적 능력을 나타내는 능력치입니다. 이 값이 높을수록 마법성공률이 높아지며 마법을 사용하는데 필요한 SP의 소모량이 줄어들게 됩니다.	 INT         : Intelligence is the stat for your character's mental ability. The higher it is, the higher your spell success rate and the less SP your spells cost.
 생명력(HP) : 생명력을 상징하는 능력으로써 HP가 0 이 되면 죽음을 당하게 됩니다. HP는 STR에 종속된 능력치입니다.	 HP          : The stat that stands for life; when HP reaches 0 you die. HP depends on STR.
 정령포인트(EP)  : 아우스터즈에게만 존재하는 EP는 특수 기술, 정령마법을 쓰는데 필요한 능력으로써 EP가 떨어지면 특수 기술이나, 마법을 펼치는데 제한을 받게 됩니다. EP는 INT에 종속된 보조 능력치입니다.	 EP          : EP exists only for Ousters and is needed to use special techniques and elemental magic. When EP runs low, you are limited in using special techniques and magic. EP is a secondary stat that depends on INT.
 명중률(ToHit)   : 공격의 정확도를 나타내는 이 능력치는 DEX에 종속되는 능력치입니다.	 ToHit       : This stat shows attack accuracy and depends on DEX.
 데미지(Damage)  : 상대에게 줄 수 있는 피해량을 나타내는 이 능력치는 STR에 종속되는 능력치입니다.	 Damage      : This stat shows how much harm you can deal and depends on STR.
 디펜스(Defense) : 명중률에 대한 방어도를 나타내는 이 능력치는 DEX 와 아이템에 의해서 증가됩니다.	 Defense     : This stat shows your defense against To Hit and is increased by DEX and items.
 프로텍션(Protection) : 데미지에 대한 방어도를 나타내는 이 능력치는 아이템에 의해서 증가됩니다.	 Protection  : This stat shows your defense against Damage and is increased by items.
 보너스포인트(BonusPoint) : 레벨이 올라가면 보너스 포인트가 생기며 Str, Dex, Int옆에 각각 +버튼이 붙어서 원하는 능력치를 올릴 수 있습니다.	 BonusPoint  : Leveling up gives you bonus points, and a + button appears next to Str, Dex and Int so you can raise the stat you want.
 공격속도(AttackSpeed) : 수치가 높을수록 공격하는 속도가 빨라집니다.	 AttackSpeed : The higher the value, the faster you attack.
 TIP! : 캐릭터정보창에 나오는 기본 이미지 대신 자신만의 이미지를 넣고 싶으시면 캐릭터 정보창의 이미지가 나오는 부분을 클릭하신 후 BMP,JPG 파일을 고르시면 됩니다.	 TIP! : To use your own picture instead of the default image in the character information window, click the image area of the window and pick a BMP or JPG file.
스킬 정보	Skill information
아우스터즈는 스킬 포인트 시스템을 통해서 성장하는데, 캐릭터 레벨의 성장과 함께 스킬 포인트를 배분 받게 되며, 자신이 원하는 마법을 새롭게 배우거나 기존에 습득한 마법의 레벨을 올릴수 있습니다.	Ousters grow through the Skill Point system: as the character levels up it receives Skill Points, which it can spend to learn new spells of its choice or raise the level of spells it already knows.
마법은 불(Fire), 물(Water), 대지(Earth)계열에 속한 정령 마법들을 자신이 원하는 방향으로 자유롭게 배울 수 있습니다. 	Elemental spells of the Fire, Water and Earth schools can be learned freely in whatever direction you like.
아우스터즈의 스킬 정보창은 트리 형태의 스킬 배열과 해당 스킬을 클릭할 경우 해당 스킬의 상세 정보와 습득 여부를 결정할 수 있습니다.	The Ousters skill window shows the skills arranged as a tree; click a skill to see its detailed information and decide whether to learn it.
1. 마법 계열 탭	1. Magic school tabs
상위의 Combat skill, Elemental Magic 버튼은 아우스터즈의 성장 방향(물리 공격계열, 마법 계열)을 나타냅니다.	The Combat skill and Elemental Magic buttons at the top show the Ousters' direction of growth (physical attack or magic).
Cambat skill의 경우, 물리 공격을 위한 스킬들이 존재하며, Elemental Magic에는 현재 불, 물, 대지계열의 마법이 속해 있으며 점차 추가될 전망입니다. 마법 리스트를 보기 위해서는 버튼을 클릭하면 됩니다.	Combat skill holds the skills for physical attacks, while Elemental Magic currently holds the Fire, Water and Earth spells, with more planned. Click a button to see its list of spells.
3. 마법 아이콘 리스트	3. Spell icon list
현재 선택된 마법 단계에 속한 마법 아이콘들의 리스트입니다. 마법 아이콘에 마우스를 갖다대면 그 마법에 대한 간략한 정보를 나타내는 툴팁을 볼 수 있습니다. 마법 아이콘을 클릭하면 해당 마법의 구체적인 정보를 살펴볼 수 있습니다.	The list of spell icons in the currently selected spell tier. Hold the mouse over a spell icon to see a tooltip with brief information about the spell. Click a spell icon to see the spell's full details.
하위 계급 스킬 정보(Grade1)	Lower rank skill information (Grade1)
하위 계급 스킬 정보(Grade1)에서는 현재 계급 레벨과 계급 경험치, 배운 계급 스킬 및 다른 여러 계급 스킬의 정보를 알 수 있습니다.	Lower rank skill information (Grade1) shows your current rank level, rank Experience, the rank skills you have learned and information on the other rank skills.
예소드 계급부터 티파레트 계급까지는 계급이 한 단계씩 오를때마다 해당 계급 스킬중 하나를 선택할 수 있습니다.	From the Yesod Rank to the Tiferet Rank, each time you rise one Rank you can choose one of that Rank's rank skills.
초록색으로 표기된 계급 스킬 아이콘을 클릭하면 해당 계급 스킬을 배울 수 있으며, 동시에 그 계급에 있는 다른 스킬은 다시는 배울수 없게 됩니다.	Click a rank skill icon shown in green to learn that rank skill; at the same time, the other skills of that Rank can never be learned.
배운 계급 스킬은 하늘색으로 표기되며, 앞으로 배울 수 없는 계급 스킬은 어두운색으로, 아직 계급이 낮아 배울 수 없는 계급 스킬은 회색으로 표기됩니다.	Rank skills you have learned are shown in sky blue, rank skills you can no longer learn are shown dark, and rank skills your Rank is still too low for are shown in gray.
예소드 계급에서 배울 수 있는 스킬	Skills available at the Yesod Rank
-Life Energy      : HP 증가	-Life Energy      : Increases HP
-Elemental Energy : EP 증가	-Elemental Energy : Increases EP
-Wind Sense       : Defense 증가	-Wind Sense       : Increases Defense
-Wood Skin        : Protection 증가	-Wood Skin        : Increases Protection
-Homing Eye       : To hit 증가	-Homing Eye       : Increases To Hit
호드 계급에서 배울 수 있는 스킬	Skills available at the Hod Rank
-Swift Arm       : 공격속도 증가	-Swift Arm       : Increases attack speed
-Stone Maul      : 전투기술 계열 데미지 증가	-Stone Maul      : Increases combat skill Damage
-Fire endow      : Fire 계열 공격마법 데미지 증가	-Fire endow      : Increases Fire attack spell Damage
-Water endow     : Water 계열 공격마법 데미지 증가	-Water endow     : Increases Water attack spell Damage
-Earth endow     : Earth 계열 공격마법 데미지 증가	-Earth endow     : Increases Earth attack spell Damage
네차크 계급에서 배울 수 있는 스킬	Skills available at the Netzach Rank
-Anti Acid skin      : Acid 계열 마법 저항 증가	-Anti Acid skin      : Increases resistance to Acid spells
-Anti Bloody skin    : Bloody 계열 마법 저항 증가	-Anti Bloody skin    : Increases resistance to Bloody spells
-Anti Curse skin     : Curse 계열 마법 저항 증가	-Anti Curse skin     : Increases resistance to Curse spells
-Anti Poison skin    : Poison 계열 마법 저항 증가	-Anti Poison skin    : Increases resistance to Poison spells
티파레트 계급에서 배울 수 있는 스킬	Skills available at the Tiferet Rank
-Bless of Nature    : 스킬 사용시 EP소모량 감소	-Bless of Nature    : Reduces the EP cost of skills
-Life Absorb        : HP 스틸 증가 	-Life Absorb        : Increases HP steal
-Elemental Absorb   : EP 스틸 증가	-Elemental Absorb   : Increases EP steal
-Mystic Rule        : Lucky 증가	-Mystic Rule        : Increases Luck
슬레이어 정보창은 슬레이어 캐릭터의 구체적인 정보 및 현재 상태를 보여주는 인터페이스로, Character 탭과 Skill 탭으로 나뉘어 있습니다.	The Slayer information window shows the detailed information and current state of your Slayer character. It is split into a Character tab and a Skill tab.
캐릭터의 능력치 및 길드 정보를 볼 수 있으며, 캐릭터에 대한 갖가지 상세 능력치 정보가 나타납니다. 캐릭터의 얼굴 모습에서부터 여러 능력치들과 명성(Fame), 길드에 가입된 상태라면 길드명과 길드마크를 볼 수 있습니다. 	Shows your character's stats and guild information, with all kinds of detailed stat information about your character. You can see everything from your character's face to the various stats and Fame, and, if you belong to a guild, the guild name and guild mark.
캐릭터가 습득한 스킬들에 대한 스킬 도메인 경험치 및 레벨 등을 확인할 수 있습니다.	Shows the Domain Experience and levels of the skills your character has learned.
피베이트 계급부터 케이널 계급까지의 각 계급 스킬을 선택하고, 확인 할 수 있습니다.	Lets you choose and review the rank skills of each Rank, from the Private Rank to the Cainal Rank.
슬레이어 정보창에서 확인할 수 있는 캐릭터 정보들은 아래와 같습니다.	The Slayer information window shows the following character information.
 이름(Name)  : 슬레이어의 이름	 Name        : The Slayer's name
 길드(Guild) : 슬레이어가 속한 길드 이름	 Guild       : The name of the guild the Slayer belongs to
 명성(Fame)  : 슬레이어의 명성. 얼마나 많은 몬스터를 죽였는가를 나타냅니다.	 Fame        : The Slayer's Fame, showing how many monsters they have killed.
 성향(Alignment) : 슬레이어의 성향. 캐릭터의 선악 정도를 나타냅니다. 크게 선함(GOOD)/중립(NEUTRAL)/악함(EVIL) 으로 구분됩니다.	 Alignment   : The Slayer's Alignment, showing how good or evil the character is. It falls into three broad kinds: GOOD, NEUTRAL and EVIL.
 지식(INT)   : 지식은 캐릭터의 지적 능력을 나타내는 능력치입니다. 이 값이 높을수록 MP, 마법성공률이 높아지게 됩니다.	 INT         : Intelligence is the stat for your character's mental ability. The higher it is, the higher your MP and spell success rate.
 생명력(HP)  : 생명력을 상징하는 능력으로써 HP가 0 이 되면 죽음을 당하게 됩니다. HP는 STR에 종속된 능력치입니다.	 HP          : The stat that stands for life; when HP reaches 0 you die. HP depends on STR.
 마법력(MP)  : 슬레이어에게만 존재하는 MP는 특수 기술, 마법을 쓰는데 필요한 능력으로써 MP가 떨어지면 특수 기술이나, 마법을 펼치는데 제한을 받게 됩니다. MP는 INT에 종속된 보조 능력치입니다.	 MP          : MP exists only for Slayers and is needed to use special techniques and magic. When MP runs low, you are limited in using special techniques and magic. MP is a secondary stat that depends on INT.
 명중률(ToHit)   : 공격의 정확도를 나타내는 이 능력치는 DEX 와 스킬 레벨에 종속되는 능력치입니다.	 ToHit       : This stat shows attack accuracy and depends on DEX and skill level.
 데미지(Damage)  : 상대에게 줄 수 있는 피해량을 나타내는 이 능력치는 STR 과 스킬레벨에 종속되는 능력치입니다.	 Damage      : This stat shows how much harm you can deal and depends on STR and skill level.
슬레이어 스킬 정보창은 위쪽의 스킬 계열 버튼과 아래쪽의 스킬 아이콘 리스트로 나뉘어집니다.	The Slayer skill window is split into the skill Domain buttons at the top and the skill icon list at the bottom.
슬레이어는 스킬 시스템을 통해서 성장하게 됩니다. 검(Sword), 도(Blade), 총/폭탄(Gun/Bomb), 치료(Heal), 축복(Enchant)의 5가지 계열에서 하나 또는 둘 이상의 계열을 선택, 그 계열에 해당되는 액션을 반복함으로써 계열을 성장시키게 되면, 계열의 일정 레벨에 이르면 새로운 기술 혹은 마법을 NPC로부터 배울 수 있는 자격을 얻게 됩니다. 단지 검을 휘둘러도 계열의 숙련도가 성장하지만, 보다 고급 기술 혹은 마법을 반복하게 되면 계열 숙련도의 성장 속도가 보다 빨라지게 됩니다.	Slayers grow through the skill system. Choose one or more of the five Domains - Sword, Blade, Gun/Bomb, Heal and Enchant - and grow a Domain by repeating the actions that belong to it; when the Domain reaches certain levels, you earn the right to learn new techniques or spells from NPCs. Simply swinging a sword raises your Domain skill, but repeating more advanced techniques or spells makes the Domain grow faster.
1. 스킬(마법) 계열 버튼	1. Skill (magic) Domain buttons
위쪽의 Sword, Blade, Gun/Bomb, Heal, Enchant 탭은 스킬(마법) 계열을 나타냅니다. 하나의 스킬(마법) 계열에는 현재 13 ~ 17 개의 스킬이 속해있으며, 이 리스트를 보기 위해서는 버튼을 클릭하면 됩니다. 마우스를 버튼에 가져가면 계열의 숙련	The Sword, Blade, Gun/Bomb, Heal and Enchant tabs at the top are the skill (magic) Domains. Each Domain currently holds 13 ~ 17 skills; click a button to see the list. Hold the mouse over a button and you will see a tooltip showing
도를 보여주는 툴팁을 볼 수 있을 것입니다.	your skill in that Domain.
2. 스킬 단계 : 스킬(마법) 계열은 방금 그 계열에 입문한 수준이라는 것을 뜻하는 Apprentice 에서부터 그 계열을 완벽하게 마스터했다는 뜻의 Grand Master 까지 총 5가지의 단계로 구분됩니다. 좌우 화살표를 누르면 이전, 다음 단계에 속한 스킬들을 볼 수 있습니다.	2. Skill tiers : skill (magic) Domains are divided into five tiers in all, from Apprentice, meaning you have just started in the Domain, to Grand Master, meaning you have mastered it completely. Press the left and right arrows to see the skills of the previous or next tier.
Apprentice   : 1레벨 ~ 24레벨	Apprentice   : Level 1 ~ 24
Adept        : 25레벨 ~ 49레벨	Adept        : Level 25 ~ 49
Expert       : 50레벨 ~ 74레벨	Expert       : Level 50 ~ 74
Master       : 75레벨 ~ 99레벨	Master       : Level 75 ~ 99
Grand Master : 100레벨	Grand Master : Level 100
3. 스킬 아이콘 리스트	3. Skill icon list
현재 선택된 스킬 단계에 속한 스킬 아이콘들의 리스트입니다. 스킬 아이콘에 마우스를 가져가면 그 스킬에 대한 간략한 정보를 나타내는 툴팁을 볼 수 있습니다. 스킬 아이콘을 클릭하면 해당 스킬의 구체적인 정보를 살펴볼 수 있으며, 스킬아이콘 아래의 바는 그 스킬의 현재 레벨에서의 경험치를 의미합니다.	The list of skill icons in the currently selected skill tier. Hold the mouse over a skill icon to see a tooltip with brief information about the skill. Click a skill icon to see the skill's full details; the bar under a skill icon shows the skill's Experience at its current level.
NOTE: 하위 스킬의 성장은 그 스킬이 속한 계열 레벨에 의해서 제한을 받습니다. 특정 스킬 단계에 속한 스킬들은 그 다음 단계의 레벨까지만 성장할 수 있으며, 그 이상 성장하기 위해서는 스킬 계열의 레벨을 보다 높여야 합니다. 어떤 스킬 단계에 속한 스킬들은, 그 계열의 현재 단계 + 1 단계까지만 성장시킬 수 있다는 뜻입니다.	NOTE: The growth of lower skills is limited by the level of the Domain they belong to. Skills in a given tier can only grow up to the level of the next tier; to grow them further you must raise the level of the Domain. In other words, skills in a tier can only be grown up to the Domain's current tier + 1.
ex> Apprentice 레벨에 속한 Create Holy Water 를 배운 Enchant 계열의 성직자의 계열 레벨이 10 라고 가정할 때, 이 성직자는 Create Holy Water 를 Adept(최대 49레벨)까지만 성장시킬 수 있습니다. 만약 Create Holy Water 를 50레벨 이상까지 성장시키기 위해서는 Enchant 계열의 레벨을 25까지 높여야 합니다.	ex> Suppose a Cleric of the Enchant Domain has learned Create Holy Water, an Apprentice skill, and his Domain level is 10. He can only grow Create Holy Water up to Adept (level 49 at most). To grow Create Holy Water to level 50 or higher, he must raise his Enchant Domain to level 25.
피베이트 계급부터 케이널 계급까지는 계급이 한 단계씩 오를때마다 해당 계급 스킬중 하나를 선택할 수 있습니다.	From the Private Rank to the Cainal Rank, each time you rise one Rank you can choose one of that Rank's rank skills.
서전트 계급에서 배울 수 있는 스킬	Skills available at the Sergeant Rank
-Deadly spear   : Critical 공격력 증가	-Deadly spear   : Increases Critical attack power
-Behemoth armor : Defense 증가	-Behemoth armor : Increases Defense
-Dragon eye     : To hit 증가	-Dragon eye     : Increases To Hit
-Immortal heart : HP 증가	-Immortal heart : Increases HP
-Reliance brain : MP 증가	-Reliance brain : Increases MP
피셀 계급에서 배울 수 있는 스킬	Skills available at the Fiscel Rank
-Slaying knife : Damage 증가	-Slaying knife : Increases Damage
-Hawk Wing     : 공격속도 증가	-Hawk Wing     : Increases attack speed
-Holy smashing : Enchant 계열 공격기술 데미지 증가	-Holy smashing : Increases Enchant attack skill Damage
-Soul smashing : Heal 계열 공격기술 데미지 증가	-Soul smashing : Increases Heal attack skill Damage
리테나 계급에서 배울 수 있는 스킬	Skills available at the Litena Rank
-Sapphire bless : Acid 저항 증가	-Sapphire bless : Increases Acid resistance
-Ruby bless     : Bloody 저항 증가	-Ruby bless     : Increases Bloody resistance
-Diamond bless  : Curse 저항 증가	-Diamond bless  : Increases Curse resistance
-Emerald bless  : Posion 저항 증가	-Emerald bless  : Increases Poison resistance
케이널 계급에서 배울 수 있는 스킬	Skills available at the Cainal Rank
-Magic brain  : 스킬사용시 MP소모량 감소	-Magic brain  : Reduces the MP cost of skills
-Wight hand   : HP 스틸 증가	-Wight hand   : Increases HP steal
-Seiren hand  : MP 스틸 증가	-Seiren hand  : Increases MP steal
-Fortune hand : Lucky 증가	-Fortune hand : Increases Luck
뱀파이어 정보창은 뱀파이어 캐릭터의 구체적인 정보 및 현재 상태를 보여주는 인터페이스로, Character 탭과 Skill 탭으로 나뉘어 있습니다.	The Vampire information window shows the detailed information and current state of your Vampire character. It is split into a Character tab and a Skill tab.
캐릭터의 능력치 및 길드 정보를 볼 수 있으며, 캐릭터에 대한 갖가지 상세 능력치 정보가 나타납니다. 캐릭터의 얼굴 모습에서부터 여러 능력치들과 경험치, 클랜에 가입된 상태라면 클랜명과 클랜마크를 볼 수 있습니다. 	Shows your character's stats and guild information, with all kinds of detailed stat information about your character. You can see everything from your character's face to the various stats and Experience, and, if you belong to a clan, the clan name and clan mark.
리터 계급부터 그라프 계급까지의 각 계급 스킬을 선택하고, 확인 할 수 있습니다.	Lets you choose and review the rank skills of each Rank, from the Ritter Rank to the Graf Rank.
뱀파이어 캐릭터 정보창에서 확인할 수 있는 내용은 아래와 같습니다.	The Vampire character information window shows the following.
 이름(Name)  : 뱀파이어의 이름	 Name        : The Vampire's name
 클랜(Clan)  : 뱀파이어가 속한 클랜 이름	 Clan        : The name of the clan the Vampire belongs to
 레벨(Level) : 뱀파이어의 성장 정도를 나타내는 수치. 레벨이 높으면 높을수록 캐릭터는 보다 많은 능력치를 가지며 보다 많은 마법을 사용할 수 있게 됩니다.	 Level       : How far the Vampire has grown. The higher the level, the more stats the character has and the more spells it can use.
 경험치(Exp) : 뱀파이어는 흡혈을 통해서 경험치를 축적하고, 이를 통해 레벨을 높이고 보너스 능력치를 분배받아서 캐릭터를 성장시키게 됩니다. 경험치 아래의 바는 다음 레벨로 성장하기 위해서 지금까지 축적해 놓은 경험치의 비율을 나타냅니다.	 Exp         : Vampires gain Experience through Blood Drain, which raises their level and grants bonus stat points to grow the character. The bar under Experience shows how much of the Experience needed for the next level has been gathered so far.
 성향(Alignment) : 뱀파이어의 성향. 캐릭터의 선악 정도를 나타낸다. 크게 선함(GOOD)/중립(NEUTRAL)/악함(EVIL) 으로 구분됩니다.	 Alignment   : The Vampire's Alignment, showing how good or evil the character is. It falls into three broad kinds: GOOD, NEUTRAL and EVIL.
 지식(INT)   : 지식은 캐릭터의 지적 능력을 나타내는 능력치입니다. 이 값이 높을수록 마법성공률이 높아지며 마법을 사용하는데 필요한 HP의 소모량이 줄어들게 됩니다.	 INT         : Intelligence is the stat for your character's mental ability. The higher it is, the higher your spell success rate and the less HP your spells cost.
뱀파이어는 레벨 시스템을 통해서 성장하는데, 일정 레벨이 되면 새로운 마법을 자동적으로 사용할 수 있게 됩니다. 독(Poison), 산(Acid), 저주(Curse), 피(Blood), 소환(Summon), 기본(Innate) 계열에 속한 각각 4 ~ 6가지의 마법들을 정해진 순서대로 배우게 됩니다. 	Vampires grow through the level system: at certain levels they can automatically use new spells. They learn 4 ~ 6 spells in each of the Poison, Acid, Curse, Blood, Summon and Innate schools, in a set order.
뱀파이어 스킬 정보창은 위쪽의 마법 계열 탭과 아래쪽의 마법 아이콘 리스트로 나뉘어진다.	The Vampire skill window is split into the magic school tabs at the top and the spell icon list at the bottom.
왼쪽의 Poison, Acid, Curse, Blood, Summon, Innate 버튼은 뱀파이어의 마법 계열을 나타냅니다.	The Poison, Acid, Curse, Blood, Summon and Innate buttons on the left are the Vampire magic schools.
하나의 마법 계열에는 현재 4 ~ 6 개의 마법이 속해 있으며 점차 추가될 전망입니다. 마법 리스트를 보기 위해서는 버튼을 클릭하면 됩니다.	Each magic school currently holds 4 ~ 6 spells, with more planned. Click a button to see its list of spells.
리터 계급부터 그라프 계급까지는 계급이 한 단계씩 오를때마다 해당 계급 스킬중 하나를 선택할 수 있습니다.	From the Ritter Rank to the Graf Rank, each time you rise one Rank you can choose one of that Rank's rank skills.
라히스리터 계급에서 배울 수 있는 스킬	Skills available at the Reichsritter Rank
-Immortal blood : HP 증가	-Immortal blood : Increases HP
-Behemoth skin  : Defense 증가	-Behemoth skin  : Increases Defense
-Safe robe      : Protection 증가	-Safe robe      : Increases Protection
바로네트 계급에서 배울 수 있는 스킬	Skills available at the Baronet Rank
-Crow Wing       : 공격속도 증가	-Crow Wing       : Increases attack speed
-Wisdom of blood : 스킬사용시 HP소모량 감소	-Wisdom of blood : Reduces the HP cost of skills
-Tiger Nail      : 근접공격계열 스킬 데미지 증가	-Tiger Nail      : Increases melee skill Damage
-Uranus bless    : HP 회복속도 증가	-Uranus bless    : Increases HP recovery speed
프라이헤르 계급에서 배울 수 있는 스킬	Skills available at the Freiherr Rank
-Disruption storm    : Storm 계열 스킬 데미지 증가	-Disruption storm    : Increases Storm skill Damage
-Wide storm          : Storm 계열 스킬 범위 증가	-Wide storm          : Increases Storm skill area
-Knowledge of Poison : Poison 계열 성공률 증가	-Knowledge of Poison : Increases Poison success rate
-Knowledge of Acid   : Acid 계열 성공률 증가	-Knowledge of Acid   : Increases Acid success rate
-Knowledge of Curse  : Curse 계열 성공률 증가	-Knowledge of Curse  : Increases Curse success rate
-Knowledge of Blood  : Bloody 계열 성공률 증가	-Knowledge of Blood  : Increases Bloody success rate
-Knowledge of Innate : Innate 계열 성공률 증가	-Knowledge of Innate : Increases Innate success rate
-Knowledge of Summon : Summon 계열 성공률 증가	-Knowledge of Summon : Increases Summon success rate
그라프 계급에서 배울 수 있는 스킬	Skills available at the Graf Rank
-Wisdom of Swamp    : Acid swamp 지속시간 증가	-Wisdom of Swamp    : Increases Acid swamp duration
-Wisdom of silence  : paralyze 지속시간 증가	-Wisdom of silence  : Increases paralyze duration
-Wisdom of darkness : darkness 지속시간 증가	-Wisdom of darkness : Increases darkness duration
-Wide darkness      : darkness 범위 증가	-Wide darkness      : Increases darkness area
인벤토리 인터페이스(Inventory Interface)	Inventory Interface
단축키 : TAB	Hotkey : TAB
인벤토리는 캐릭터의 아이템을 저장해두는 인터페이스입니다. 보다 게임을 재미있게 하기 위해서 인벤토리의 용량은 제한되어 있습니다. 그런데, DKx Online에 등장하는 아이템들은 그 크기와 모양이 다양하기 때문에, 보다 많은 아이템을 가지고 다니기 위해서는 평소에 인벤토리를 잘 정렬해둘 필요가 있습니다.	The inventory is the interface where your character keeps items. To make the game more fun, inventory space is limited. Since the items in DKx Online come in many sizes and shapes, you need to keep your inventory well arranged to carry more items.
슬레이어나 뱀파이어, 아우스터즈 모두 NPC 가 제공하는 보관 인터페이스를 사용함으로써 평소에는 사용하지 않는 아이템을 보다 많이 저장해둘 수 있습니다. 그러나, 보관 인터페이스를 사용하기 위해서는 NPC 에게 일정 액수의 돈을 주고 보관함을 사야 합니다.	Slayers, Vampires and Ousters can all store more of the items they do not use day to day by using the storage interface provided by NPCs. To use it, however, you must first buy a Storage from the NPC for a set sum of money.
인벤토리 사용하는 법	How to Use the Inventory
1. 인터페이스 불러오기	1. Opening the interface
TAB 키 혹은 메인 화면의 인벤토리 버튼(가방 모양)을 누르면 인벤토리 인터페이스를 불러올 수 있다. 한번 더 키를 누르거나 버튼을 누르면 다시 인터페이스가 사라지게 됩니다. 	Press the TAB key or the Inventory button (the bag) on the main screen to open the inventory interface. Press the key or button again to close it.
2. 아이템을 놓고 들기	2. Picking up and placing items
이동하고자 하는 아이템을 왼쪽 클릭하면, 마우스에 아이템이 들리게 되고, 들린 아이템은 인벤토리의 다른 영역이나 바닥, 장착창 등으로 옮길 수 있습니다. 같은 식으로 인벤토리를 잘 정렬해 놓으면 게임이 좀더 편해지게 됩니다.	Left-click an item you want to move and it is picked up on the mouse; you can then move it to another part of the inventory, the ground, the gear window and so on. Keeping your inventory neatly arranged this way makes the game much easier.
아이템을 버리려면, 인벤토리에 놓여 있는 아이템을 왼쪽 클릭해서 다시 바닥을 왼쪽 클릭하면 아이템은 인벤토리에서 사라지고 바닥에 떨어지게 됩니다.	To throw an item away, left-click it in your inventory and then left-click the ground; the item leaves your inventory and drops to the ground.
Shift키+왼쪽클릭을 하면 아이템 각각의 용도에 따라 벨트, 장착창(기어창)으로 쉽게 옮길수 있습니다. 또한 벨트, 장착창(기어창)에서 Shift키+왼쪽클릭을 해서 아이템창(인벤토리)로 쉽게 가져 올 수 있습니다.	Shift+left-click an item to move it straight to the belt or the gear window, depending on what it is. Likewise, Shift+left-click in the belt or gear window to bring an item back to the inventory.
보관함이 떠 있는 경우에는 마찬가지로 쉽게 아이템을 옮길 수 있습니다.	When Storage is open, you can move items there just as easily.
3. 아이템은 장착할 수 있는 요구 조건이 있으며, 요구 조건에 해당되지 않는 경우에는 아이템이 빨간색으로 표시되며 장착이 불가합니다.	3. Items have requirements for equipping them. If you do not meet the requirements, the item is shown in red and cannot be equipped.
4. 아이템을 사용하기	4. Using items
여러가지 사용가능한 아이템을 오른쪽 클릭하면 사용하실 수 있습니다.	Right-click any usable item to use it.
5. 돈을 땅바닥에 버리기	5. Dropping money on the ground
인벤토리 인터페이스의 왼쪽 하단에는 현재 가지고 있는 돈의 액수가 나타납니다. 이때, 돈그림 버튼을 눌러서 버리고자 하는 돈의 액수를 입력하면 그 돈이 마우스에 붙게 되고, 이 돈을 바닥에 버리면 됩니다. (돈을 누군가에게 주고 싶을 경우, 땅바닥에 그냥 버리지 말고 교환창을 사용하시기 바랍니다. ALT 를 누른 상태에서 교환하고자 하는 상대를 왼쪽 클릭하면 교환이 이루어집니다. 자세한 사용법은 교환 인터페이스를 띄운 다음 HELP 버튼을 눌러서 메시지를 읽어보시기 바랍니다.)	The bottom left of the inventory interface shows how much money you have. Press the money button and enter the amount you want to drop; the money sticks to the mouse, and you can then drop it on the ground. (If you want to give money to someone, do not just drop it on the ground; use the exchange window. Hold ALT and left-click the player you want to trade with to start a trade. For details, open the exchange interface and press the HELP button to read the help text.)
6. 아이템의 상세정보 보기	6. Viewing item details
인벤토리 인터페이스의 돋보기 버튼은 클릭하면 커서가 돋보기 모양으로 변합니다. 이때 살펴보고자하는 아이템을 클릭하면 해당아이템에 대한 자세한 설명을 쓰여져 있는 아이템 정보 인터페이스가 뜹니다. 스크롤바를 눌러서 내용을 살펴볼 수 있으며, 모두 읽었을 경우 닫기 버튼을 누르거나 오른쪽 클릭을 하시기 바랍니다.	Click the magnifying glass button on the inventory interface and the cursor turns into a magnifying glass. Click the item you want to examine and the item information interface opens with a detailed description of it. Use the scroll bar to read the text, and when you are done, press the close button or right-click.
DKx Online 기본 도움말(HELP)	DKx Online Basic Help (HELP)
단축키 : H	Hotkey : H
화면에 보이는 모든 창은 사용자의 편의에 맞게 이동, 확대 및 축소 등이 가능합니다. 	Every window on screen can be moved, enlarged and shrunk to suit you.
화면 인터페이스 요약	Screen interface overview
<인터페이스 공통>	< Common to all interfaces >
각 인터페이스에는 역할에 따라 자동숨김버튼과 반투명 버튼이 있습니다.	Depending on its role, each interface has an Auto-Hide button and a Translucent button.
인터페이스가 화면 끝에 붙어 있고, 자동숨김버튼이 켜져 되어있을때는 화면 밖으로 들어가게 되고, 마우스를 가져가면 나옵니다.	When an interface is docked at the edge of the screen and its Auto-Hide button is on, it slides off screen and comes back when you move the mouse over it.
인터페이스가 나오고, 들어가는 것이 느리면 Option에서 자동숨김 부드럽게 하기를 끄면 빠르게 이동됩니다.	If interfaces slide in and out too slowly, turn off smooth auto-hide in the Options and they will move quickly.
<인터페이스 상단>	< Top of the screen >
HP,EP,EXP바 	HP, EP, EXP bars
체력과 소울 포인트, 경험치가 차고 줄어드는 것을 보실 수 있습니다. 아우스터즈의 경우 HP,EP와 경험치가 나타나며, 이동과 위치 변경이 자유롭습니다. 이 바의 오른쪽 끝에는 가로/세로 버튼이, 왼쪽 끝에는 확대 및 축소 버튼이 있습니다. 	Watch your health, soul points and Experience fill up and drain. For Ousters, HP, EP and Experience are shown, and the bars can be moved and repositioned freely. At the right end of the bar is a horizontal/vertical button, and at the left end an enlarge/shrink button.
마법 표시창	Magic status window
맨 위쪽 가운데에 커서를 가져다 대보면 마법 표시 창이 있습니다. 그 창에는 캐릭터에 걸려있는 마법들이 나타나게 되며, 마법이 걸려있지 않을 때에는 아무것도 표시되지 않습니다.	Move the cursor to the very top center of the screen to find the magic status window. It shows the spells currently on your character, and shows nothing when no spells are active.
미니맵 	Minimap
단축키 : Control+M	Hotkey : Control+M
현재 캐릭터가 위치하고 있는 지역을 한 눈에 볼 수 있게 축소해 놓은 인터페이스입니다. 자동 숨김 버튼과 반투명 버튼으로 화면에서 안보이게 하거나 반투명으로 출력할 수 있습니다.	A scaled-down view of the area your character is in, so you can see it at a glance. With the Auto-Hide and Translucent buttons you can hide it from the screen or show it translucent.
<인터페이스 하단>	< Bottom of the screen >
채팅창	Chat window
자세한 설명은 채팅 도움말을 참고 하시기 바랍니다.	See the Chat help for details.
시스템 	System
스킬창, 날짜, 시간 표시창 및 메뉴, Help 탭이 있습니다. 	Holds the skill window, the date and time display, the menu and the Help tab.
스킬창에 대한 자세한 설명은 스킬 도움말을 참고하시기 바랍니다.	See the Skill help for details on the skill window.
메뉴(Menu) : 인벤토리, 장착창, 정보창, 파티창 버튼이 있습니다.	Menu : Holds the Inventory, Gear, Information and Party window buttons.
헬프(Help) : 플레이를 쉽게 할 수 있도록 해 주는 각종 도움말이 수록되어 있습니다.	Help : Holds all kinds of help to make playing easier.
DKx Online에서는 키보드와 마우스 입력을 조합해서 다양한 액션을 취할 수 있습니다. 	In DKx Online you can perform many actions by combining keyboard and mouse input.
입력 인터페이스 요약	Input overview
        왼쪽 클릭 : 이동, 공격, 아이템 들기와 버리기, 따라가기(안전지역)	        Left click : Move, attack, pick up and drop items, follow (safe zone)
      오른쪽 클릭 : 기술/마법 사용, 아이템 사용	      Right click : Use a technique/spell, use an item
 ALT   + 왼쪽클릭 : 아이템 교환하기(안전지역)	 ALT   + left click : Trade items (safe zone)
 R-ALT + 왼쪽클릭 : 파티맺기	 R-ALT + left click : Form a party
 CTRL  + 왼쪽클릭 : 따라가기(전투지역)	 CTRL  + left click : Follow (combat zone)
 SHIFT + 왼쪽클릭 : 강제공격하기 	 SHIFT + left click : Force attack
         왼쪽 ALT : 바닥에 놓여진 아이템들의 목록 보기	         Left ALT : List the items lying on the ground
              Tab : 인벤토리창 켜고 끄기 	              Tab : Inventory window on/off
       CTRL + Tab : 장착창 켜고 끄기  	       CTRL + Tab : Gear window on/off
       CTRL + S   : 퀵스킬 켜고 끄기  	       CTRL + S   : Quick skills on/off
       CTRL + I   : 정보창 켜고 끄기  	       CTRL + I   : Information window on/off
       CTRL + K   : 스킬창 켜고 끄기  	       CTRL + K   : Skill window on/off
       CTRL + H   : 기본 도움말	       CTRL + H   : Basic help
         F7 ~ F12 : 퀵스킬선택 및 지정	         F7 ~ F12 : Select and assign quick skills
         F1 ~ F6  : 회복 아이템 저장 및 사용	         F1 ~ F6  : Store and use recovery items
      SCROLL LOCK : 화면 캡처하기(Screenshot)  	      SCROLL LOCK : Take a screenshot (Screenshot)
              ESC : 게임메뉴	              ESC : Game menu
 * 각 단축키는 옵션에서 사용자의 편의에 따라 변경하실 수 있습니다.	 * You can change each hotkey in the Options to suit you.
 * 채팅 모드일 때는 S, I, K등 채팅에 입력되는 단축키들은 단독으로 사용하실수 없습니다. Control키 또는 Alt키와 함께 누르시면 사용가능 하므로, 변경시에는 특별히 Control키 또는 Alt키와의 조합을 사용하지 않는 편이 좋습니다.	 * In chat mode, hotkeys that type into chat, such as S, I and K, cannot be used on their own. They work together with the Control or Alt key, so when changing hotkeys it is best not to use combinations with Control or Alt in particular.
 * 채팅 단축키에 대해서는 채팅 도움말을 참고 하시기 바랍니다.	 * For the chat hotkeys, see the Chat help.
입력 인터페이스에 대한 자세한 설명	Input in detail
1. 이동과 공격, 따라가기	1. Moving, attacking and following
          이동하기 : 가고자 하는 지점으로 마우스 왼쪽 클릭을 하여 이동합니다. 연속 이동을 하고자 한다면 가고자 하는 방향으로 마우스를 드래그 합니다.	          Move : Left-click the spot you want to go to. To keep moving, drag the mouse in the direction you want to go.
          공격하기 : 공격하고자 하는 적을 왼쪽 클릭하세요. 공격하기는 다른 종족 혹은 몬스터에게만 적용되며, 같은 슬레이어나 뱀파이어, 아우스터즈를 공격하려면, 강제공격 입력을 해야 합니다. 공격할 수 있는 대상은 마우스 커서를 대면 붉은색 테두리가 만들어지며, 공격할 수 있습니다.	          Attack : Left-click the enemy you want to attack. Attacking works only on other races or monsters; to attack a fellow Slayer, Vampire or Ousters you must use a force attack. Targets you can attack get a red outline when you hover the cursor over them.
          강제공격 : 강제공격하고자 하는 상대를 SHIFT 를 누른 상태에서 왼쪽 클릭합니다. 단, 같은 종족을 자주 공격하게되면 성향(Alignment)이 나빠져서 여러 가지 페널티를 받게 되니 주의하시기 바랍니다.	          Force attack : Hold SHIFT and left-click the target you want to force attack. Be careful, though: attacking your own race often worsens your Alignment and brings various penalties.
          이름보기 : 전투지역에서는 CTRL 을 누른 상태에서 마우스를 상대방에게 갖다대면 이름이 나옵니다. 안전지역에서는 그냥 마우스만 갖다대어도 이름이 나옵니다.	          View names : In combat zones, hold CTRL and hover the mouse over a player to see their name. In safe zones, just hovering the mouse shows the name.
          따라가기 : 따라가고자 하는 상대를 CTRL 을 누른 상태에서 왼쪽 마우스로 클릭합니다. 미니맵에 녹색으로 표시되는 안전지대에서는 그냥 왼쪽 클릭만 하셔도 됩니다. 단, 따라가기는 같은 종족에게만 적용됩니다.	          Follow : Hold CTRL and left-click the player you want to follow. In safe zones, shown in green on the minimap, a plain left-click is enough. Following only works on your own race.
2. 아이템을 버리고 줍기, 장착하기와 벗기, 사용하기, 교환하기	2. Dropping and picking up, equipping and removing, using and trading items
       아이템 줍기 : 바닥이나 인벤토리에 있는 아이템을 마우스 왼쪽 클릭합니다.	       Pick up items : Left-click an item on the ground or in the inventory.
     아이템 버리기 : 들고 있는 아이템을 바닥이나 인벤토리에서 마우스 왼쪽 클릭합니다.	     Drop items : Left-click the ground or the inventory with the item you are holding.
   아이템 장착하기 : 장착 인터페이스를 띄운 다음, 인벤토리의 아이템을 클릭하여 장착하고자 하는 슬랏에 마우스 왼쪽 클릭으로 장착합니다. 장착창에 장착했을 때 붉은색으로 나타나는 아이템은 착용은 가능하지만 아이템 고유의 능력치나 옵션은 사용할 수 없습니다.	   Equip items : Open the gear interface, click an item in the inventory, then left-click the slot you want to equip it in. Items shown in red in the gear window can be worn, but their own stats and options do not apply.
     아이템 벗기기 : 장착 인터페이스를 띄운 다음, 벗기고자 하는 아이템을 마우스 왼쪽 클릭합니다.	     Remove items : Open the gear interface and left-click the item you want to remove.
   아이템 사용하기 : 인벤토리 인터페이스에서 사용하고자 하는 아이템을 마우스 오른쪽 클릭합니다.   	   Use items : Right-click the item you want to use in the inventory interface.
   아이템 교환하기 : 안전지대에서 ALT 를 누른 상태에서 마우스 왼쪽 클릭합니다.	   Trade items : In a safe zone, hold ALT and left-click.
3. 기술/마법 선택, 사용하기	3. Selecting and using techniques/spells
 자세한 설명은 스킬 도움말을 참고하시기 바랍니다.	 See the Skill help for details.
4. 채팅창 사용하기	4. Using the chat window
화면에 보이는 모든 창은 사용자의 편의에 맞게 이동이 가능합니다. 	Every window on screen can be moved to suit you.
이동된 창의 위치나 상태, 단축키설정은 DarkEden폴더의 UserSet폴더 안에 캐릭터 별로 저장되어 있으며, 옵션도 함께 저장되어 있습니다.	Moved window positions and states and your hotkey settings are saved per character in the UserSet folder inside the DarkEden folder, together with your options.
원래의 설정으로 되돌리고 싶으면 이안의 설정파일들을 삭제하시면 됩니다.	To return to the original settings, delete the settings files in that folder.
HP, MP바 	HP, MP bars
체력과 마나가 차고 줄어드는 것을 보실 수 있습니다. 슬레이어의 경우 붉은색이 HP, 푸른색이 MP이동과 위치 변경이 자유롭습니다. 이 바의 오른쪽 끝에는 가로/세로 전환 버튼이, 왼쪽 끝에는 확대 및 축소 버튼이 있습니다. 	Watch your health and mana fill up and drain. For Slayers, red is HP and blue is MP, and the bars can be moved and repositioned freely. At the right end of the bar is a horizontal/vertical toggle button, and at the left end an enlarge/shrink button.
퀵아이템창(벨트)	Quick item window (Belt)
단축키 : Control+~	Hotkey : Control+~
앰플, 탄창같은 아이템을 올려 놓고 간편하게 사용할 수 있는 창입니다. 퀵 아이템 창의 오른쪽에 커서를 가져다 대보면 하이라이트 되는 부분을 클릭하면 가로/세로를 전환 할 수 있습니다.	A window where you place items such as ampuls and magazines for easy use. Move the cursor to the right side of the quick item window and click the highlighted part to switch it between horizontal and vertical.
자세한 설명은 채팅 도움말을 참고하시기 바랍니다.	See the Chat help for details.
스킬창, 날짜, 시간 표시창 및 메뉴, 경험치(Exp), Help 탭이 있습니다. 	Holds the skill window, the date and time display, the menu, Experience (Exp) and the Help tab.
경험치(Exp) : 능력치와 각 상위 도메인 별 경험치의 수치를 볼 수 있습니다.	Experience (Exp) : Shows your stats and the Experience in each higher Domain.
       CTRL + M   : 미니맵 켜고 끄기	       CTRL + M   : Minimap on/off
       CTRL + ~   : 퀵아이템 켜고 끄기  	       CTRL + ~   : Quick items on/off
         F1 ~ F8  : 퀵아이템(벨트) 사용하기	         F1 ~ F8  : Use quick items (Belt)
         F9 ~ F12 : 퀵스킬선택 및 지정	         F9 ~ F12 : Select and assign quick skills
          공격하기 : 공격하고자 하는 적을 왼쪽 클릭하세요. 공격하기는 다른 종족 혹은 몬스터에게만 적용되며, 같은 슬레이어나 뱀파이어를 공격하려면, 강제공격 입력을 해야 합니다. 공격할 수 있는 대상은 마우스 커서를 대면 붉은색 테두리가 만들어지며, 공격할 수 있습니다.	          Attack : Left-click the enemy you want to attack. Attacking works only on other races or monsters; to attack a fellow Slayer or Vampire you must use a force attack. Targets you can attack get a red outline when you hover the cursor over them.
   모터사이클 타기 : 자신의 모터사이클을 마우스 왼쪽 클릭하여 탑승합니다. 단 모터사이클의 열쇠가 인벤토리에 존재해야 합니다.	   Ride a Motorcycle : Left-click your own Motorcycle to get on. The Motorcycle's key must be in your inventory.
 모터사이클 내리기 : 모터사이클을 탄 상태에서 바닥을 마우스 오른쪽 클릭합니다.	 Get off a Motorcycle : While riding, right-click the ground.
   아이템 사용하기 : 퀵아이템(벨트) 인터페이스, 인벤토리 인터페이스에서 사용하고자 하는 아이템을 마우스 오른쪽 클릭합니다.   	   Use items : Right-click the item you want to use in the quick item (Belt) interface or the inventory interface.
     퀵아이템 보기 : ~키를 누르면 화면 채팅창의 왼쪽상단에 퀵아이템이 보입니다. 퀵아이템은 벨트를 장착해야지만 보이게 됩니다.	     View quick items : Press the ~ key to show the quick items at the top left of the chat window. Quick items only appear when you are wearing a Belt.
 퀵아이템 사용하기 : 퀵아이템 인터페이스를 띄운 다음 사용하고자 하는 아이템을 오른쪽 클릭하시거나 F1 ~ F8 의 단축키를 누르시면 해당되는 슬랏에 있는 아이템을  사용할 수 있습니다.	 Use quick items : Open the quick item interface and right-click the item you want to use, or press the F1 ~ F8 hotkeys to use the item in the matching slot.
 자세한 설명은 채팅 도움말을 참고하시기 바랍니다.	 See the Chat help for details.
HP, EXP바 	HP, EXP bars
체력과 경험치가 차고 줄어드는 것을 보실 수 있습니다. 뱀파이어의 경우 HP 와 경험치가 나타나며, 이동과 위치 변경이 자유롭습니다. 이 바의 오른쪽 끝에는 가로/세로 버튼이, 왼쪽 끝에는 확대 및 축소 버튼이 있습니다. 	Watch your health and Experience fill up and drain. For Vampires, HP and Experience are shown, and the bars can be moved and repositioned freely. At the right end of the bar is a horizontal/vertical button, and at the left end an enlarge/shrink button.
               F1 : 혈청사용	               F1 : Use Serum
다른 캐릭터 정보 보기 인터페이스	View Other Character Interface
게임 내에서 같은 종족의 다른 아우스터즈 캐릭터의 정보를 보여주는 인터페이스입니다.	This interface shows information about other Ousters characters of your own race in the game.
단축키 : 오른쪽 Control + 다른 아우스터즈 캐릭터에 마우스 왼쪽 버튼 클릭	Hotkey : right Control + left-click another Ousters character
볼 수 있는 캐릭터 정보	Character information shown
다른 아우스터즈 정보 보기창에서 확인할 수 있는 캐릭터 정보들은 아래와 같습니다.	The other Ousters information window shows the following character information.
 아우스터즈의 이미지	 The Ousters' picture
 아우스터즈의 계급 마크	 The Ousters' Rank mark
 아우스터즈가 속한 길드 이미지	 The picture of the Ousters' guild
 이름(Name)     : 아우스터즈의 이름	 Name      : The Ousters' name
 계급(Grade)    : 아우스터즈의 계급	 Grade     : The Ousters' Rank
 길드(Guild)    : 해당 아우스터즈가 속해있는 길드	 Guild     : The guild the Ousters belongs to
 레벨(Level)    : 아우스터즈의 레벨	 Level     : The Ousters' level
 힘(STR)        : 해당 아우스터즈의 순수 힘과 현재 힘	 STR       : The Ousters' base strength and current strength
 민첩성(DEX)    : 해당 아우스터즈의 순수 민첩성과 현재 민첩성	 DEX       : The Ousters' base dexterity and current dexterity
 지식(INT)      : 해당 아우스터즈의 순수 지식과 현재 지식	 INT       : The Ousters' base intelligence and current intelligence
 성향(Alignment): 해당 아우스터즈의 성향	 Alignment : The Ousters' Alignment
게임 내에서 같은 종족의 다른 슬레이어 캐릭터의 정보를 보여주는 인터페이스입니다.	This interface shows information about other Slayer characters of your own race in the game.
단축키 : 오른쪽 Control + 다른 슬레이어 캐릭터에 마우스 왼쪽 버튼 클릭	Hotkey : right Control + left-click another Slayer character
다른 슬레이어 정보 보기창에서 확인할 수 있는 캐릭터 정보들은 아래와 같습니다.	The other Slayer information window shows the following character information.
 슬레이어의 이미지	 The Slayer's picture
 슬레이어의 계급 마크	 The Slayer's Rank mark
 슬레이어가 속한 팀 이미지	 The picture of the Slayer's team
 이름(Name)     : 슬레이어의 이름	 Name      : The Slayer's name
 계급(Grade)    : 슬레이어의 계급	 Grade     : The Slayer's Rank
 팀(Team)       : 해당 슬레이어가 속해있는 팀	 Team      : The team the Slayer belongs to
 레벨(Level)    : 슬레이어의 직업과 해당 직업의 레벨	 Level     : The Slayer's class and its level
 명성(Fame)     : 슬레이어의 명성	 Fame      : The Slayer's Fame
 힘(STR)        : 해당 슬레이어의 순수 힘과 현재 힘	 STR       : The Slayer's base strength and current strength
 민첩성(DEX)    : 해당 슬레이어의 순수 민첩성과 현재 민첩성	 DEX       : The Slayer's base dexterity and current dexterity
 지식(INT)      : 해당 슬레이어의 순수 지식과 현재 지식	 INT       : The Slayer's base intelligence and current intelligence
 성향(Alignment): 해당 슬레이어의 성향	 Alignment : The Slayer's Alignment
게임 내에서 같은 종족의 다른 뱀파이어 캐릭터의 정보를 보여주는 인터페이스입니다.	This interface shows information about other Vampire characters of your own race in the game.
단축키 : 오른쪽 Control + 다른 뱀파이어 캐릭터에 마우스 왼쪽 버튼 클릭	Hotkey : right Control + left-click another Vampire character
다른 뱀파이어 정보 보기창에서 확인할 수 있는 캐릭터 정보들은 아래와 같습니다.	The other Vampire information window shows the following character information.
 뱀파이어의 이미지	 The Vampire's picture
 뱀파이어의 계급 마크	 The Vampire's Rank mark
 뱀파이어가 속한 클랜 이미지	 The picture of the Vampire's clan
 이름(Name)     : 뱀파이어의 이름	 Name      : The Vampire's name
 계급(Grade)    : 뱀파이어의 계급	 Grade     : The Vampire's Rank
 클랜(Clan)     : 해당 뱀파이어가 속해있는 클랜	 Clan      : The clan the Vampire belongs to
 레벨(Level)    : 뱀파이어의 레벨	 Level     : The Vampire's level
 힘(STR)        : 해당 뱀파이어의 순수 힘과 현재 힘	 STR       : The Vampire's base strength and current strength
 민첩성(DEX)    : 해당 뱀파이어의 순수 민첩성과 현재 민첩성	 DEX       : The Vampire's base dexterity and current dexterity
 지식(INT)      : 해당 뱀파이어의 순수 지식과 현재 지식	 INT       : The Vampire's base intelligence and current intelligence
 성향(Alignment): 해당 뱀파이어의 성향	 Alignment : The Vampire's Alignment
아우스터즈의 기술은 근접 전투 기술과 불,물,대지 계열의 마법으로 이루어져 있습니다.	Ousters skills consist of close combat techniques and Fire, Water and Earth magic.
아우스터즈의 기술을 습득하려면 레벨업 시 주어지는 스킬 포인트를 사용해야 합니다.	To learn Ousters skills, you spend the Skill Points you receive when you level up.
아우스터즈의 스킬과 마법의 습득은 스킬 트리 창에서 배울 수 있습니다.	Ousters learn skills and magic in the skill tree window.
스킬 레벨은 해당 스킬에 지속적으로 스킬 포인트를 사용하여 올릴 수 있습니다.	You raise a skill's level by continuing to spend Skill Points on it.
스킬 사용은 스킬 창에 해당 스킬을 띄운 후 오른쪽 마우스로 대상을 클릭하시면 됩니다.	To use a skill, bring it up in the skill window and right-click the target.
스킬은 레벨의 상승에 따라 모아지는 스킬 포인트로 배울 수 있습니다.	Skills are learned with the Skill Points you collect as you level up.
스킬 레벨이 올라감에 따라 데미지와 명중률 보너스를 받습니다.	As a skill's level rises, you get Damage and To Hit bonuses.
스킬 레벨은 특정 스킬의 숙련도를 나타내며, 스킬포인트 사용에 따라 레벨이 상승합니다.	Skill level shows how well you have mastered a skill, and it rises as you spend Skill Points.
사용하는 무기에 따라서 사용할 수 있는 기술이 달라집니다.	The techniques you can use depend on the weapon you use.
근접 전투에서의 물리적인 공격과 방어를 위해서는 '챠크람'을 착용해야 합니다.	For physical attack and defense in close combat, you must wear a 'Chakram'.
정령술(마법)을 사용하기 위해서는 '리스틀릿'을 착용해야 합니다.	To use elemental magic, you must wear a 'Wristlet'.
Control+H를 누르시면 도움말을 볼 수 있습니다.	Press Control+H to view the help.
Control+K를 누르시면 스킬 트리를 볼 수 있습니다.	Press Control+K to view the skill tree.
자신의 정보는 Control+I를 눌러 확인할 수 있습니다.	Press Control+I to check your own information.
아우스터즈는 소환석을 이용하여 빠른 이동을 할수 있습니다.	Ousters can travel quickly using summoning stones.
아우스터즈는 맵 곳곳에 위치한 '대지정령의 뿔'을 이용하여 원하는 장소로 워프할수 있습니다.	Ousters can warp to the place they want using the 'Earth Spirit Horns' found all over the map.
HP를 회복하려면 회복 아이템을 사용하거나 '대지정령의 뿔'근처로 이동하면 자동으로 회복됩니다.	To recover HP, use a recovery item, or move near an 'Earth Spirit Horn' and you recover automatically.
경험치(EXP) : 아우스터즈가 다른 크리처를 죽일 때에 상승합니다. 	Experience (EXP) : rises when Ousters kill other creatures.
한 몬스터를 여러명이 공격하였을 경우, 크리처에게 입힌 데미지에 의하여 경험치가 배분됩니다.	When several players attack one monster, Experience is shared according to the Damage each dealt to the creature.
EP의 경우, 마법과 스킬을 사용 할 때와 회복 아이템을 생성할때 사용됩니다.	EP is spent when you use magic and skills and when you create recovery items.
흡영을 할 경우 EP를 체울 수 있습니다. 	You can refill EP with Absorb Soul.
회복 아이템은 암스밴드의 창에 올려 놓고 사용할 수 있습니다.	Recovery items can be placed in the Armsband window and used from there.
스킬은 Control+S 활성화 시켜놓으신 후, 마우스 오른쪽 버튼을 클릭하면 사용할 수 있습니다.	To use a skill, turn on the skill window with Control+S, then right-click.
마법 단축키는 S 누르신 후, F7~F12의 단축키로 설정할 수 있습니다.	To set spell hotkeys, press S, then assign them to F7~F12.
캐릭터 생성 시, 아우스터즈의 능력치 총합은 45입니다.	At character creation, an Ousters' stats total 45.
파티 관리 인터페이스(Party Manage Interface)	Party Manage Interface
단축키 : Control + P	Hotkey : Control + P
플레이어들끼리 맺은 파티를 관리하기 위한 인터페이스입니다. 이 인터페이스를 통해서 파티에서의 가입, 탈퇴 또는 다른 파티원을 추방할 수 있습니다.	This interface manages the parties players form with each other. Through it you can join or leave a party or expel other party members.
관리창 위쪽에는 자신이 플레이하고 있는 캐릭터의 얼굴 및 이름, HP바가 출력됩니다. 자신의 캐릭터 정보 아래로 다른 파티원들의 정보가 출력되며, 커서를 가져다 대면 존 이름과 좌표가 나타납니다. 	The top of the window shows the face, name and HP bar of the character you are playing. The other party members' information is shown below yours; hover the cursor over it to see their zone name and coordinates.
 * 인터넷 공유를 사용하여 내부IP를 사용하는 컴퓨터에서는 파티원의 정보가 잘 전달되지 않을수도 있습니다.	 * On computers with a private IP behind a shared internet connection, party member information may not always get through.
파티 관리 인터페이스를 사용하는 방법	How to Use the Party Manage Interface
1. 파티 맺기 상대 지정 (오른쪽 ALT + 마우스 왼쪽 클릭)	1. Choosing a party partner (right ALT + left-click)
파티를 맺고자 하는 상대방 캐릭터에 대해서 오른쪽 ALT 키를 누른 상태에서 왼쪽 클릭을 하면, 상대방의 화면 왼쪽 아래에 파티 요청이 들어오고 있다는 아이콘이 뜹니다. 이 아이콘을 클릭하면 메세지가 나오고, 이때 상대방이 요청에 응하게 되면 파티를 맺게 되고 관리창이 뜹니다.	Hold the right ALT key and left-click the character you want to party with, and an icon appears at the bottom left of their screen to show a party request is coming in. Clicking the icon brings up a message; if they accept the request, the party is formed and the management window opens.
2. 파티에서 탈퇴하기 	2. Leaving a party
관리창에 나타나 있는 자신의 캐릭터 정보 오른쪽에 있는 X모양의 버튼을 누르면 탈퇴할 수 있습니다.	Press the X-shaped button to the right of your own character information in the management window to leave.
3. 다른 파티원 추방하기 	3. Expelling other party members
관리창에 나타나 있는 타 파티원의 정보 오른쪽에 있는 X모양의 버튼을 클릭하면 파티원을 추방할 수 있습니다. 단, 파티에 가입한지 일정시간이 지나야 다른 파티원을 추방할 수 있습니다.	Click the X-shaped button to the right of another member's information in the management window to expel that member. You can only expel other members once a certain time has passed since you joined the party.
4. 파티 요청 거부하기 	4. Refusing party requests
다른 사람과 파티를 맺을 의사가 없는 경우, 관리창 아래의 손 모양의 아이콘을 클릭해서 파티 요청 메세지를 거부할 수 있습니다.	If you do not want to party with anyone, click the hand-shaped icon at the bottom of the management window to refuse party request messages.
5. 파티원 구분 및 위치 파악하기	5. Telling party members apart and finding them
자신과 파티를 맺은 파티원들의 머리 위에는 HP바가 출력되며, 자신과 떨어지게 되면 그 파티원이 있는 방향으로 화면 끝에 화살표가 나타납니다.(파티원이 다른 존에 있는 경우는 나타나지 않습니다.)	An HP bar is shown above the heads of your party members, and when one is away from you, an arrow appears at the edge of the screen pointing their way. (It does not appear when the member is in another zone.)
같은 존에 있을 경우, 파티원의 위치를 미니맵에서 파악할 수 있습니다.	When you are in the same zone, you can find your party members' positions on the minimap.
6. 파티원끼리의 채팅	6. Chatting between party members
파티를 맺은 파티원끼리는 채팅창에서 파티채팅을 선택하여 파티 채팅을 할 수 있습니다.	Party members can chat with each other by selecting party chat in the chat window.
7. 파티원 얼굴 크게보기	7. Viewing party members' faces enlarged
파티창의 얼굴 부분에 마우스를 가져간후 3초가 지나면 큰 얼굴을 볼 수 있습니다.	Hold the mouse over a face in the party window for 3 seconds to see a larger face.
상점 인터페이스(Shop Interface)	Shop Interface
물건을 사고 파는 역할을 담당하는 NPC 에게 이야기할 경우 이 인터페이스가 뜹니다. NPC 들은 모든 물건을 사고 팔 수도 있지만, 대부분은 특정 물건만 사고 파는 경우가 많습니다. NPC 들의 혼잣말을 잘 들어보면 어떤 물건을 누가 파는지 알 수 있습니다.	This interface appears when you talk to an NPC who buys and sells goods. Some NPCs buy and sell everything, but most deal only in certain goods. Listen closely to what the NPCs mutter to themselves and you can learn who sells what.
상점 인터페이스를 사용하는 방법	How to Use the Shop Interface
1. 아이템 사기	1. Buying items
상점에 진열된 물건들은 그 가치와 능력, 성능에 따라서 3가지의 칸으로 분류되어 있습니다. 	Goods on display in a shop are sorted into 3 sections by their value, abilities and performance.
NORMAL : 가장 일반적인 아이템입니다.	NORMAL : The most common items.
SPECIAL : 이곳에서는 기본아이템에 여러가지의 능력향상 옵션이 붙은 아이템을 살 수 있습니다.	SPECIAL : Here you can buy basic items with various stat-boosting options attached.
MYSTERIOUS : 어떤 아이템인지 알 수 없는 아이템들이 있습니다/.	MYSTERIOUS : Items whose nature is unknown.
원하는 칸을 선택하면 그 등급에 해당하는 아이템들이 진열되어 있는 것을 볼 수 있습니다. 그 중에서 사고자하는 아이템을 왼쪽 클릭하면 아이템의 가격과 구입 여부를 묻는 창이 뜹니다. YES 를 선택하면 돈이 자동으로 지불되고 아이템은 자신의 인벤토리로 들어오게 됩니다.	Select the section you want to see the items of that grade on display. Left-click the item you want to buy, and a window shows the item's price and asks whether to buy it. Choose YES and the money is paid automatically and the item goes into your inventory.
2. 아이템 팔기	2. Selling items
NPC 에게 아이템을 팔고 싶다고 말을 걸면 팔기 인터페이스가 뜹니다. 그다음, 팔고싶은 아이템을 왼쪽 클릭하면, 아이템의 가격과 판매 여부를 묻는 창이 뜹니다. YES 를 선택하면 아이템은 자동으로 팔리며 그에 해당하는 돈이 지불됩니다.	Tell the NPC you want to sell items and the selling interface opens. Then left-click the item you want to sell, and a window shows the item's price and asks whether to sell it. Choose YES and the item is sold automatically and you are paid for it.
몬스터의 머리(틴버전에서는 소울 스톤)을 한꺼번에 팔고 싶으시면 오른쪽 클릭을 하시면 전체가격이 나오고, 팔 수 있습니다.	To sell all your monster heads (Soul Stones in the Teen version) at once, right-click one; the total price is shown and you can sell them.
3. 아이템 수리	3. Repairing items
NPC 와 이야기할 때, 수리해달라는 대화를 선택하면 수리 인터페이스가 뜹니다. 그다음, 수리하고 싶은 아이템을 왼쪽 클릭하면, 수리 가격과 수리 여부를 묻는 창이 뜹니다. YES 를 선택하면 아이템은 자동으로 수리되며, 그에 해당하는 돈이 지불됩니다.	When talking to an NPC, choose the line asking for repairs and the repair interface opens. Then left-click the item you want repaired, and a window shows the repair price and asks whether to repair it. Choose YES and the item is repaired automatically and the cost is paid.
오른쪽 클릭을 하시면 기어창의 모든 아이템을 수리하실 수 있습니다.	Right-click to repair every item in the gear window.
4. 검, 도 은도금하기	4. Silver-plating swords and blades
검과 도는 은도금할 경우 뱀파이어에게 치명적인 피해를 주게 됩니다. 은도금을 해주는 NPC 와 이야기할 때, 은도금해달라는 대화를 선택하면 은도금 인터페이스가 뜹니다. 그다음, 은도금 하고 싶은 무기를 왼쪽 클릭하면, 은도금 가격과 도금 여부를 묻는 창이 뜹니다. YES 를 선택하면 무기는 자동으로 은도금되며, 그에 해당하는 돈이 지불됩니다.	Silver-plated swords and blades deal deadly damage to Vampires. When talking to an NPC who does silver plating, choose the line asking for silver plating and the silver-plating interface opens. Then left-click the weapon you want plated, and a window shows the plating price and asks whether to plate it. Choose YES and the weapon is silver-plated automatically and the cost is paid.
스킬 인터페이스(SKill Interface)	Skill Interface
DKx Online에는 슬레이어와 뱀파이어, 아우스터즈는 각각 직업별로 많은 수의 기술과 마법이 있습니다.	In DKx Online, Slayers, Vampires and Ousters each have a large number of techniques and spells for each class.
공격기술과 보조마법, 회복마법, 저주마법, 정령마법 등 다양한 종류의 기술과 마법으로 다양한 전투를 하실 수 있습니다.	With many kinds of techniques and spells - attack techniques, support magic, healing magic, curse magic, elemental magic and more - you can fight in many different ways.
스킬 인터페이스 사용하는 방법	How to Use the Skill Interface
1. 스킬 보기 : 게임 화면의 오른쪽 하단에 퀵스킬(Quick Skill) 버튼또는 Control+S 를 누릅니다.	1. Viewing skills : Press the Quick Skill button at the bottom right of the game screen, or Control+S.
2. 스킬 선택하기 : 자신이 알고 있는 전체 스킬 아이콘 중에서 사용하고자 하는 스킬을 마우스 왼쪽 클릭합니다. 단축키를 지정한 경우 단축키를 이용하여 간편하게 사용할 수 있습니다.	2. Selecting a skill : Left-click the skill you want to use among all the skill icons you know. If you have assigned a hotkey, you can use the hotkey instead for convenience.
3. 스킬 사용하기 : 스킬의 종류에 따라서 적절한 목표물을 오른쪽 클릭하세요. 공격 기술의 경우, 상대방을 마우스 오른쪽 클릭하고 아이템에 관련된 기술은 인벤토리를 오른쪽 클릭합니다. 자신에게만 사용하는 마법의 경우 그냥 마우스 오른쪽 클릭을 하면 자신에게 적용됩니다.	3. Using a skill : Right-click a suitable target for the kind of skill. For attack techniques, right-click the opponent; for item-related techniques, right-click in the inventory. Spells you can only cast on yourself are applied to you with a plain right-click.
4. 퀵스킬 단축키 지정 : 퀵스킬의 단축키는 F9 ~ F12 이며, 총 4개의 스킬셋을 지정할 수 있습니다. 퀵스킬 인터페이스를 띄운 다음 지정하고자 하는 스킬 아이콘에 마우스를 대고 F9 ~ F12 를 누르면 자동으로 지정됩니다.	4. Assigning quick skill hotkeys : The quick skill hotkeys are F9 ~ F12, and you can assign 4 skill sets in all. Open the quick skill interface, hover the mouse over the skill icon you want to assign and press F9 ~ F12 to assign it automatically.
뱀파이어는 추가로 F5~F8의 단축키를 더 사용할 수 있으며, 아우스터즈의 경우 F7 ~ F12까지 단축키로 지정할 수 있습니다.	Vampires can also use the F5~F8 hotkeys, and Ousters can assign hotkeys from F7 ~ F12.
한개의 스킬셋에는 각각 4개의 스킬을 지정할 수 있으며 단축키를 누를때마다 차례로 선택됩니다.	Each skill set can hold 4 skills, which are selected in turn each time you press the hotkey.
야전사령부에서 회복(Heal),축복(Enchant) 스킬은 타냐에게 배울 수 있습니다.	At the Field Headquarters you can learn Heal and Enchant skills from Tanya.
야전사령부에서 총 스킬은 자크에게 배울 수 있습니다.	At the Field Headquarters you can learn gun skills from Jacques.
야전사령부에서 검,도 스킬은 카이저에게 배울 수 있습니다.	At the Field Headquarters you can learn sword and blade skills from Kaiser.
Control+K를 누르시면 도메인 레벨과 스킬 레벨을 볼 수 있습니다.	Press Control+K to see your Domain levels and skill levels.
벨트의 퀵 슬랏을 여는 단축키는 Control+~ 입니다.	The hotkey that opens the belt's quick slots is Control+~.
무기에 따라 종속되어 올라가는 능력치가 다릅니다.	Which stats rise depends on your weapon.
도 & 검은 Str(힘)의 능력치가 다른 능력치보다 상승 폭이 큽니다.	With blades & swords, STR rises more than your other stats.
총은 Dex(민첩)의 능력치가 다른 능력치보다 상승 폭이 큽니다.	With guns, DEX rises more than your other stats.
십자가 & 메이스는 Int(지식)의 능력치가 다른 능력치보다 상승 폭이 큽니다.	With crosses & maces, INT rises more than your other stats.
일반적으로 Sum 은 Str(힘)+Dex(민첩)+Int(지식) 의 합을 의미합니다.	Sum usually means the total of STR + DEX + INT.
검을 무기로 계속 사용하면 검 도메인 레벨이 오르게 됩니다.	Keep using a sword as your weapon and your Sword Domain level rises.
도를 무기로 계속 사용하면 도 도메인 레벨이 오르게 됩니다.	Keep using a blade as your weapon and your Blade Domain level rises.
총을 무기로 계속 사용하면 총 도메인 레벨이 오르게 됩니다.	Keep using a gun as your weapon and your Gun Domain level rises.
십자가를 무기로 계속 사용하면 회복(Heal) 도메인 레벨이 오르게 됩니다.	Keep using a cross as your weapon and your Heal Domain level rises.
메이스를 무기로 계속 사용하면 축복(Enchant) 도메인 레벨이 오르게 됩니다.	Keep using a mace as your weapon and your Enchant Domain level rises.
HP를 회복하려면 앰플을 마우스 오른쪽을 클릭하시면 됩니다.	To recover HP, right-click an ampul.
HP바에 검붉은 얼룩이 생기면, 흡혈을 당했다는 표시입니다.	A dark red stain on your HP bar means your blood has been drained.
HP바가 30%이하일 때만 몬스터에게나 뱀파이어에게 흡혈을 당할 수 있습니다.	Monsters and Vampires can only drain your blood when your HP bar is at 30% or below.
스킬 레벨은 해당 스킬을 지속적으로 사용함으로써 올릴 수 있습니다.	You raise a skill's level by using that skill again and again.
스킬은 도메인 레벨의 상승에 따라 배울 수 있습니다.	Skills are learned as your Domain levels rise.
스킬 레벨이 올라감에 따라 다소의 데미지와 명중률 보너스를 받습니다.	As a skill's level rises, you get a small Damage and To Hit bonus.
스킬 레벨은 특정 스킬의 숙련도를 나타내며, 스킬을 사용함에 따라 레벨이 상승합니다.	Skill level shows how well you have mastered a skill, and it rises as you use the skill.
사용하는 무기에 따라서 도메인 레벨이 오르게 됩니다.	Your Domain levels rise according to the weapon you use.
도메인 레벨 5 가 되면 스킬을 배울 수 있습니다.	You can learn skills once a Domain reaches level 5.
군인의 경우 탄창을 오른쪽 마우스로 클릭하면, 총알이 장전됩니다.	Soldiers load bullets by right-clicking a magazine.
총을 사용하는 군인의 경우, 총마다 탄창이 다르므로 구분해서 구입하시기 바랍니다.	Soldiers using guns: each gun takes a different magazine, so buy the right one.
총을 사용하는 군인의 경우, 화면 왼쪽 상단에 있는 총탄 옆의 숫자는 남은 총탄의 수를 나타냅니다.	Soldiers using guns: the number next to the bullet icon at the top left of the screen shows how many rounds are left.
앰플이나 탄창을 벨트에 올려 두고, 단축키(F1~F8)로 간편하게 사용할 수 있습니다.	Put ampuls or magazines on your belt to use them easily with the hotkeys (F1~F8).
무전기는 다른 지역으로 이동할 때 사용하는 아이템입니다.	The radio is an item for traveling to other areas.
무전기는 오토바이를 파는 NPC에게서 구입하실 수 있습니다.	You can buy a radio from the NPC who sells motorcycles.
무전기는 능력치 합이 80을 넘어야 사용이 가능합니다.	You can only use a radio once your stats total more than 80.
바이크는 각 길드 건물 앞의 NPC에게서 구입할 수 있습니다.	Motorcycles can be bought from the NPC in front of each guild building.
바이크는 내구성이 없으므로, 수리를 받을 필요가 없습니다.	Motorcycles have no durability, so they never need repairs.
재접속을 한 후에는 있던 위치에서 바이크가 사라집니다.	After you reconnect, your motorcycle disappears from where it was.
성향이 나쁠 경우 NPC에게 가서 기부금 내면 성향을 상승시킬 수 있습니다.	If your Alignment is bad, you can raise it by donating money to an NPC.
슬레이어의 경우 능력치 합(sum)이 40이상이 되어야 부활 위치 지정을 할 수 있습니다.	Slayers can set their respawn point only once their stat total (sum) is 40 or more.
길드 건물 옥상에 있는 헬리콥터를 사용하면, 타 길드 건물로 이동할 수 있습니다.	Use the Helicopter on the roof of a guild building to travel to another guild building.
길드 건물 2층과 3층에서 장비를 구입하실 수 있습니다.	You can buy equipment on the 2nd and 3rd floors of the guild buildings.
각 길드 마다 부활 위치를 지정하여 자신이 편한 지역에서 살아날 수 있습니다.	You can set a respawn point at each guild so you come back to life wherever suits you.
각 길드 건물 3층에서 돈을 기부하여 성향을 중립(-2500)까지 올릴 수 있습니다.	On the 3rd floor of each guild building, you can donate money to raise your Alignment up to Neutral (-2500).
은도금을 하면, 기본 데미지에 홀리 데미지라는 성스러운 힘이 추가됩니다.	Silver plating adds a sacred power called holy damage to your base Damage.
뱀파이어로 플레이하기를 원하신다면, 흡혈을 당한 후 실시간 12시간동안 치료를 받지 않아야 합니다.	If you want to play as a Vampire, have your blood drained and then go without treatment for 12 hours in real time.
흡혈 당한 후 치료를 하지 않으면, 게임의 접속여부와 관계없이 12시간 후 뱀파이어로 변합니다.	If you are not treated after having your blood drained, you turn into a Vampire after 12 hours, whether or not you are logged in.
뱀파이어로 변하게 되면 슬레이어 때의 능력치와 아이템은 소멸됩니다.	When you turn into a Vampire, your Slayer stats and items are lost.
상처가 생기거나 흡혈을 당했을 때는 '데니스' 에게 치료를 받으시기 바랍니다.	When you are wounded or your blood has been drained, go to 'Dennis' for treatment.
인벤토리(소지품) 창에 있는 앰플은 오른쪽 마우스를 클릭하여 사용합니다.	Use the ampuls in your inventory window by right-clicking them.
성수 만들기는 물병을 구입한 후 스킬을 선택하여 물병 위에서 스킬을 사용하시면 됩니다.	To make holy water, buy a water bottle, select the skill and use it on the water bottle.
캐릭터 생성시에 초기 능력치의 합은 30입니다.	At character creation, your starting stats total 30.
슬레이어는 레벨 업 시스템이 아닌, 스킬 업 시스템 입니다.	Slayers grow through a skill-up system, not a level-up system.
마법력(MP) : 슬레이어에게만 존재하며 특수기술이나, 마법을 펼치는데 필요합니다.	MP : Exists only for Slayers and is needed to use special techniques and magic.
저항력(RESISTANCE) : 뱀파이어의 POISON, ACID, CURSE. BLOOD의 마법을 견뎌내는 힘	Resistance (RESISTANCE) : The power to withstand Vampire POISON, ACID, CURSE and BLOOD magic.
저항력(RESISTANCE) : 아이템과 특정 스킬에 의해서만 증가됩니다.	Resistance (RESISTANCE) : Increased only by items and certain skills.
도메인레벨의 총합은 100으로 제한이 되어있습니다.	The total of your Domain levels is capped at 100.
도메인레벨의 총합이 100이상인경우 올라간 도메인을 제외한 도메인중 가장 레벨이 높은 계열의 레벨이 내려가게 됩니다.	If your Domain levels total 100 or more, the highest-level Domain other than the one that just rose goes down.
보관 인터페이스(Storage Interface)	Storage Interface
보관함은 보관함 NPC에게서 살 수 있으며, 자신이 보관하고자 하는 아이템들을 보관할 수 있습니다. 보관함 창은 상점 인터페이스와 비슷합니다.	You can buy a Storage from the storage NPC and keep the items you want to store in it. The Storage window looks like the shop interface.
보관함 인터페이스는 Storage 1, 2, 3, 4, 5으로 나뉘어져 있어 보다 많은 양의 아이템을 보관할 수 있습니다. 단 모든 보관함을 다 사용하기 위해서는 5개의 보관함을 구매해야 합니다.	The Storage interface is split into Storage 1, 2, 3, 4 and 5 so you can keep a larger number of items. To use every Storage, however, you must buy all 5.
보관함 사용하기	Using Storage
1. 보관함 보기	1. Viewing your Storage
보관 역할을 맡은 NPC에게서 보관함을 먼저 산 다음, NPC 에게 이야기를 해서 보관한다라는 대화를 선택하면, 보관 인터페이스와 인벤토리 인터페이스가 뜹니다.	First buy a Storage from the NPC in charge of storage, then talk to the NPC and choose the line about storing items; the Storage interface and the inventory interface open.
2. 아이템 보관, 또는 찾기	2. Storing or retrieving items
이때 맡기고자 하는 아이템을 마우스로 클릭해서 보관함으로 갖다 놓으면 보관이 이루어집니다.	Click the item you want to store and put it in the Storage to store it.
보관하고 있던 아이템도 마찬가지로 마우스로 들어서 인벤토리로 가져올 수 있습니다.	In the same way, pick up a stored item with the mouse to bring it back to your inventory.
아이템창(인벤토리)의 아이템을 Shift키+왼쪽클릭을 하면 보관함으로 옮길수 있으며, 마찬가지로 보관함의 아이템을 Shift키+왼쪽클릭을 하면 아이템창(인벤토리)로 옮길수 있습니다.	Shift+left-click an item in the inventory to move it to Storage, and Shift+left-click an item in Storage to move it to the inventory.
팀 인터페이스(Team Interface)	Team Interface
DKx Online에는 각 월드별로 많은 수의 팀이 있습니다.	DKx Online has many teams on each world.
팀원은 팀원끼리 팀채팅을 이용해서 대화를 나눌 수 있으며, 자세한 도움말은 채팅도움말을 참고하시기 바랍니다.	Team members can talk with each other using team chat; see the Chat help for details.
팀에 관한 처리를 해주는 NPC는 림보성 내부의 카콘, 라센성 내부의 아이만입니다.	The NPCs who handle team matters are Kakon inside Limbo Castle and Aiman inside Rasen Castle.
팀 인터페이스 사용하는 방법	How to Use the Team Interface
1. 팀 생성 방법	1. Creating a team
  - NPC를 찾아가 팀을 등록하겠다고 하면 팀 마스터 요건이 충족된 자에 한해서 팀 등록창이 나타나게 됩니다.	  - Visit the NPC and say you want to register a team. If you meet the Team Master requirements, the team registration window opens.
  - 팀 이름, 팀 소개를 적어서 등록하면 일단 대기팀으로 등록됩니다.	  - Enter a team name and a team introduction and register; the team is first registered as a pending team.
  - 팀 소개의 수정은 아직 지원되지 않으니, 작성하실 때 주의하시길 바랍니다. 	  - Editing the team introduction is not supported yet, so write it carefully.
  - 정식팀이 생성되기 위해서는 창설멤버가 신청자를 포함해서 5명이 필요하며, 창설멤버가 되길 원하시면 대기팀 리스트에서 원하는 팀을 선택하여 가입신청을 하시면 됩니다.	  - An official team needs 5 founding members, including the applicant. If you want to be a founding member, select the team you want from the pending team list and apply to join.
  - 대기중인 팀이 정식팀으로 승인이 나면 신청자는 팀마스터가, 창설멤버는 부팀마스터가 됩니다.	  - When a pending team is approved as an official team, the applicant becomes Team Master and the founding members become Sub-Masters.
  - 팀마스터는 팀원 추방, 가입대기자 허가/거부를 할수 있으며 부팀마스터는 가입대기자 허가만 할 수 있습니다.	  - The Team Master can expel members and accept or deny applicants; Sub-Masters can only accept applicants.
  - 팀 마스터 요건	  - Team Master requirements
2. 팀 마크 등록방법	2. Registering a team mark
  - 팀 생성 및 삭제를 반복하다 보면 자동으로 대기 팀에 마크가 나옵니다.	  - A mark appears on pending teams automatically as teams are created and deleted.
3. 팀정보및 길드원 보기	3. Viewing team info and members
  - 메인 인터페이스의 Team탭을 선택하면 팀정보와 팀원리스트를 확인할 수 있는 버튼이 있어 자신의 팀에 대한 정보와 자신의 팀에 포함되어 있는 팀원들을 확인하실 수 있습니다.	  - Select the Team tab on the main interface for the buttons that show team info and the member list, where you can check information about your team and the members who belong to it.
  - 팀에 가입되어있지 않는 사람은 버튼을 눌러도 작동하지 않습니다.	  - The buttons do nothing for players who are not in a team.
4. 팀 가입	4. Joining a team
  - 팀 가입을 원하는 자가 팀 NPC에게 말을 걸어 팀리스트 중에서 원하는 팀의 팀원으로 가입신청을 한다.	  - A player who wants to join talks to the team NPC and applies for membership in the team of their choice from the team list.
  - 크랜마스터가 팀원 리스트 보기를 보고, 등록대기자를 선택한뒤 Accept버튼을 눌러서 가입신청을 허가하면 팀원으로 추가되고, Deny버튼을 눌러서 거부하면 일주일간 다시 가입신청을 할 수 없게 됩니다.	  - The Team Master opens the member list and selects the applicant. Pressing Accept approves the application and adds them as a member; pressing Deny rejects it, and the applicant cannot apply again for a week.
5. 팀 탈퇴/추방 방법	5. Leaving a team / expelling members
  - 팀 탈퇴를 원하는 자가 NPC에게 가서 길드를 탈퇴하겠다고 하면 팀에서 탈퇴할수 있습니다.	  - A player who wants to leave can go to the NPC and say they want to leave; they are then removed from the team.
  - 팀마스터가 팀원 리스트에서 특정팀원을 선택한뒤 Expel버튼을 누르시면 강제로 추방시킬 수 있습니다.	  - The Team Master can forcibly expel a member by selecting them in the member list and pressing Expel.
6. 팀 삭제	6. Deleting a team
  - 자동삭제: 팀원이 4인 이하가 되면 자동으로 삭제됩니다.	  - Automatic deletion: a team is deleted automatically when it drops to 4 members or fewer.
  - 수동삭제: 팀마스터가 강제추방을 하여 4인 이하로 팀원을 만들면 팀이 삭제됩니다.	  - Manual deletion: a team is deleted when the Team Master expels members until 4 or fewer remain.
박쥐상태에서는 hp재생이 되지 않습니다.	HP does not regenerate in bat form.
뱀파이어의 경우 F1키를 누르면, 자동으로 혈청을 복용하게 됩니다.	Vampires press the F1 key to take a Serum automatically.
변신스킬 사용은 상점에서 변신용 아이템을 구입 후 해당 스킬을 사용하실 수 있습니다.	To use a transformation skill, buy the transformation item at a shop, then use the skill.
씰(Seal)을 이용하여 자신이 기억시켜 놓았던 지역으로 순간 이동을 할 수 있습니다.	Use a Seal (Seal) to teleport to a place you have memorized.
씰(Seal)은 레벨 25부터 사용이 가능합니다.	The Seal (Seal) can be used from level 25.
경험치(EXP) : 뱀파이어가 다른 크리처를 흡혈하거나 죽일 때에 상승합니다.	Experience (EXP) : rises when a Vampire drains the blood of, or kills, other creatures.
몬스터의 체력이 30% 이하 일 때 흡혈이 가능합니다.	You can drain a monster's blood when its HP is at 30% or below.
뱀파이어의 경우 은도금 무기에 공격 당하게 되면 최대 체력이 감소합니다.	When a Vampire is hit by a silver-plated weapon, its maximum HP drops.
흡혈과 동시에 최대 체력 감소 페널티가 부분적으로 소멸됩니다.	Blood Drain partly removes the maximum HP penalty at the same time.
뱀파이어는 흡혈 시와 Killing 시에 각각 7:3의 비율로 경험치를 획득하게 됩니다.	Vampires earn Experience from Blood Drain and from kills in a 7:3 ratio.
마법 단축키는 S 누르신 후, F9~F12의 단축키로 설정할 수 있습니다.	To set spell hotkeys, press S, then assign them to F9~F12.
자신의 스킬은 Control+K를 눌러 확인할 수 있습니다.	Press Control+K to check your skills.
뱀파이어의 경우 흡혈을 하게 되면 체력이 일부 재생됩니다.	Vampires regain some HP when they drain blood.
뱀파이어의 흡혈은 마법창에 흡혈 마법을 띄운 상태에서 오른쪽 마우스 클릭하시면 됩니다.	To drain blood, bring up the Blood Drain spell in the magic window and right-click.
캐릭터 생성 시, 뱀파이어의 능력치의 총합은 60입니다.	At character creation, a Vampire's stats total 60.
카이저	Kaiser
브리콜라카스	Vrykolakas
라비니아	Lavinia
다덴지기	DarkEden Keeper
채팅	Chat
\t  글을 쓴 후 처음 엔터키를 눌렀을때	\t  The first time Enter is pressed after typing
\t\t   귓속말 같은 특별한 채팅을 즐겨보십시오.	\t\t   Try special kinds of chat, such as whispers.
온라인 게임 커뮤니티의 기본인 채팅에 대해서 알아보겠습니다.	Let's learn about chat, the basis of every online game community.
DKx Online에서 채팅은 일반채팅, 귓속말, 파티채팅, 존채팅, 길드채팅이 있으며 글자색을 지정할 수 있습니다.	In DKx Online there are normal chat, whispers, party chat, zone chat and guild chat, and you can choose the text color.
   ①일반채팅(Ctri+C)  - 화면 내 플레이어와 대화를 하실     수 있습니다.	   (1) Normal chat (Ctrl+C) - Talk with the players on your screen.
   ②귓속말(Ctri+W) - 월드 내 모든 서버에 귓속말이 가능하   며, 귓속말을 보낼 상태에서 캐릭터 명을 입력한 후, 엔터   키를 누르시면 귓속말 상대자와 대화가 가능 합니다.	   (2) Whisper (Ctrl+W) - You can whisper to any server in the world. In whisper mode, enter the character's name and press Enter to talk with the person you are whispering to.
   ③파티채팅(Ctri+A) - 파티를 맺은 플레이어와만 대화가     가능 합니다.	   (3) Party chat (Ctrl+A) - Talk only with the players in your party.
   ④존 채팅 or 외치기(Ctri+Z) - 현재 캐릭터가 위치한 존    내의 모든 플레이어와 대화가 가능하며, 한번 입력 시 15    초 후 다시 대화(입력)이 가능 합니다.	   (4) Zone chat or shout (Ctrl+Z) - Talk with every player in the zone your character is in. After each message you can talk (type) again after 15 seconds.
   ⑤길드채팅(Ctri+G) - 길드원들만의 대화를 하실 수 있습    니다.	   (5) Guild chat (Ctrl+G) - Talk only with your guild members.
   ⑥채팅 On/Off - 구슬모양의 아이콘을 클릭하시게 되면,     해당 채팅에 대하여 끄고/켜기가 가능합니다. 붉게 표시되   는 것이 활성화가 되어 있는 것이며, 검은색으로 되어 있는것이 꺼져 있는 상태입니다. 해당채팅을 끄게 되면, 상대방   의 채팅이 모두 보이지 않습니다.	   (6) Chat On/Off - Click the bead-shaped icon to turn that chat on or off. Red means the chat is active, and black means it is off. When you turn a chat off, none of the other players' messages in it are shown.
* 채팅창의 아이콘을 클릭하셔도 해당 채팅을 하실 수 있습니다.	* You can also click the icons in the chat window to use that chat.
붉게 표시된 아이콘들은 해당 채팅에 대하여 활성화가 되어 있다는 뜻입니다.	Icons shown in red mean that chat is active.
인터페이스	Interface
\t  첫 로그인시	\t  On first login
\t\t   게임의 기본인 조작에 대해 알려드립니다.	\t\t   Learn the basic controls of the game.
DKx Online의 인터페이스에 대해서 알아보겠습니다.	Let's learn about the DKx Online interface.
# 전체 인터페이스	# The whole interface
① HP바 : HP의 상태를 확인합니다.	(1) HP bar : Check your HP.
② 미니맵 : 현재 위치한 존의 맵을 확인합니다.	(2) Minimap : Check the map of the zone you are in.
③ 채팅창 : 채팅상태를 확인합니다.	(3) Chat window : Check the chat.
④ 메뉴창 : DKx Online의 모든 메뉴를 확인합니다.	(4) Menu window : Check every DKx Online menu.
⑤ 벨트 : 벨트 아이템 착용시 탄창, 회복 등의 소모성 아이템 상태를 확인합니다.	(5) Belt : When you wear a Belt, check your consumable items such as magazines and recovery items.
* 일반공격 - 마우스 왼쪽 버튼을 이용하여 몬스터나 상대 캐릭터를 클릭을 하시면 됩니다.	* Normal attack - Left-click a monster or an enemy character.
* 스킬사용 - 스킬 스킬창(Ctrl+s)을 활성화시켜 해당 스킬을 클릭하여 지정하신 후 오늘쪽 마우스를 클릭하면 사용하실 수 있으며 또는 스킬창(Ctrl+s)을 활성화시킨 후 F5~F12까지 해당 스킬을 지정하여 단축키로 변경하실 수 있습니다.  	* Using skills - Open the skill window (Ctrl+s), click a skill to select it, then right-click to use it. You can also open the skill window (Ctrl+s) and assign skills to F5~F12 to use them as hotkeys.
* 단축키 지정 - 해당 스킬 위에 마우스를 올린 후 해당버튼(F5~F12)을 누르시면 지정이 됩니다.(하나의 단축키에 4개까지 지정 가능)	* Assigning hotkeys - Hover the mouse over a skill and press the key you want (F5~F12) to assign it. (Up to 4 skills per hotkey)
사용중인 스킬표시부분, 단축키 지정	Current skill display, hotkey assignment
* 이동방법 - 마우스 왼쪽 버튼을 원하시는 곳으로 클릭을 하면 이동을 하게 됩니다.	* Moving - Left-click where you want to go and you move there.
* 단축키	* Hotkeys
- 인벤토리 창 : Tab 키	- Inventory window : Tab key
- 장착 창 : Ctrl + Tab 키	- Gear window : Ctrl + Tab keys
- 캐릭터 정보 창 : Alt + i 키	- Character information window : Alt + i keys
- 계급 정보 창 : Alt + R 키	- Rank information window : Alt + R keys
- 스킬 설명 창 : Alt + K 키	- Skill description window : Alt + K keys
- 스킬 : Alt + S 키	- Skills : Alt + S keys
⑤ 암스밴드 : 암스밴드 아이템 착용시 회복 아이템의 상태를 확인합니다.	(5) Armsband : When you wear an Armsband, check your recovery items.
* 스킬사용 - 스킬(마법)을 배우게 되면 스킬 스킬창(Ctrl+s)을 활성화시켜 해당 스킬을 클릭하여 지정하신 후 오른쪽 마우스를 클릭하면 사용하실 수 있으며 또는 스킬창(Ctrl+s)을 활성화시킨 후 F9~F12까지 해당 스킬을 지정하여 단축키로 변경하실 수 있습니다. 	* Using skills - Once you learn a skill (spell), open the skill window (Ctrl+s), click the skill to select it, then right-click to use it. You can also open the skill window (Ctrl+s) and assign skills to F9~F12 to use them as hotkeys.
* 단축키 지정 - 해당 스킬 위에 마우스를 올린 후 해당버튼(F9 ~ F12)을 누르시면 지정이 됩니다.(하나의 단축키에 4개까지 지정 가능)	* Assigning hotkeys - Hover the mouse over a skill and press the key you want (F9 ~ F12) to assign it. (Up to 4 skills per hotkey)
◀◀ 단축키지정	<< Assigning hotkeys
* 인터페이스  (이미지아우 3)	* Interface  (Ousters image 3)
왼쪽 상단 붉은색 굵은 바는 체력(HP)를, 녹색 바는 영력(EP)를, 주황색 가는 바는 경험치를  나타냅니다.	At the top left, the thick red bar shows your HP, the green bar your EP and the thin orange bar your Experience.
하단에는 가장 큰 화면이 채팅창, 그위로 왼쪽에 물약창이 있고 오른쪽엔 스킬창과 게임내 날짜,그리고 정보창이 있습니다.	At the bottom, the largest area is the chat window; above it, on the left, is the potion window, and on the right the skill window, the in-game date and the information window.
 - 인벤토리 창 : Tab 키	 - Inventory window : Tab key
 - 장착 창 : Ctrl + Tab 키	 - Gear window : Ctrl + Tab keys
 - 캐릭터 정보 창 : Alt + i 키	 - Character information window : Alt + i keys
 - 계급 정보 창 : Alt + R 키	 - Rank information window : Alt + R keys
 - 스킬 설명 창 : Alt + K 키	 - Skill description window : Alt + K keys
 - 스킬 : Alt + S 키	 - Skills : Alt + S keys
회복아이템	Recovery Items
\t  생명력30%이하로 남았을때	\t  When HP falls to 30% or below
\t\t   아이템으로 체력과 마나를 회복할 수 있습니다.	\t\t   Recover HP and mana with items.
사냥시 가장 중요한 생명력(HP)와 마법력(MP)을 채우는 방법에 대해서 알아보겠습니다.	Let's learn how to refill HP and MP, the most important things when hunting.
 * 생명력(HP)을 회복시켜주는 아이템은 힐링 앰플 입   니다.	 * The item that restores HP is the Healing Ampul.
 * 마법력(MP)을 회복시켜주는 아이템은 마나 앰플 입   니다.	 * The item that restores MP is the Mana Ampul.
회복아이템 사용 방법	How to use recovery items
① 인벤토리창에서 회복아이템 마우스 오른쪽 버튼 클릭	(1) Right-click a recovery item in the inventory window
② 벨트 습득 후에 회복아이템을 벨트에 넣은 후 단축키(F1~F8)를 통하여 힐링/마나 앰플 사용이 가능 합니다.	(2) Once you have a Belt, put recovery items in it and use Healing/Mana Ampuls with the hotkeys (F1~F8).
뱀파이어는 인벤토리창에 혈청을 가지고 다니면서, 체력을 채울 수가 있습니다. 혈청의 단축키는 'F1'이며, 소모되는 순서는 좌측상단부터 하단으로 소모됩니다. 전체적으로 보면, 맨 좌측열이 모두 소모되었을때 우측방향으로 이동하게 됩니다.	Vampires refill their HP by carrying Serum in the inventory window. The Serum hotkey is 'F1', and Serums are used from the top left downward. In other words, once the leftmost column is used up, it moves on to the right.
사냥시 가장 중요한 생명력(HP)와 영력(EP)을 채우는 방법에 대해서 알아봅시다.	Let's learn how to refill HP and EP, the most important things when hunting.
* 생명력(HP)을 회복시켜주는 아이템은 푸파 입니다.	* The item that restores HP is the Pupa.
* 영력(EP)을 회복시켜주는 아이템은 메이 입니다.	* The item that restores EP is the Mei.
② 암스밴드 습득 후에 회복아이템을 벨트에 넣은 후 단축키(F1~F6)를 통하여 푸파/메이 사용이 가능 합니다.	(2) Once you have an Armsband, put recovery items in it and use Pupas/Meis with the hotkeys (F1~F6).
   * 라바는 사용할수 있는아이템은 아니지만 흡영이라는    스킬을 통해 푸파로 변하게 됩니다.	   * Larva cannot be used as an item, but the Absorb Soul skill turns it into a Pupa.
아이템	Items
\t  아이템 획득시	\t  On obtaining an item
\t\t   아이템의 종류에 대해 알아봅시다.	\t\t   Learn about the kinds of items.
사냥후 몬스터를 클릭했을때 나오는 아이템들은 여러가지가 있습니다.	Many kinds of items can come out when you click a monster after hunting it.
* 몬스터를 죽인 후에 시체를 클릭하였을 시에, 나오는 아이템은 왼쪽 Alt버튼을 누르시면 바닥에 떨어진 아이템 목록을 우측에서 확인하실 수 있습니다. 	* After killing a monster and clicking its corpse, press the left Alt button to see the list of items lying on the ground on the right.
*기본적으로 주어지는 아이템으로는 하드고어버전은 몬스터 머리나 해골로, 틴버젼은 소울스톤으로 표시됩니다. 이것은 장착용 아이템이 아니라 상점에 판매하는 아이템입니다.	*The basic item you always get is a monster head or Skull in the Hardcore version, or a Soul Stone in the Teen version. It is not for equipping; it is an item you sell at a shop.
  # 하드고어버전 해골	  # Hardcore version: Skull
  # 틴버전 소울스톤	  # Teen version: Soul Stone
# 아이템의 종류에는 크게 구분하여 4가지가 있습니다.	# Items fall into 4 broad kinds.
@ 하얀색 - 무옵션의 아이템	@ White - items with no options
@ 노란색 - 한 개의 옵션이 부여된 아이템(매직아이템)	@ Yellow - items with one option (Magic items)
@ 파란색 - 두개의 옵션이 부여된 아이템(레어 아이템)	@ Blue - items with two options (Rare items)
@ 황금색 - 특별한 옵션이 부여된 아이템(유니크 아이템)	@ Gold - items with special options (Unique items)
# 하드고어버전 해골	# Hardcore version: Skull
# 틴버전 소울스톤	# Teen version: Soul Stone
상점 NPC	Shop NPC
\t  상점 NPC 클릭시	\t  On clicking a shop NPC
\t\t   상인을 통해 아이템을 사고 팔 수 있습니다.	\t\t   Buy and sell items through merchants.
그림을 보고 따라 해보세요	Follow along with the pictures
1. 아이템 구입	1. Buying items
① 일반아이템 구입	(1) Buying normal items
NPC를 찾아가서 클릭합니다.	Find the NPC and click it.
NPC가 말하는 것중에서 아이템 구입과 관련된 말을 찾아 클릭   합니다.	Find and click the NPC's line about buying items.
필요한 아이템의 가격을 확인 합니다.	Check the price of the item you need.
아이템 구입이 완료 되었습니다.	The item has been bought.
② 회복아이템 구입	(2) Buying recovery items
회복 아이템의 가격을 확인 합니다.	Check the price of the recovery item.
회복 아이템 구입 시에 마우스 왼쪽 버튼으로 클릭하게 되면, 초기 1개로 지정이 되며, 숫자를 조정하여 개수조정이 가능합니다. 아이템을 마우스 오른쪽 버튼으로 클릭 하시게 되면, 초기 값이 9개로 지정 됩니다.	When buying recovery items, a left-click sets the quantity to 1 to start with, and you can adjust the number. Right-click the item and the quantity starts at 9.
Tip. 회복아이템, 탄창 등의 소모성 아이템을 다량 구입시에는 'Enter'키를 누르고 있는 상태에서 소모성 아이템 위에서 오른쪽 마우스 버튼을 클릭 하실때 마다 묶음을 한번에 구입 하실 수 있습니다.	Tip. When buying consumables such as recovery items and magazines in bulk, hold down the 'Enter' key and right-click the consumable; each click buys a whole bundle at once.
2. 아이템 판매	2. Selling items
① 일반아이템 판매	(1) Selling normal items
NPC가 말하는 것중에서 아이템 판매와 관련된 말을 찾아 클릭   합니다.	Find and click the NPC's line about selling items.
판매할 아이템을 선택합니다.	Select the item to sell.
아이템 판매가 되었음을 확인 하며, 판매하고 받은 금액을 확인 합니다.	Confirm the item has been sold and check the money you received for it.
② 몬스터 머리(소울스톤) 판매	(2) Selling monster heads (Soul Stones)
몬스터머리(소울스톤)를 클릭해서 판매를 하시면 묶음이 판매 됩니다.	Click the monster heads (Soul Stones) to sell them, and the whole stack is sold.
머리가 판매되고 받은 금액을 확인 합니다.	Check the money you received for the heads.
TIP. 몬스터 머리 위에서 마우스 오른쪽 클릭을 하시게 되면, 인벤토리창에 있는 머리들을 한꺼번에 판매 하실 수가 있습니다.	TIP. Right-click a monster head to sell all the heads in your inventory window at once.
벨트습득	Belt
\t  벨트 아이템 습득시	\t  On obtaining a Belt
\t\t   벨트를 착용하면 빠르게 회복, 탄창 아이템을 사용할 수 있습니다.	\t\t   Wear a Belt to use recovery items and magazines quickly.
* 벨트 아이템을 착용하게 되면 게임 화면에 슬롯이 생기며, 힐링/마나 앰플 및 탄창 등의 퀵 아이템을 슬롯에 끌어다 올려 놓을 수 있습니다.	* When you wear a Belt, slots appear on the game screen, and you can drag quick items such as Healing/Mana Ampuls and magazines onto them.
* 벨트 포켓 수에 따라 F1~F8까지의 단축키를 지정하여 사용할 수 있습니다. 	* Depending on the number of pockets on the Belt, you can assign and use the hotkeys F1~F8.
\t\t   암스밴드를 착용하면 착용하면 빠르게 회복아이템을 사용할 수 있습니다.	\t\t   Wear an Armsband to use recovery items quickly.
자~ 사냥시에 필수적인 암스밴드 사용법을 알아봅시다.	Now, let's learn how to use the Armsband, a must when hunting.
* 암스밴드 아이템을 착용하게 되면 게임 화면에 슬롯이 생기며, 푸파와 메이등 회복아이템을 슬롯에 끌어다 올려 놓을 수 있습니다.	* When you wear an Armsband, slots appear on the game screen, and you can drag recovery items such as Pupas and Meis onto them.
* 암스밴드 포켓 수에 따라 F1~F6까지의 단축키를 사용합니다. 	* Depending on the number of pockets on the Armsband, you use the hotkeys F1~F6.
아이템수리	Repair
\t  좌측 상단에 수리 이미지가 뜰시	\t  When the repair icon appears at the top left
\t\t   아이템이 부서지기 전에 빨리 수리하세요.	\t\t   Repair your items quickly, before they break.
DKx Online에서 거의모든 아이템에는 내구성이 있답니다. 내구가 다한 아이템을 수리하지 않으면 사라지게 되죠.	In DKx Online almost every item has durability. If you do not repair an item whose durability has run out, it disappears.
* 아이템 수리 - 수리를 담당하는 NPC에게 가셔서 수리를 원하는 해당 아이템에 마우스 왼쪽 버튼을 클릭 하시면 아이템의 소모된 내구력에 따라서 일정 게임머니가 지불 후에 수리가 됩니다. 	* Repairing items - Go to an NPC who handles repairs and left-click the item you want repaired; you pay a fee based on how much durability it has lost, and the item is repaired.
* 주황색의 경우 아이템이 조금 부서진 상태이고 빨간색의 경우 아이템이 부서지기 직전의 상태입니다. 일단 아이템이 부서지고 나면 소멸됩니다.	* Orange means the item is slightly damaged, and red means it is about to break. Once an item breaks, it is gone for good.
  * 수리 NPC	  * Repair NPCs
  무사길드 NPC 스마이로비치 	  Warrior Guild NPC Smirovich
  군일길드 NPC 데이비드 	  Soldier Guild NPC David
  성직자 길드 NPC 그리픈 	  Cleric Guild NPC Griffin
  페로나국도 NPC 로빈벡스터 	  Perona Highway NPC Robin Baxter
  옥타부스 내부 NPC 시모네 	  Inside Octavus NPC Simone
           셉티무스성 내부 NPC 브렌다	           Inside Septimus Castle NPC Brenda
* 주황색의 경우 아이템이 조금 부서진 상태이고 빨간색의 경우 아이템이 부서지기 직전의 상태입니다. 아이템이 부서지고 나면 소멸이 됩니다.	* Orange means the item is slightly damaged, and red means it is about to break. Once an item breaks, it disappears.
전체내구성에서 1/3이 되는 시점에 수리 이미지가 뜹니다.	The repair image appears when an item's durability drops to 1/3 of its total.
  림보성마을 NPC - 카콘	  Limbo Castle village NPC - Kakon
  라센성내부 NPC - 아이만	  Inside Rasen Castle NPC - Aiman
  페로나국도 NPC - 그리피스	  Perona Highway NPC - Griffith
  테르티우스성 NPC - 헌트	  Tertius Castle NPC - Hunt
  쿠아르투스내부 NPC - 바룬	  Inside Quartus NPC - Barun
* 아이템 수리 - 수리를 담당하는 NPC 시오람에게 가셔서 수리를 원하는 해당 아이템에 마우스 왼쪽 버튼을 클릭 하시면 아이템의 소모된 내구력에 따라서 일정 게임머니가 지불 후에 수리가 됩니다. 	* Repairing items - Go to Sioram, the NPC who handles repairs, and left-click the item you want repaired; you pay a fee based on how much durability it has lost, and the item is repaired.
  * 주황색의 경우 아이템이 조금 부서진 상태이고    빨간색의 경우  아이템이 부서지기 직전의 상태    입니다. 일단 아이템이 부서지고  나면 소멸됩니   다.	  * Orange means the item is slightly damaged, and red means it is about to break. Once an item breaks, it is gone for good.
아이템장착	Equipping
\t  인벤토리 첫 오픈 시	\t  On first opening the inventory
\t\t   아이템 장착 요령	\t\t   How to equip items
* 인벤토리창(Tab)과 장착창(Ctrl+Tab)을 열고 인벤토리에 있는 해당 아이템을 드래그하여 장착창으로 옮기거나 Shift+왼쪽마우스 버튼을 이용하면 자동으로 장착됩니다. 단, 앰플, 탄창과 같은 퀵아이템은 장착창에 장착할 수 없습니다.	* Open the inventory window (Tab) and the gear window (Ctrl+Tab), then drag an item from the inventory to the gear window, or Shift+left-click it to equip it automatically. Quick items such as ampuls and magazines, however, cannot be equipped in the gear window.
마우스커서를 갖다 대면 아이템 설명을 확인할 수 있습니다.	Hover the mouse cursor over an item to read its description.
* 착용할 수 없는 아이템은 빨간색으로 표시됩니다	* Items you cannot wear are shown in red.
아이템 설명표시	Item description display
인벤토리창 장착창 이미지	Inventory window and gear window image
\t\t   아이템을 얻었다면 장비할 줄도 알아야겠죠?	\t\t   Found an item? Then you should know how to equip it.
*인벤토리창(Tab)과 장착창(Ctrl+Tab)을 열고 인벤토리에 있는 해당 아이템을 드래그하여 장착창으로 옮기거나 Shift+왼쪽마우스 버튼을 이용하면 자동으로 장착됩니다. 	*Open the inventory window (Tab) and the gear window (Ctrl+Tab), then drag an item from the inventory to the gear window, or Shift+left-click it to equip it automatically.
* 마우스커서를 갖다 대면 아이템 설명을 확인할 수 있습니다.	* Hover the mouse cursor over an item to read its description.
* 착용할 수 없는 아이템은 빨간색으로 표시됩니다.	* Items you cannot wear are shown in red.
  아이템 장착	  Equipping items
* 인벤토리창(Tab)과 장착창(Ctrl+Tab)을 열고 인벤토리에 있는 해당 아이템을 드래그하여 장착창으로 옮기거나 Shift+왼쪽마우스 버튼을 이용하면 자동으로 장착됩니다.	* Open the inventory window (Tab) and the gear window (Ctrl+Tab), then drag an item from the inventory to the gear window, or Shift+left-click it to equip it automatically.
* 마우스커서를 가져다 대면 아이템 설명을 확인할 수 있습니다.	* Hover the mouse cursor over an item to read its description.
보관함구입	Storage
\t  인벤토리에 자리가 부족할 때/게임머니 10만을 모았을 때	\t  When your inventory runs out of room / when you have saved 100,000
\t\t   인벤토리가 가득 찼다면 보관함을 이용하세요.	\t\t   If your inventory is full, use Storage.
* 보관함은 보관함을 관리하는 NPC에게서 구입을 하셔야 사용할 수 있으며 총 3개의 보관함을 구입할 수 있습니다. 	* You must buy Storage from the NPC who manages it before you can use it, and you can buy up to 3 Storages in all.
1차 구입시-10만 레이 	1st purchase - 100,000
2차 구입시-100만레이 	2nd purchase - 1,000,000
3차 구입시-1000만 레이	3rd purchase - 10,000,000
인벤토리에 있는 안쓰는 물건을 NPC를 클릭하고 보관함을 보고싶다.라는메뉴를 선택한후 인벤토리에 있는 아이템을 보관함에 넣으면 됩니다.. 	To store things you do not use, click the NPC, choose the "I want to see my Storage." menu, then put the items from your inventory into Storage.
물건을 찾을땐 보관함에서 물건을 클릭해서 인벤토리로 옮기면 됩니다.. 	To take things out, click them in Storage and move them to your inventory.
* 보관함 NPC	* Storage NPCs
무사길드1층 NPC 크리스 	Warrior Guild 1F NPC Chris
군인길드1층 NPC 케빈	Soldier Guild 1F NPC Kevin
성직자길드1층 NPC 크리스틴	Cleric Guild 1F NPC Christine
페로나국도 NPC 로빈벡스터	Perona Highway NPC Robin Baxter
옥타부스 내부 NPC 시모네	Inside Octavus NPC Simone
Tip. 보관함이 오픈된 상태에서 Shift키를 누른채로 아이템을 클릭하게 되면, 자동으로 보관함에 있는 아이템이 인벤토리 창으로 넘어갑니다.(반대로 인벤토리에서 보관함으로도 바로 넘어갑니다.)	Tip. With Storage open, hold Shift and click an item to move it from Storage straight to the inventory window. (It works the other way too, from the inventory straight to Storage.)
1차 구입시 10만 겔드 필요	1st purchase - 100,000 geld
2차 구입시 100만 겔드 필요	2nd purchase - 1,000,000 geld
3차 구입시 1000만 겔드 필요	3rd purchase - 10,000,000 geld
인벤토리에 있는 쓰지 않는 물건을 NPC를 클릭하고 보관함을 보고싶다.라는메뉴를 선택한후 인벤토리에 있는 아이템을 보관함에 넣으면 됩니다.. 	To store things you do not use, click the NPC, choose the "I want to see my Storage." menu, then put the items from your inventory into Storage.
물건을 찾을땐 보관함에서 물건을 클릭해서 인벤토리로 옮기면 됩니다.	To take things out, click them in Storage and move them to your inventory.
* 뱀파이어의 비드(구슬)는 보관함에 보관하실 수 없습니다.  	* Vampire Beads cannot be kept in Storage.
림보성마을 NPC 카파티니	Limbo Castle village NPC Carpatini
라센성내부 NPC 아이만	Inside Rasen Castle NPC Aiman
페로나국도 NPC 그리피스	Perona Highway NPC Griffith
테르티우스성 NPC 헌트	Tertius Castle NPC Hunt
쿠아르투스내부 NPC 바룬	Inside Quartus NPC Barun
* 보관함은 보관함을 관리하는 NPC 아마타에게서 구입을 하셔야 사용할 수 있으며 총 3개의 보관함을 구입할 수 있습니다. 	* You must buy Storage from Amata, the NPC who manages it, before you can use it, and you can buy up to 3 Storages in all.
1차 구입시-10만 자드 필요	1st purchase - 100,000 zad
2차 구입시-100만 자드 필요	2nd purchase - 1,000,000 zad
3차 구입시-1000만 자드 필요	3rd purchase - 10,000,000 zad
인벤토리에 있는 안쓰는 물건을 NPC 아마타를 클릭하고 보관함을 보고싶다.라는메뉴를 선택한후 인벤토리에 있는 아이템을 보관함에 넣으면 됩니다.. 	To store things you do not use, click the NPC Amata, choose the "I want to see my Storage." menu, then put the items from your inventory into Storage.
아우스터즈마을 NPC 아마타	Ousters Village NPC Amata
헥시리우스성 NPC 이그니엄	Hexserius Castle NPC Ignium
펜타누스 NPC 노와	Pentanus NPC Nowa
성향	Alignment
\t  성향이 처음 저하 되었을 때	\t  When your Alignment drops for the first time
\t\t   자신의 행동으로 성향이 변화합니다.	\t\t   Your actions change your Alignment.
* 성향은 캐릭터의 선악의 정도를 나타내는 능력치 입니다. 성향은 매우선함, 선함, 중립, 악함, 매우악함 이 다섯가지입니다. 같은 종족간의 PK 같은 적대적 행위를 줄이기 위해서 도입 되었습니다.	* Alignment is a stat that shows how good or evil a character is. There are five Alignments: Very Good, Good, Neutral, Evil and Very Evil. It was introduced to cut down on hostile acts such as PK between members of the same race.
* 성향은 선함이상의 상대방 동족 캐릭터를 먼저 공격하여 죽였을 경우에 떨어지게 됩니다.	* Your Alignment drops when you strike first and kill a character of your own race whose Alignment is Good or better.
* 성향이 악한 캐릭터가 죽었을 경우 아이템이 일정 확률로 땅바닥으로 떨어지게 됩니다. 단, 이것은 성향이 악함(-2501~)보다 나쁜 경우에만 해당합니다.	* When a character with an evil Alignment dies, there is a chance its items fall to the ground. This only applies when the Alignment is Evil (-2501 or lower) or worse.
* NPC에게 돈을 기부하면 - 2500까지는 성향을 상향 조정할 수 있으나, 더 이상의 상향 조정을 원한다면, 성향이 악함인 캐릭터를 공격해야 합니다. 	* Donating money to an NPC can raise your Alignment up to -2500; to raise it any further, you must attack characters whose Alignment is Evil.
*성향의 5단계	*The 5 Alignment levels
 - 성향은 각 단계마다 캐릭터ID의 색깔이 달라집니다.	 - Each Alignment level gives your character ID a different color.
  매우선함(파란색)	  Very Good (blue)
  선함(하늘색)	  Good (sky blue)
  중립(회색)	  Neutral (gray)
  악함(붉은색)	  Evil (red)
  매우악함(검붉은색)	  Very Evil (dark red)
PS. 협조해주신 분들께 감사드립니다.	PS. Our thanks to everyone who helped.
* NPC에게 돈을 기부하면 - 2500까지는 성향을 상향 조정할 수 있으나, 더 이상의 상향 조정을 원한다면, 성향이 악함인 캐릭터를 공격 하거나 자신의 레벨보다 더 높은 레벨의 몬스터를 사냥 해야 합니다.	* Donating money to an NPC can raise your Alignment up to -2500; to raise it any further, you must attack characters whose Alignment is Evil or hunt monsters of a higher level than yours.
* NPC 마네스쿠에게 돈을 기부하면 - 2500까지는 성향을 상향 조정할 수 있으나, 더 이상의 상향 조정을 원한다면, 성향이 악함인 캐릭터를 공격해야 합니다. 성향에 따른 색깔변화는 뱀파이어,슬레이어와 동일합니다. 	* Donating money to the NPC Manescu can raise your Alignment up to -2500; to raise it any further, you must attack characters whose Alignment is Evil. The ID colors for each Alignment are the same as for Vampires and Slayers.
파티	Party
\t  파티를 처음 했을 때	\t  On joining your first party
\t\t   여럿이 함께 모여 사냥을 해보세요.	\t\t   Get together and hunt as a group.
* 파티시스템은 그룹 플레이를 강화하기 위해 도입되는 소규모 커뮤니티 지원 시스템을 말합니다.	* The party system is a small-community support system introduced to strengthen group play.
* 파티 최대 인원은 6명이며 최소 2명이상으로 파티를 이룰수 있습니다.	* A party holds up to 6 members and needs at least 2.
* 파티 크기가 커질수록 보너스는 더욱 많이 주어집니다.	* The bigger the party, the bigger the bonus.
* 파티는 오른쪽 Alt + 파티를 맺고자 하는 사람에게 커서를 가져다 대면 악수 모양의 아이콘이 생기게 되며 파티의 가입과 생성을 하실수 있습니다.	* Hold the right Alt key and move the cursor over the person you want to party with; a handshake icon appears, and you can create or join a party.
* 파티 매니저창을 통해 각 파티원들의 얼굴 타입 및 파티원들의 위치, HP 의 상태 등을 알 수 있습니다.	* The party manager window shows each member's face, location, HP and so on.
사망	Death
\t  첫 사망시	\t  On your first death
\t\t   전투 중 쓰러지면 지정위치에서 부활이 가능합니다.	\t\t   If you fall in battle, you can come back to life at your designated location.
  * 캐릭터가 사망하게 되면 화면 왼쪽 하단에 " 지정   위치로 후송됩니다 " 라는 작은 아이콘이 생기게 됩   니다. 이것을 클릭하면 지정된 장소로 후송되며, 체   력이 회복됩니다. 	  * When your character dies, a small icon saying " You will be evacuated to your designated location " appears at the bottom left of the screen. Click it to be evacuated to the designated place with your health restored.
* 후송 위치지정 NPC 	* Respawn point NPCs
무사길드1층 NPC 요한	Warrior Guild 1F NPC Johan
군일길드1층 NPC 살라맨더 	Soldier Guild 1F NPC Salamander
성직자길드1층 NPC 싱	Cleric Guild 1F NPC Singh
그러나 능력치의 총합이 40 이하인 슬레이어의 경우 가상훈련장에서 죽게 되면 다시 그 곳으로 후송됩니다.	However, a Slayer whose stats total 40 or less who dies in the Virtual Training Ground is sent back there.
* 캐릭터가 사망하게되면 화면 왼쪽 하단에 " 지정위치로 부활합니다 " 라는 작은 아이콘이 생기게 됩니다. 이것을 클릭하면 미리 지정 해둔 부활위치로 후송이 되며, 체력이 회복됩니다.(이상상태는 회복 안됨)	* When your character dies, a small icon saying " Revive at your designated location " appears at the bottom left of the screen. Click it to be taken to the respawn point you set earlier with your health restored. (Status ailments are not cured.)
   * 캐릭터가 사망하게되면 화면 왼쪽 하단에 " 지정위치   로 부활합니다 " 라는 작은 아이콘이 생기게 됩니다.  이것을 클릭하면 미리 지정 해둔 부활위치로 후송이   되며, 체력이 회복됩니다.(이상상태는 회복 안됨)	   * When your character dies, a small icon saying " Revive at your designated location " appears at the bottom left of the screen. Click it to be taken to the respawn point you set earlier with your health restored. (Status ailments are not cured.)
흡혈	Blood Drain
\t  첫 몬스터 Kill 시	\t  On your first monster kill
\t\t   흡혈을 하자	\t\t   Time to drink some blood
* 몬스터를 공격하여 몬스터의 HP가 30%이하로 내려가면 흡혈을 하실 수 있습니다. 뱀파이어의 흡혈은 가장 초보적이면서 중요한 스킬입니다. 흡혈을 하는 동시에 자신의 HP가 회복되며 몬스터를 통해서 얻을 수 있는 경험치의 약 70%가량을 획득하게 됩니다. 	* Once you attack a monster and bring its HP down to 30% or less, you can drain its blood. Blood Drain is a Vampire's most basic and most important skill. Draining blood restores your own HP and earns you about 70% of the Experience the monster is worth.
(100%의경험치 = 흡혈70% + Kill30%)	(100% Experience = Blood Drain 70% + Kill 30%)
* 흡혈 방법은 해당 스킬창(Ctrl+s)을 활성화시켜 오늘쪽 마우스로 흡혈 스킬을 클릭하여 지정을 하신 후 오른쪽 마우스를 이용하여 흡혈하실 수 있습니다. 	* To drain blood, open the skill window (Ctrl+s), click the Blood Drain skill with the mouse to select it, then right-click to drain.
◀◀  흡혈아이콘과 흡혈모습	<<  The Blood Drain icon and a Vampire draining blood
흡영	Absorb Soul
\t  스킬 시전시 요구 EP 부족 시	\t  When you lack the EP a skill needs
\t\t   흡영을 통한 EP 회복	\t\t   Recovering EP with Absorb Soul
아우스터즈만의 고유의 기술인 흡영은 상대방의 EP를 흡수하여 자기의 EP를 채우는 기술입니다.	Absorb Soul, a technique unique to the Ousters, absorbs an opponent's EP to refill your own.
사냥중엔 반드시 필요한 기술입니다..	It is a must-have technique when hunting.
단, 죽은 시체에서만 흡영스킬을 사용할수 있습니다.	Note, however, that Absorb Soul can only be used on corpses.
슬레흡혈	Blood Drained
\t  슬레이어가 흡혈을 당했을 때	\t  When a Slayer's blood has been drained
\t\t   흡혈을 당한 경우 빠른 치료가 필요합니다.	\t\t   If your blood has been drained, get treatment quickly.
* 전투 중 캐릭터의 HP가 30% 아래로 내려가게 되면 붉은 피를 흘리게 되며, 틴버전의 경우 녹색 피가 흐르게 됩니다. 이 상태에서는 몬스터에게 흡혈을 당할 수 있습니다. 흡혈을 당하게 되면 체력바가 울긋불긋하게 변합니다. 이때 뱀파이어로 변하고 싶지 않다면 치료 기능의 NPC 에게 치료를 받아야 합니다.	* When a character's HP drops below 30% in battle, it starts to bleed red blood (green blood in the Teen version). In this state, monsters can drain your blood. Once your blood has been drained, your HP bar turns blotchy red. If you do not want to turn into a Vampire, get treatment from an NPC who heals.
* 치료 기능 NPC	* Healing NPCs
야전 사령부 NPC 데니스 	Field Headquarters NPC Dennis
시 외곽 지역 NPC 야마모토	City Outskirts NPC Yamamoto
군인길드1층 NPC 살라맨더	Soldier Guild 1F NPC Salamander
페로나국도 NPC 카르멘 버만	Perona Highway NPC Carmen Berman
* 몬스터 혹은 뱀파이어에게 흡혈 당한 후 치료하지 않고 실시간으로 12시간 10분이 지나면, 뱀파이어로 변하게 됩니다. 뱀파이어가 되면 슬레이어였을 때의 모든 능력치들은 뱀파이어의 초기값 능력치인 STR 20, DEX 20, INT 20 으로 바뀌게 되며, 착용하고 있던 모든 아이템들은 인벤토리 안으로 들어가거나 인벤토리에 여유 공간이 없을 경우, 바닥에 떨어지게 됩니다. 	* If you go untreated for 12 hours and 10 minutes of real time after a monster or Vampire drains your blood, you turn into a Vampire. As a Vampire, all your Slayer stats are replaced with a Vampire's starting stats of STR 20, DEX 20, INT 20, and all the items you were wearing go into your inventory, or fall to the ground if there is no room in it.
* 실수로 치료를 하지 않아 뱀파이어가 된 경우에는 림보성 남동(129,86)의 "라르바"에게 가면 다시 슬레이어로 되돌아 올 수 있습니다.	* If you forgot to get treated and became a Vampire by mistake, go to "Larva" in Limbo Castle Southeast (129,86) to become a Slayer again.
* 시간이 다되어 게임시간 10초 후에 변한다는 메세지가 나온다 하더라도 재접속을 하게 되면, 게임시간 2시간이 주어지게 됩니다. 2시간이 주어진 후에도 시간이 다되어 재접속을 해도 2시간은 계속해서 주어집니다.	* Even if time runs out and a message says you will change in 10 seconds of game time, reconnecting gives you 2 more hours of game time. Even when those 2 hours run out, reconnecting keeps giving you another 2 hours.
초보자사냥터	Beginner Zone
\t  접속 후 3분이 지난 후	\t  3 minutes after logging in
\t\t   약한 적을 상대로 전투의 기본을 익히십시오.	\t\t   Learn the basics of combat against weak enemies.
지금 당신의 힘으로는 에슬라니안의 어느지역에서도 몬스터와 대적할 수 없습니다. 그렇다고 실망은 마십시요. 저희는 당신의 나약함에 도움이 될 수 있도록 가상훈련장1과 2을 만들었습니다. 가상훈련장 안에는 당신이 충분히 수련을 할 수 있도록 약한 몬스터로 가득 채워놓았습니다. 충분히 연습을 한 후에 직접 필드에서 연습의 성과를 만끽해 보세요. 	With your present strength, you cannot face the monsters anywhere in Eslania. But do not lose heart. To help you in your weakness, we have built Virtual Training Grounds 1 and 2, and filled them with weak monsters so you can train as much as you need. Once you have practiced enough, go out into the field and enjoy the fruits of your training.
단, 가상훈련장에는 보다 많은 전사들이 연습을 할 수 있도록 순수능력치(Str, Dex, Int)의 총합이 41이 넘은 슬레어어는 출입이 불가하도록 제약을 두었습니다. 	However, so that more fighters can practice there, Slayers whose base stats (Str, Dex, Int) total more than 41 are barred from the Virtual Training Ground.
또한 가상훈련장 2의 경우는 능력치의 합이 41-60의 범위에 있는 슬레이어만 입장할 수 있습니다. 이 이상이 되는 슬레이어들은 진정한 전사라고 판단, 필드에서 직접 몬스터를 사냥하셔야 합니다. 	Virtual Training Ground 2 admits only Slayers whose stats total between 41 and 60. Slayers above that are judged to be true fighters and must hunt monsters out in the field.
가상훈련장으로 가는 워프존은 야전사령부 내에 준비 되어 있으니, 많은 이용바랍니다.	The warp zone to the Virtual Training Ground is inside the Field Headquarters, so make good use of it.
가상훈련장은 에슬라니아NW(북서) 지역에 위치해 있습니다.	The Virtual Training Ground is located in Eslania NW (Northwest).
뱀파이어는 처음 생성시 슬레이어나 아우스터즈에 비해 월등히 강한 체력과 공격력을 소유합니다. 	A newly created Vampire has far greater stamina and attack power than a Slayer or an Ousters.
처음 캐릭터를 생성하게 되면 림보성내부에서 나타나게 되며 처음 사냥터는 림보성내부와 바로 연결된 바토리던전 1~2층으로 이동하여 사냥을 하실 것을 권유합니다.	A new character appears Inside Limbo Castle; for your first hunting ground, we recommend heading to Bathory Dungeon B1F-B2F, which connects directly to Inside Limbo Castle.
바토리던전1~2층에 몬스터는 대부분 약한 편이기 때문에 사냥하는데 어려움이 없이 레벨 10 이상 까지 사냥을 할 수 있습니다. 	Most monsters in Bathory Dungeon B1F-B2F are weak, so you can hunt there without trouble until level 10 or beyond.
레벨이 10 이상이 되면 마을(림보성)의 상점등을 이용하여 자신에게 필요로 하는 아이템을 구입하고 마법을 배웁니다. 	Once you reach level 10 or higher, use the shops in town (Limbo Castle) to buy the items you need and learn magic.
마법은 림보성내부에 위치한 npc "브리콜라카스"에게서 배울수 있습니다.	You can learn magic from the NPC "Vrykolakas" Inside Limbo Castle.
뱀파이어는 전사와 마법계열로 나뉘는데 전사계열이나 마법계열이나 민첩(Dex)는 많은 비중을 차지합니다. 	Vampires split into warrior and magic types, and for both, DEX (Dex) carries a lot of weight.
민첩(Dex)은 마법계열 뱀파이어에 스킬에 딜레이에 높은 영향을 주며,	For magic-type Vampires, DEX (Dex) greatly affects skill delay,
전사계열은 명중률과 회피율등에 영향을 주기 때문에 전사와 마법계열 모두에게 아주 중요합니다. 	and for warriors it affects To Hit, evasion and so on, so it matters a great deal to both types.
그러므로 초반에는 덱스위주로 스텟을 올리는것이 좋고, 차후에 자기가 선택한(전사는 힘(Str), 법사는 지식(Int))계열에 관계된 스텟을 올리시는 것이 좋습니다. 	So early on it is best to raise mostly DEX, and later raise the stat that goes with the type you chose (STR (Str) for warriors, INT (Int) for mages).
처음 접속을 하게 되면, 아우스터즈마을에서 나타나게 됩니다. 마을 바깥으로 나가 사냥을 하는것 보다는 마을안에 있는 아우스터즈 전용 사냥터인 '하니알던전'으로 가는것을 권합니다.	When you first log in, you appear in the Ousters Village. Rather than going outside the village to hunt, we recommend heading to 'Hanial Dungeon', the Ousters-only hunting ground inside the village.
'하니알던전'은 4층으로 되어 있으며, 당신의 능력이 상승함에 따라 좀더 깊숙한 곳으로 내려가시면 됩니다. 자신의 능력에 맞는 층에서 사냥을 하다가 레벨이 상승하고, 스킬을 배워 좀더 강해 졌다면 4층까지 내려 가 보시기 바랍니다. 허나, 조심하셔야 합니다. 하니알던전에서 자신감을 쌓았다면, 드넓은 세상으로 나가십시오.	'Hanial Dungeon' has 4 floors; go deeper as your abilities grow. Hunt on the floor that suits your strength, and once you have leveled up and learned skills and grown stronger, try going down to the 4th floor. Be careful, though. Once Hanial Dungeon has given you confidence, head out into the wide world.
스킬획득	New Skills
\t  레벨 5가 되었을 때	\t  On reaching level 5
\t\t   이제부터 스킬을 배우실 수 있습니다.	\t\t   You can now learn skills.
슬레이어는 대체로 레벨 5가 되었을 때 새로운 스킬은 배울 수 있습니다. 이때가 되면 당신은 한 단계 진보한 슬레이어로써 전보다 강한 몬스터와 대적할 수 있을 것입니다. 	Slayers can generally learn new skills when they reach level 5. From then on, as a Slayer one step further along, you will be able to face stronger monsters than before.
새로운 스킬은 직업별 해당 NPC에게 이야기하면 아무런 제한없이 습득할 수 있습니다. 참고로 대부분의 기술은 게임에서 최초로 접속할 수 있는 야전사령부의 NPC에게서 배울 수 있습니다. 	You can learn new skills without any restriction by talking to the NPC for your class. Most techniques can be learned from the NPCs at the Field Headquarters, where you first enter the game.
총 계열 : 쟌(군인길드 3층), 쟈크(야전사령부)	Gun : Jean (Soldier Guild 3F), Jacques (Field Headquarters)
검 계열 : 한(무사길드 3층), 카이저(야전사령부)	Sword : Han (Warrior Guild 3F), Kaiser (Field Headquarters)
도 계열 : 여와(무사길드 3층), 카이저(야전사령부)	Blade : Nuwa (Warrior Guild 3F), Kaiser (Field Headquarters)
힐 계열 : 라흐마노프(성직자길드 3층), 타냐(야전사령부)	Heal : Rachmaninov (Cleric Guild 3F), Tanya (Field Headquarters)
인첸트 계열 : 한니발(성직자길드 3층), 타냐(야전사령부)	Enchant : Hannibal (Cleric Guild 3F), Tanya (Field Headquarters)
습득한 스킬은 절대로 썩혀서는 안됩니다. 배운 스킬을 사용하지 않는 군인은 낙오자로 전락하게 되어 있습니다. 반드시 가지고 있는 스킬을 사용하고, 그로 인해 스킬을 높이면서 진정한 군인으로의 모습을 갖추시기 바랍니다.	Never let the skills you have learned go to waste. A soldier who does not use the skills he has learned is bound to fall behind. Always use the skills you have, raise them by doing so, and become a true soldier.
뱀파이어는 레벨(능력치)업을 할 때 마다 3개의 능력치 보너스를 받게됩니다. 자신이 원하는 데로 선택적 분배가 가능 합니다.	Every time a Vampire levels up, it gets 3 stat bonus points, which you can distribute as you like.
* 기본능력치별 보조능력 상관관계	* How the base stats relate to the secondary stats
힘(Str) : 물리데미지와 방어력(프로텍션)	STR (Str) : Physical Damage and Protection
덱스(Dex) : 명중률과 회피률(디펜스), 마법시전후 발생하는 딜레이, 지속시간	DEX (Dex) : To Hit and evasion (Defense), the delay after casting spells, duration
인트(Int) : 스킬의 성공률, 마법공격의 데미지를 좌우합니다.	INT (Int) : Governs skill success rates and magic attack Damage.
레벨3이 되면, 스킬을 배우실 수가 있으며 스킬마스터들은 림보성과 라센성 2곳에 있습니다.	At level 3 you can learn skills; the skill masters are in two places, Limbo Castle and Rasen Castle.
*스킬마스터	*Skill masters
림보성 내부 - NPC브리콜라카스	Inside Limbo Castle - NPC Vrykolakas
라센성 내부 - NPC카임 	Inside Rasen Castle - NPC Caim
아우스터즈는 레벨업을 하면 스킬포인트를 주는데 전사나 법사를 고른다음 Ctrl + K 를 눌러 전사는 전투용 스킬을 배우고 법사는 마법 기술을 배웁니다. 스킬포인트는 레벨업 할 때마다 획득하는 스킬포인트가 늘어나게 됩니다. 	Ousters receive Skill Points when they level up. Choose warrior or mage, press Ctrl + K, and warriors learn combat skills while mages learn magic. The number of Skill Points you get grows with each level up.
스킬에 필요한 스킬포인트를 모두 모은후 스킬을 익히면 됩니다.	Collect all the Skill Points a skill needs, then learn it.
스킬의 레벨은 총 30까지 올릴수 있습니다.	Skills can be raised to level 30 at most.
(스킬레벨 29까지는 스킬포인트 재분배가 가능 하나 스킬레벨이 30이 되면, 포인트 재분배가 절대 불가능합니다.)	(Skill Points can be redistributed up to skill level 29, but once a skill reaches level 30 its points can never be redistributed.)
레벨업을 하면 능력치 보너스포인트가 3포인트 주어지게 되며, 자신이 원하는 능력치에 분배 하면 됩니다.	When you level up you get 3 stat bonus points to distribute among the stats you want.
힘에 종속하는 것은 방어율과 생명력, 데미지를 높이며 민첩성은 회피율과 생명,명중을 높여주고 지식은 영력과 마법력, 생명력을 올려줍니다.	STR raises Protection, HP and Damage; DEX raises evasion, HP and To Hit; INT raises EP, magic power and HP.
특히 힘이 생명력을 민첩성과 지식보다 많이 올려줍니다..	STR in particular raises HP more than DEX and INT do.
종족의특성	Race Traits
\t  레벨이30이 되었을때	\t  On reaching level 30
\t\t   종족의 특성을 알아 둡시다.	\t\t   Get to know the traits of your race.
1) 종족의 특성	1) Race traits
슬레이어의 경우에는 각 직업에 해당하는 도메인 레벨을 성장시키기 위해서는 해당 도메인에 관련된 무기를 사용한 액션과 스킬을 반복해야 하며, 스킬제(숙련도)로 구분되어 있습니다.	Slayers grow the Domain level of their class by repeatedly performing actions and skills with weapons of that Domain; growth is based on skill (proficiency).
또한 성장시스템, 아이템 구성, 스킬, 직업 등에서 완전히 차별화 된 개성을 보이는 것이 타 게임과이 차이점 입니다. 이동 수단으로는 오토바이, 헬기가 있습니다.	What sets the game apart from others is its completely distinct character in its growth system, items, skills and classes. For travel, there are Motorcycles and Helicopters.
전쟁에서의 슬래이어 종족들은 각기의 1:1 대인 능력은 그렇게 강하지 않지만, 각각의 직업이 모여 힘을 뭉치면 어떠한 적이라 할지라도 두려울 것이 없습니다.	In war, Slayers are not especially strong one on one, but when the classes band together, there is no enemy they need fear.
DKx Online의 시스템 중에 시간에 따른 능력치 변화가 있습니다. 밤, 낮의 변화가 단순한 시야나 배경 명도 변화에 그치지 않고, 종족 별 능력치 변화 시킵니다. 밤에는 뱀파이어 종족들에게 다소 약한 모습을 보이지만, 낮에는 슬레이어가 상대적으로 강한 면모를 보입니다.	One of DKx Online's systems changes stats with the time of day. Day and night do not just change your field of view or the brightness of the scenery; they change each race's stats. At night Slayers look somewhat weak against the Vampires, but by day they are relatively strong.
2) 슬레이어의 직업 	2) Slayer classes
슬레이어는 하나의 도메인을 마스터할 수도 있으며, 둘 이상의 도메인을 동시에 배워나갈 수도 있습니다. 그러나, 도메인레벨의 총합의 제한이 있기 때문에, 모든 도메인을 100% 배울 수는 없다는 점과, 총합 제한점에 도달하게 된 후에 하나의 스킬 도메인을 성장시키면 다른 도메인은 퇴보한다는 사실을 꼭 기억해두셔야 할 것입니다. 	A Slayer can master a single Domain or learn two or more Domains at once. However, since the total of your Domain levels is capped, keep in mind that you cannot learn every Domain to 100%, and that once you hit the cap, raising one skill Domain makes another Domain decline.
도메인 레벨의 성장에 따라 새로운 스킬 등을 배우실 수 있습니다.스킬 레벨의 상승에 따라, 지속시간이나 데미지의 증가효과를 얻을 수 있습니다.스킬은 계속해서 사용해야만 레벨이 상승하며, 스킬 레벨의 상승은 자신의 도메인 레벨에 따라 제약을 받습니다.	As your Domain levels grow, you can learn new skills. As a skill's level rises, its duration or Damage increases. Skills only level up if you keep using them, and a skill's level is limited by your Domain level.
- 도메인 레벨과 스킬 레벨은 레벨에 따라 모두 5단계로 구분 	- Domain levels and skill levels are both divided into 5 grades by level
단계   레 벨         단 계 	Grade   Level         Grade
Tip> Domain 레벨이 Apprentice라면 스킬레벨은 Adept까지 상승시킬 수 있습니다. Domain 레벨이 Adept라면 스킬레벨은 Expert까지 상승시킬 수 있습니다. 이와 같이 Skill 레벨은 Domain 레벨보다 한단계 상위의 단계까지 상승시킬 수 있습니다.	Tip> If your Domain level is Apprentice, you can raise your skill level up to Adept. If your Domain level is Adept, you can raise your skill level up to Expert. In other words, a skill's level can be raised to one grade above your Domain level.
3) 도메인별 특성	3) Domain traits
⊙ 무사 계열(도 도메인, 검 도메인)	o Warriors (Blade Domain, Sword Domain)
다양한 도검류를 자유롭게 사용하며 근접 백병전에 특화된 전사 병과입니다. 적절한 공격력과 방어력을 겸비한 검슬과 엄청난 힘과 파괴력을 자랑하는 도슬 2계통으로 분류됩니다. 	A fighting branch that wields all kinds of swords and blades freely and specializes in close hand-to-hand combat. It splits into two lines: sword Slayers, who balance attack and defense, and blade Slayers, who boast tremendous strength and destructive power.
파티의 선봉에서 동료들을 지켜주며 용맹하게 싸우는 병과로, 힘의 수행이 전투력에 큰 영향을 미칩니다.	A branch that fights bravely at the head of the party, protecting its comrades; training STR has a great effect on its fighting power.
⊙ 군인(총 도메인)	o Soldiers (Gun Domain)
현대의 발전된 군사 기술의 소산인 각종 총기류, 폭발물 등을 전문적으로 다루는 병과입니다. 	A branch that specializes in all kinds of firearms, explosives and the like, the products of modern, advanced military technology.
원거리에서 가하는 지원 사격과, 적의 예상 침투로에 지뢰를 설치하는등 파티 내에 있다는 것 만으로도 작전 반경은 몇 배로 증가하게 됩니다. 민첩성이 전투 능력의 위력, 정확성에 많은 영향을 줍니다.	With covering fire from long range and mines laid on the enemy's likely approach routes, a soldier's mere presence in the party multiplies its operating range several times over. DEX has a large effect on the power and accuracy of its attacks.
⊙ 성직자(인첸 도메인 , 힐 도메인)	o Clerics (Enchant Domain, Heal Domain)
여러 종교에서 비밀스럽게 전해지는 치유 능력을 사용하는 특수 병과입니다.	A special branch that uses the healing powers handed down in secret by various religions.
이들은 전투원들에 대한 치료와 보조를 전담하고 있습니다. 현재 전투 불능상에 빠진 파티 구성원들을 완전히 회복시킬 수 있는 회복(힐) 계열과, 파티 구성원들의 능력을 극대화시키고 뱀파이어 등의 사악한 기술을 탐지, 예지하는 축복(인첸트) 계열로 분류가 되는 것으로 알려져 있습니다. 장시간의 전투 지원을 위해서는 지식을 수행하는 것이 요구됩니다.	They are dedicated to healing and supporting the fighters. They are known to split into the Heal line, which can fully restore party members who have been put out of action, and the Enchant line, which maximizes party members' abilities and detects and foresees the evil arts of the Vampires and others. Long hours of combat support call for training INT.
4) 능력치 시스템(표)	4) Stat system (table)
⊙ 기본 능력치	o Base stats
- 기본 능력치는 캐릭터의 기본적이면서도 중요한 특성을 나타내며, 동시에 보조능력치의 범위를 결정 짓습니다. 	- Base stats represent a character's basic yet important traits, and at the same time they set the range of the secondary stats.
* 힘(STR): 캐릭터의 힘의 세기, 육체의 강한 정도를 나타내는 능력치로 , HP, DAMAGE, PROTECTION 등에 영향을 미칩니다.	* STR (STR): A stat for the character's strength and physical toughness; it affects HP, Damage, Protection and so on.
* 민첩성(DEX) : 캐릭터의 재빠름, 민첩함을 나타내는 능력치로 , TOHIT, DEFENSE ,공격속도등에 영향을 미칩니다	* DEX (DEX) : A stat for the character's quickness and agility; it affects To Hit, Defense, attack speed and so on.
* 지식 (INT) : 캐릭터의 지적인 능력을 나타내는 능력치로 , 마법지속시간과 마법데미지 등에 영향을 미칩니다. 	* INT (INT) : A stat for the character's intellectual ability; it affects spell duration, magic Damage and so on.
5)각 종족의 보조 능력치 	5) Secondary stats of each race
⊙ 보조 능력치	o Secondary stats
보조능력치는 기본능력치와 아이템에 의해서 결정되며, 전투와 마법 등 실제로 캐릭터의 게임 내 행위에 절대적인 영향력을 미치는 능력치입니다.	Secondary stats are determined by your base stats and items, and they have an absolute effect on everything your character does in the game, such as combat and magic.
* 생명력(HP) : 캐릭터의 생명력을 나타내는 능력치로 , HP가 0 이 되면 죽음을 당하게 됩니다. HP는 능력치 및 레벨에 종속됩니다	* HP (HP) : A stat for the character's life force; when HP reaches 0, you die. HP depends on your stats and level.
* 명중률(TOHIT) : 공격의 정확도를 나타내는 능력치로 , DEX 에 종속됩니다.	* To Hit (TOHIT) : A stat for the accuracy of your attacks; it depends on DEX.
* 데미지(DAMAGE) : 상대에게 줄 수 있는 피해량을 나타내는 능력치로, 힘 과 지식에 종속됩니다.	* Damage (DAMAGE) : A stat for the amount of harm you can deal an opponent; it depends on STR and INT.
* 디펜스(DEFENSE) : 명중률에 대한 방어도를 나타내는 능력치로, 민첩성 에 의해서 증가됩니다.	* Defense (DEFENSE) : A stat for your defense against To Hit; it is increased by DEX.
* 프로텍션(PROTECTION) : 데미지에 대한 방어도를 나타내는 능력치로,힘 에 의해서 증가됩니다.	* Protection (PROTECTION) : A stat for your defense against Damage; it is increased by STR.
6) 경험치 시스템	6) Experience system
⊙ 경험치를 획득하는 방법	o How to earn Experience
- 각 직업에 해당하는 도메인 레벨을 성장시키기 위해서는 해당 도메인에 관련된 무기를 사용한 액션과 스킬을 반복해야 합니다	- To grow the Domain level of your class, you must repeatedly perform actions and skills with weapons of that Domain.
- 도메인 레벨의 증가에 따라 일부 기술의 성공율이나 대미지등에 영향을 미칩니다.	- Rising Domain levels affect the success rate, Damage and so on of some techniques.
- 도메인 레벨의 증가에 따라 새로운 스킬을 습득할 수 있습니다. 레벨별로 어떤 스킬을 쓰는가에 따라 경험치역시 달라집니다.	- As your Domain levels rise, you can learn new skills. The Experience you get also varies with which skills you use at each level.
- 슬레이어의 경우 주간과 야간에 따라 같은 몬스터를 사냥하더라도 경험치가 다릅니다. 야간의 경우 약 1.5배의 경험치를 더 획득하게 됩니다. 	- Slayers earn different Experience for hunting the same monster by day and by night. At night they earn about 1.5 times as much Experience.
- 슬레이어는 각 도메인별로 렙에 따른 적정무기가 존재합니다. 적정무기보다 상급의 무기를 들었을 경우 최고 120%까지 도메인 경험치를 획득하게 됩니다. 적정무기에 대한 자세한 사항은 홈페이지에서 FAQ검색을 통해서 확인이 가능합니다. 	- For each Domain, Slayers have a suitable weapon for their level. If you wield a weapon of a higher grade than the suitable one, you earn up to 120% Domain Experience. For details on suitable weapons, search the FAQ on the homepage.
스킬을 이용한 레벨 업 장면	A level up using a skill
뱀파이어는 게임내에서 인간과는 상당히 이질적인 존재로 등장하지만 기본적으로 레벨제를 기반으로 성장하기 때문에 육성이 어렵지는 않다 . 피를 취함으로써 불멸성을 획득하는 뱀파이어들은 이를 얻을수록 강대해지기 때문에 흡혈을 통해 경험을 쌓아 성장하게 됩니다. 	Vampires appear in the game as beings quite alien to humans, but they basically grow through a level system, so raising one is not hard. Vampires gain immortality by taking blood, and the more they take, the mightier they become, so they grow by gaining Experience through Blood Drain.
2) 각 종족의 능력치 시스템	2) The stat system
기본 능력치는 캐릭터의 기본적이면서도 중요한 특성을 나타내며, 동시에 보조능력치의 범위를 결정짓습니다. 	Base stats represent a character's basic yet important traits, and at the same time they set the range of the secondary stats.
- 힘(STR): 캐릭터의 힘의 세기, 육체의 강한 정도를 나타내는 능력치로 , HP, DAMAGE, PROTECTION 등에 영향을 미칩니다.	- STR (STR): A stat for the character's strength and physical toughness; it affects HP, Damage, Protection and so on.
- 민첩성(DEX) : 캐릭터의 재빠름, 민첩함을 나타내는 능력치로 , TOHIT, DEFENSE ,공격속도등에 영향을 미칩니다.	- DEX (DEX) : A stat for the character's quickness and agility; it affects To Hit, Defense, attack speed and so on.
- 지식 (INT) : 캐릭터의 지적인 능력을 나타내는 능력치로 , 마법지속시간과 마법데미지 등에 영향을 미칩니다. 	- INT (INT) : A stat for the character's intellectual ability; it affects spell duration, magic Damage and so on.
- 생명력(HP) : 캐릭터의 생명력을 나타내는 능력치로, HP가 0 이 되면 죽음을 당하게 됩니다. HP는 능력치 및 레벨에 종속됩니다.	- HP (HP) : A stat for the character's life force; when HP reaches 0, you die. HP depends on your stats and level.
- 명중률(TOHIT): 공격의 정확도를 나타내는 능력치로, DEX 에 종속됩니다.	- To Hit (TOHIT): A stat for the accuracy of your attacks; it depends on DEX.
- 데미지(DAMAGE): 상대에게 줄 수 있는 피해량을 나타내는 능력치로, 힘 과 지식에 종속됩니다.	- Damage (DAMAGE): A stat for the amount of harm you can deal an opponent; it depends on STR and INT.
- 디펜스(DEFENSE): 명중률에 대한 방어도를 나타내는 능력치로, 민첩성 에 의해서 증가됩니다.	- Defense (DEFENSE): A stat for your defense against To Hit; it is increased by DEX.
- 프로텍션(PROTECTION): 데미지에 대한 방어도를 나타내는 능력치로,힘 에 의해서 증가됩니다.	- Protection (PROTECTION): A stat for your defense against Damage; it is increased by STR.
⊙ 경험치 시스템	o Experience system
- 경험치를 획득하는 방법	- How to earn Experience
뱀파이어의 레벨 업은 경험치의 누적에 의해서 이루어집니다. 뱀파이어는 경험치를 얻는데에 두가지 방법이 있습니다. 	Vampires level up by accumulating Experience. There are two ways for a Vampire to earn Experience.
첫째는 흡혈(BloodDrain)에 의한 경험치 획득입니다. 이 과정으로 한 몬스터의 전체경험치의 70%를 획득하실 수 있습니다. 둘째는 라스트킬(LastKill)에 의한 경험치 획득입니다. 이 과정으로 몬스터의 전체 경험치의 30%를 획득하실 수 있습니다. 이와 같은 경험치의 누적을 통해 목표경험치(GoalExp)에 이르면 레벨이 상승하게 되고, 레벨 상승에 따라 새로운 뱀파이어 마법을 배우실 수 있습니다. 	The first is Experience from Blood Drain (BloodDrain), which earns you 70% of a monster's total Experience. The second is Experience from the last kill (LastKill), which earns you 30% of a monster's total Experience. When the Experience you accumulate this way reaches your goal Experience (GoalExp), you level up, and as you level up you can learn new Vampire magic.
TIP : 뱀파이어의 경우 슬레이어와의 전투시 은도금을 입힌 무기에 의하여 HolyDamage(홀리데미지)를 입을 수 있습니다. 홀리데미지를 입게 되면, 최대HP가 은도금으로 인하여 줄어들게 됩니다. 이런 경우 치료방법은 세가지가 있습니다. 서머캐스킷스킬을 사용하여 관을 소환하거나 몬스터나 타종족을 흡혈 또는 혈청을 사용하면 HolyDamage를 풀 수 있습니다. 	TIP : In battle with Slayers, Vampires can take HolyDamage (holy damage) from silver-plated weapons. Holy damage lowers your maximum HP because of the silver. There are three ways to cure it: summon a coffin with the Summon Casket skill, drain the blood of a monster or another race, or use a Serum, and the HolyDamage is lifted.
거룩한 자연의 영과 하나되는 신실한 믿음을 지닌 우리가 카리사스님께 기도 드리겠습니다. 우리들을 올바르게 인도하심에 뜻을 이룰 수 있도록 당신에게 은총을 구합니다.	We who hold a true faith, one with the holy spirit of nature, pray to Lord Karisas. We ask for your grace, that we may fulfill the purpose to which you rightly guide us.
생명과 자연의 정령이여, 당신을 만나 하나 되기를 간절히 원하옵니다. 	Spirits of life and nature, I long with all my heart to meet you and become one with you.
저는 아우스터즈 일족의 미하이라고 합니다.	I am Mihai, of the Ousters kin.
이 혼란의 시기에 첫발을 내딛는 그대에게 저의 짧은 지식이나마 도움이 되었으면 좋겠군요. 	I hope my modest knowledge may be of help to you as you take your first steps in these troubled times.
그대는 아우스터즈입니다. 세간에서는 ‘하프뱀파이어’라는 말로 표현되기도 합니다만, 그들의 주관적이고 편협한 시야에서 회자되는 우리의 모습은 무시하셔도 좋습니다.	You are an Ousters. The world sometimes calls us 'half-vampires', but you may ignore the picture of us that circulates through their subjective, narrow view.
검붉은 선혈만을 갈구하는 타락한 영혼의 뱀파이어들, 자신만을 위해 다른 생명체의 목숨과 삶의 터전을 짓밟고 일어선 인간들. 그 어느 누구의 모습과도 다릅니다.	The Vampires, fallen souls that crave nothing but dark red blood; the humans, who rose by trampling the lives and homes of other living things for their own sake. We are unlike either of them.
우리의 영원한 생명은 피를 요구하지 않으며, 밝은 태양빛이 저주가 되는 그들과는 달리 자연의 축복으로 마주 할 수 있습니다. 또한 남여로 구분 지어져야만 하는 뱀파이어나 인간들과는 다른 완전체의 모습으로 하나의 성별을 가지며 모두가 서로를 사랑할 수 있습니다.	Our eternal life demands no blood, and unlike those to whom bright sunlight is a curse, we can face it as a blessing of nature. And unlike the Vampires and humans, who must be divided into male and female, we are whole beings of a single sex, and all of us can love one another.
자연과 함께 하는 저희 일족에게만 허락된 대자연의 정령들은 언제나 당신을 수호해 줄 것입니다. 물론 정령의 힘을 빌리지 않은 강인한 육체적 능력도 자신과 일족을 지킬 수 있다는 사실도 기억해 두십시오. 	The spirits of great nature, granted only to our kin who live with nature, will always protect you. Remember, too, that a strong body that does not borrow the spirits' power can also defend you and your kin.
2) 각 종족의 직업	2) Classes
강력한 힘을 원하는 그대들은 무한한 가능성을 갖고 있습니다. 대자연의 정기로 정령을 소환하는 정령술을 사용할 수도, 자신의 뛰어난 육체의 힘을 이용하여 차크람을 사용할 수도 있습니다. 혹은 이 모든 것을 함께 수련 할 수도 있습니다. 선택은 당신의 몫입니다.	You who seek great power have boundless potential. You can use spirit magic, summoning spirits with the energy of great nature, or use the Chakram with the power of your superb body. Or you can train in all of these together. The choice is yours.
차크람을 사용하여 자신의 육체 수련을 극대화 하는 기술들을 말합니다. 정령들의 도움을 보조적으로 받기도 하지만, 자신의 힘과 차크람을 다루는 기술의 수련이 중시되는 전투 계열입니다.	These are techniques that use the Chakram to push your physical training to the limit. The combat line receives some support from the spirits, but it puts the emphasis on training your own strength and your skill with the Chakram.
전투 계열에도 크게 2가지로 구분되며, 민첩 위주에 힘을 부로 올린 전사가 있으며, 힘 위주에 민첩을 부로 올리는 전사로 나뉘게 됩니다.	The combat line also splits broadly in two: warriors who focus on DEX with STR as secondary, and warriors who focus on STR with DEX as secondary.
전사 계열에 있어서 힘과 민첩은 아주 중요한 능력치 입니다.	For the warrior line, STR and DEX are very important stats.
힘은 데미지와 hp 그리고 프로텍션 올려주며, 민첩은 명중률과 디펜스를 올려줍니다.	STR raises Damage, HP and Protection, while DEX raises To Hit and Defense.
따라서 어느 한쪽으로 치우치기 보다는 어느 정도 조율을 하여 배분하시는 것이 가장 바람직합니다.	So rather than leaning to one side, it is best to strike a balance when distributing them.
불 계열의 정령을 소환하는 정령술로 대부분이 공격 마법을 구사합니다. 불 계열의 정령술을 깊게 수련할수록 강력한 마법으로 진화하게 됩니다.	Spirit magic that summons Fire spirits, mostly for attack magic. The deeper you train in Fire spirit magic, the more powerful your spells become.
불 계열의 아우스터스의 모든 직업군을 통틀어 가장 빠르고 안정적인 사냥과 광역 공격스킬을 사용할수 있습니다. 여러 스킬을 동시에 사용할 경우 순간 데미지는 최고의 케릭터라 자부할 수 있을 것입니다.	Of all the Ousters classes, the Fire line hunts the fastest and most safely and can use area attack skills. When you use several skills at once, you can claim the highest burst Damage of any character.
물 계열의 정령을 소환하는 정령술로 치유나, 방어 등의 보조 마법을 구사합니다. 물 계열의 정령술을 깊게 수련할수록 위력적인 마법으로 진화하게 됩니다.	Spirit magic that summons Water spirits, for support magic such as healing and defense. The deeper you train in Water spirit magic, the more formidable your spells become.
물 계열의 경우는 모든 직업에게 상당히 인기가 있는 직업이며, 파티 사냥이나 전쟁에도 hp의 회복과 사망시에 부활을 할 수 있는 계열이며, PvP에서도 강한 면모를 보입니다.	The Water line is very popular with every class; it can restore HP and revive the dead in party hunts and in wars, and it is strong in PvP too.
땅 계열의 정령을 소환하는 정령술로 방어나 원거리 공격등의 방어 마법을 구사합니다. 땅 계열의 정령술을 깊게 수련할수록 효과적인 마법으로 진화하게 됩니다.	Spirit magic that summons Earth spirits, for defensive magic such as protection and ranged attacks. The deeper you train in Earth spirit magic, the more effective your spells become.
직접 공격하는 스킬도 강하지만 자신의 파티원과 같은 종족에게 유용한 스킬 등을 걸어줄 수 있으며, 유일하게 타 종족의 숨어있는 캐릭터 등을 볼 수 있는 스킬을 보유할 수 있습니다. 타 종족간의 전쟁에 꼭 필요한 존재입니다.	Its direct attack skills are strong, but it can also cast useful skills on party members and others of your race, and it is the only line with a skill that can see hidden characters of other races. It is essential in wars between the races.
TIP. 아우스터스의 특성상 모든 스킬을 배우는 것은 불가능 합니다. 스킬포인트를 적절히 분배하여 자신에게 꼭 필요한 스킬 만을 마스터하도록 합니다. 호기심에 이것 저것 배우다 보면 잡캐릭터가 되어 실전에서 사용할 사용할 스킬을 마스터 할 수 없을 수도 있습니다.	TIP. By the nature of the Ousters, you cannot learn every skill. Distribute your Skill Points wisely and master only the skills you really need. Learn a bit of everything out of curiosity and you may end up a jack of all trades who cannot master the skills you need in real fights.
* 그림은 배운 스킬의 종류는 많으나 정작 필요한 스킬을 마스터하지 못한 경우입니다.	* The picture shows a case where many kinds of skills were learned but the skills actually needed were not mastered.
3) 아우스터즈 종족의 능력치 시스템	3) The Ousters stat system
⊙ 힘, 민첩, 인트	o STR, DEX, INT
4) 아우스터즈 종족의 보조 능력치 	4) Ousters secondary stats
⊙ HP , 명중률.......기타 등등	o HP, To Hit ... and so on
보조 능력치는 기본 능력치와 아이템에 의해서 결정되며, 전투와 마법 등 실제로 캐릭터의 게임 내 행위에 절대적인 영향력을 미치는 능력치입니다. 	Secondary stats are determined by your base stats and items, and they have an absolute effect on everything your character does in the game, such as combat and magic.
5) 경험치 시스템	5) Experience system
아우스터즈의 레벨 업은 경험치 누적에 의해서 이루어집니다. 경험치는 몬스터 킬(Kill) 순간에 획득하게 되며,몬스터에게 입힌 데미지와 몬스터 레벨에 따라 경험치를 얻게 됩니다.	Ousters level up by accumulating Experience. Experience is earned at the moment of a monster kill (Kill), based on the Damage you dealt the monster and the monster's level.
이와 같은 경험치의 누적을 통해 목표경험치(GoalExp)에 이르면 레벨이 상승하게 되고, 레벨 상승에 따른 스킬 포인트를 얻게 되어 기존의 스킬의 숙련도를 높이거나 새로운 마법을 배우실 수 있습니다.	When the Experience you accumulate this way reaches your goal Experience (GoalExp), you level up, and the Skill Points you get for leveling up let you improve the skills you have or learn new magic.
TIP. 한번 배운 스킬의 스킬포인트는 초기화 되지 않습니다. 그리고 모든 스킬의 경우 30레벨이 마스터이며 마스터를 할 경우는 해당 스킬 포인트를 다시 분배할 수 없으니 신중하 선택하도록 합니다.	TIP. Skill Points spent on a skill are never reset. Every skill is mastered at level 30, and once mastered its Skill Points cannot be redistributed, so choose carefully.
그리고 DKx Online에서는 퀘스트라는 계념의 레어 시스템이 존재합니다.	DKx Online also has a lair system that works like quests.
레어 퀘스트의 경우 기존의 사냥할 때 보다 짧은 시간 동안 많은 몬스터가 출현하기 때문에 사냥중에 레어가 열리면 꼭 퀘스트에 참가하는 습관을 드리도록 합니다.	In a lair quest, many more monsters appear in a shorter time than in ordinary hunting, so make a habit of joining the quest whenever a lair opens while you are hunting.
종족시스템	Race Systems
\t  레벨이31이 되었을때	\t  On reaching level 31
\t\t   시스템을 알면 전투가 쉬워 질것입니다.	\t\t   Knowing the systems makes combat easier.
1) 성향 시스템	1) Alignment system
- 성향이란 캐릭터의 선악의 정도를 나타내는 능력치 입니다. 같은 종족간의 PK 같은 적대적 행위를 줄이기 위해서 도입되었습니다. 	- Alignment is a stat that shows how good or evil a character is. It was introduced to cut down on hostile acts such as PK between members of the same race.
- 성향은 같은 종족을 공격할때 증가하거나 감소하며, 다른 종족을 공격할 경우에는 성향이 변하지 않습니다.	- Alignment rises or falls when you attack your own race; attacking other races does not change it.
- 자신보다 낮은 레벨의 캐릭터를 공격할 경우 그 폭이 매우 커집니다.	- Attacking characters of a lower level than you makes the change much larger.
- 또한, 연속적으로 나쁜 행위를 행할 경우에는 성향값의 하락에 누진율이 적용 됩니다.	- Also, if you keep doing bad deeds in a row, your Alignment drops at a progressive rate.
- 성향값의 범위는 -10,000 ~ 10,000 이며, 초기 성향값은 + 7,500 입니다.	- Alignment ranges from -10,000 to 10,000, and starts at +7,500.
- 몬스터를 죽여서 - 2500까지는 성향을 상향 조정할 수 있으나, 더 이상의 상향 조정을 원한다면, 성향이 악한 캐릭터를 공격해야 합니다. 	- Killing monsters can raise your Alignment up to -2500; to raise it any further, you must attack characters with an evil Alignment.
- NPC에게 돈을 기부하면 - 2500까지는 성향을 상향 조정할 수 있으나, 더 이상의 상향 조정을 원한다면, 성향이 악함인 캐릭터를 공격해야 합니다. 	- Donating money to an NPC can raise your Alignment up to -2500; to raise it any further, you must attack characters whose Alignment is Evil.
- 악성향의 플레이어는 페널티로서 죽을 때 아이템을 떨어뜨릴 확율이 비교적 높고, 경험치의 페널티도 보다 많이 받게 됩니다.	- As a penalty, players with an evil Alignment are rather more likely to drop items when they die, and they also take a larger Experience penalty.
⊙ 성향 수치에 따른 캐릭터ID 색깔 변화	o Character ID colors by Alignment value
매우 선함 7501 ~10000  	Very Good 7501 ~ 10000
선함 2501 ~7500 	Good 2501 ~ 7500
중립 2500 ~ -2500 	Neutral 2500 ~ -2500
악함 -2501~ -7500 	Evil -2501 ~ -7500
매우 악함 -7501~ 10000 	Very Evil -7501 ~ -10000
⊙ 성향조정 NPC	o Alignment NPCs
- 군인 길드 3층 NPC ? 스미스	- Soldier Guild 3F NPC - Smith
- 무사 길드 3층 NPC ? 코난	- Warrior Guild 3F NPC - Conan
- 성직자 길드 3층 NPC - 스토야노프	- Cleric Guild 3F NPC - Stoyanov
2) 파티 시스템	2) Party system
각 종족의 그룹 플레이를 강화하기 위해 도입되는 소규모 커뮤니티 지원 시스템을 말하며, 파티 크기가 커질수록 보너스는 더욱 많이 주어진다. 파티의 가입과 생성은 모두 오른쪽 Alt+플레이어클릭으로 이루어 진다.	A small-community support system introduced to strengthen group play for each race; the bigger the party, the bigger the bonus. Joining and creating a party are both done with right Alt + clicking a player.
⊙ 경험치 분배 방식	o How Experience is shared
자신 혹은 다른 파티원중 하나가 적을 공격할 경우, 일정 거리안에 있는 파티원의 숫자에 따라서 증가된 능력치 경험치가 파티원의 레벨비에 따라서 적절히 자동 분산 되며, 슬레이어의 경우 레벨비는 SlayerLevel 을 사용하도록 한다. 여기서 파티의 크기라 함은 파티에 가입한 사람의 총원이 아니라, 자신과 8 타일 거리에 있는 파티원의 총원을 의미한다.	When you or another party member attacks an enemy, the Experience, boosted according to the number of party members within a certain distance, is automatically shared among the members in proportion to their levels; for Slayers, SlayerLevel is used as the level. Here, party size means not the total number of people who joined the party, but the total number of party members within 8 tiles of you.
⊙ 파티 크기에 따른 보너스 	o Bonus by party size
파티인원이 2명일 때  150%의 경험치 보너스 획득 	2 party members: 150% Experience bonus
파티인원이 3명일 때  195%의 경험치 보너스 획득 	3 party members: 195% Experience bonus
파티인원이 4명일 때  225%의 경험치 보너스 획득 	4 party members: 225% Experience bonus
파티인원이 5명일 때  250%의 경험치 보너스 획득	5 party members: 250% Experience bonus
파티인원이 6명일 때  270%의 경험치 보너스 획득 	6 party members: 270% Experience bonus
TIP. 자신의 적정무기 보다 높은 단계의 무기를 착용하게 되면, 최대 120%의 경험치를 얻게 되며, 거기에다 야간의 경우 150%의 경험치를 더 얻게 된다. 추가로 파티를 하여 위의 상황과 겹치게 되면 경험치를 최대한 많이 얻을 수가 있다.	TIP. Wield a weapon of a higher grade than your suitable weapon and you earn up to 120% Experience, and at night you earn 150% Experience on top of that. Add a party on top of both and you earn the most Experience possible.
3) 계급 시스템	3) Rank system
뱀파이어 마스터들은 자신의 충실한 부하들에게 전장 속에서의 공로를 치하하고자 계급을 부여하기로 했다. 또 높은 계급을 획득한 뱀파이어에게는 특별한 마법을 전수해주겠다고 공표하였다. 이는 다가올 대규모 전쟁 속에서 확고한 지휘계통을 확립하고 사기를 진작시키기 위한 방편이기도 했다. 이로써 뱀파이어 전사들은 자신의 마스터에 대한 충성심을 확고히 하면서 동시에 보다 조직적인 전투력을 확보하게 되었다.	The vampire Masters decided to grant ranks to their loyal servants to honor their deeds on the battlefield. They also proclaimed that vampires who reached high ranks would be taught special magic. This was also a way to establish a firm chain of command and raise morale for the great war to come. With it, the vampire warriors strengthened their loyalty to their Masters and at the same time gained a more organized fighting force.
단계별 계급 마크(좌측부터 우측으로 1레벨씩 증가, 단계별 5레벨단위-예제. 서런트 좌측 마크는 6레벨)	Rank marks by stage (each mark from left to right is 1 level higher, 5 levels per stage - e.g. the leftmost Sergeant mark is level 6)
⊙ 계급 경험치	o Rank Experience
- 계급 상승은 계급 경험치의 누적에 의해서 이루어 진다. 슬레이어의 계급 경험치는 몬스터의 사냥과 뱀파이어와의 전투를 통해서 얻게 된다. 이를 통해 목표 계급 경험치에 이르면 진급하게 된다. 계급이 어느 정도 수준에 이르면 새로운 계급 스킬을 배울 수 있다.	- You rise in Rank by accumulating Rank Experience. Slayers earn Rank Experience by hunting monsters and fighting Vampires. When it reaches the Rank Experience goal, you are promoted. Once your Rank reaches a certain level, you can learn new rank skills.
- 자신 혹은 같은 파티의 슬레이어가 적을 죽였을 경우, 그 계급 경험치는 파티 크기에 따라서 점차 커지며, 파티 원들의 레벨에 따라서 자동 분배된다. 이 보너스는 리더와 8 타일 거리 안에 존재하는 경우에만 자동 분배된다.	- When you or a Slayer in your party kills an enemy, the Rank Experience grows with the size of the party and is shared automatically according to the members' levels. This bonus is only shared with members within 8 tiles of the leader.
성향이란 캐릭터의 선악의 정도를 나타내는 능력치 입니다. 같은 종족간의 PK 같은 적대적 행위를 줄이기 위해서 도입되었습니다. 성향은 같은 종족을 공격할때 증가하거나 감소하며, 다른 종족을 공격할 경우에는 성향이 변하지 않습니다.	Alignment is a stat that shows how good or evil a character is. It was introduced to cut down on hostile acts such as PK between members of the same race. Alignment rises or falls when you attack your own race; attacking other races does not change it.
자신보다 낮은 레벨의 캐릭터를 공격할 경우 그 폭이 매우 커집니다.	Attacking characters of a lower level than you makes the change much larger.
또한, 연속적으로 나쁜 행위를 행할 경우에는 성향값의 하락에 누진율이 적용됩니다.	Also, if you keep doing bad deeds in a row, your Alignment drops at a progressive rate.
성향값의 범위는 -10,000 ~ 10,000 이며, 초기 성향값은 + 7,500 입니다. 몬스터를 죽여서 - 2500까지는 성향을 상향 조정할 수 있으나, 더 이상의 상향 조정을 원한다면, 성향이 악한 캐릭터를 공격해야 합니다. NPC에게 돈을 기부하면 - 2500까지는 성향을 상향 조정할 수 있으나, 더 이상의 상향 조정을 원한다면, 성향이 악함인 캐릭터를 공격해야 합니다. 	Alignment ranges from -10,000 to 10,000, and starts at +7,500. Killing monsters can raise your Alignment up to -2500; to raise it any further, you must attack characters with an evil Alignment. Donating money to an NPC can raise your Alignment up to -2500; to raise it any further, you must attack characters whose Alignment is Evil.
악함성향의 플레이어는 페널티로서 죽을때 아이템을 떨어뜨릴 확율이 비교적 높고, 경험치의 페널티도 보다 많이 받게 됩니다.	As a penalty, players with an Evil Alignment are rather more likely to drop items when they die, and they also take a larger Experience penalty.
# 성향수치에따른 성향 변화	# Alignment by Alignment value
성향 매우선함 : 7500 ~ 10000(짙은 청색)	Alignment Very Good : 7500 ~ 10000 (dark blue)
성향 선함 : 2500 ~ 7500(하늘색)	Alignment Good : 2500 ~ 7500 (sky blue)
성향 중립 : -2500 ~ 2500(회색)	Alignment Neutral : -2500 ~ 2500 (gray)
성향 악함 : -2500 ~ -7500(붉은색)	Alignment Evil : -2500 ~ -7500 (red)
성향 매우악함 : -7500 ~ -10000(검붉은색)	Alignment Very Evil : -7500 ~ -10000 (dark red)
2) 파티 시스템 - 우정을 추구하는 자들의 책	2) Party system - The Book of Those Who Seek Friendship
살아남기 위해 가장 중요한 것은 자신의 힘이라는 것은 어리석은 거짓 지혜에 불과하다. 진정 중요한 것은 위기를 같이 헤쳐나갈 수 있는 동료라고 생각한 옛 일족의 현자가 저술한 책이다. 너희들이 좀 더 높은 경지에 이를 수 있다면 자신과 서로 피를 교환할 수 있는 우정도 얻을 수 있을 것이다. 오랜 생을 살아가야만 하는 우리 일족이야말로 벗의 소중한 가치를 알고 있는 종족일지도 모른다.	That one's own strength matters most for survival is nothing but foolish false wisdom. This book was written by a sage of our kin of old, who held that what truly matters is comrades who will face danger with you. If you can rise to a higher plane, you may even win a friendship in which you exchange blood with one another. Perhaps we, a kin who must live long lives, are the very race that knows the true worth of a friend.
⊙ 개요	o Overview
파티시스템은 슬레이어/뱀파이어 공통 적용되는, 그룹 플레이를 강화하기 위해 도입되는 소규모 커뮤니티 지원 시스템을 말합니다.	The party system is a small-community support system, shared by Slayers and Vampires, introduced to strengthen group play.
파티 크기가 커질수록 보너스는 더욱 많이 주어집니다. 	The bigger the party, the bigger the bonus.
파티의 가입과 생성은 모두 오른쪽 Alt+플레이어로 이루어집니다.. 	Joining and creating a party are both done with right Alt + clicking a player.
⊙ 경험치 분배방식	o How Experience is shared
자신 혹은 같은 파티의 뱀파이어가 적을 흡혈하거나 죽였을 경우, 그 경험치는 파티 크기에 따라서 점차 커지며, 파티원들의 레벨에 따라서 자동 분배됩니다.	When you or a Vampire in your party drains the blood of or kills an enemy, the Experience grows with the size of the party and is shared automatically according to the members' levels.
이 보너스는 리더와 8 타일 거리 안에 존재하는 경우에만 자동 분배됩니다. (슬레이어와 같음)	This bonus is only shared with members within 8 tiles of the leader. (Same as for Slayers)
뱀파이어 마스터들은 자신의 충실한 부하들에게 전장 속에서의 공로를 치하하고자 계급을 부여하기로 했습니다. 또 높은 계급을 획득한 뱀파이어에게는 특별한 마법을 전수해주겠다고 공표하였습니다.. 이는 다가올 대규모 전쟁 속에서 확고한 지휘계통을 확립하고 사기를 진작시키기 위한 방편이기도 했습니다. 이로써 뱀파이어 전사들은 자신의 마스터에 대한 충성심을 확고히 하면서 동시에 보다 조직적인 전투력을 확보하게 되었습니다. 	The vampire Masters decided to grant ranks to their loyal servants to honor their deeds on the battlefield. They also proclaimed that vampires who reached high ranks would be taught special magic. This was also a way to establish a firm chain of command and raise morale for the great war to come. With it, the vampire warriors strengthened their loyalty to their Masters and at the same time gained a more organized fighting force.
⊙ 계급 경험치 	o Rank Experience
계급 상승은 계급 경험치의 누적에 의해서 이루어진다. 뱀파이어의 계급 경험치는 몬스터의 사냥과 슬레이어와의 전투를 통해서 얻게 된다. 이를 통해 목표 계급 경험치에 이르면 진급하게 됩니다. 계급이 어느 정도 수준에 이르면 새로운 뱀파이어 마법을 배울 수 있습니다. 	You rise in Rank by accumulating Rank Experience. Vampires earn Rank Experience by hunting monsters and fighting Slayers. When it reaches the Rank Experience goal, you are promoted. Once your Rank reaches a certain level, you can learn new Vampire magic.
자신 혹은 같은 파티의 뱀파이어가 적을 죽였을 경우, 그 계급 경험치는 파티 크기에 따라서 점차 커지며, 파티원들의 레벨에 따라서 자동 분배됩니다. 이 보너스는 리더와 8 타일 거리 안에 존재하는 경우에만 자동 분배됩니다. 	When you or a Vampire in your party kills an enemy, the Rank Experience grows with the size of the party and is shared automatically according to the members' levels. This bonus is only shared with members within 8 tiles of the leader.
성향(Alignment) : 캐릭터의 선악의 정도를 나타내는 능력치입니다. 같은 종족간의 PK 같은 적대적 행위를 줄이기 위해서 도입되었습니다.	Alignment : A stat that shows how good or evil a character is. It was introduced to cut down on hostile acts such as PK between members of the same race.
성향은 같은 종족을 공격할때 증가하거나 감소하며, 다른 종족을 공격할 경우에는 성향이 변하지 않습니다.	Alignment rises or falls when you attack your own race; attacking other races does not change it.
성향값의 범위는 -10,000 ~ 10,000 이며, 초기 성향값은 + 7,500 입니다. 	Alignment ranges from -10,000 to 10,000, and starts at +7,500.
몬스터를 죽여서 - 2500까지는 성향을 상향 조정할 수 있으나, 더 이상의 상향 조정을 원한다면, 성향이 악한 캐릭터를 공격해야 합니다.	Killing monsters can raise your Alignment up to -2500; to raise it any further, you must attack characters with an evil Alignment.
악성향의 플레이어는 페널티로서 죽을때 아이템을 떨어뜨릴 확율이 비교적 높고, 경험치의 페널티도 보다 많이 받게 됩니다	As a penalty, players with an evil Alignment are rather more likely to drop items when they die, and they also take a larger Experience penalty.
파티시스템은 슬레이어/뱀파이어/아우스터즈 공통 적용되는, 그룹 플레이를 강화하기 위해 도입되는 소규모 커뮤니티 지원 시스템을 말합니다.	The party system is a small-community support system, shared by Slayers, Vampires and Ousters, introduced to strengthen group play.
파티 크기가 커질수록 보너스는 더욱 많이 주어집니다.	The bigger the party, the bigger the bonus.
파티의 가입과 생성은 모두 오른쪽 Alt+플레이어(왼쪽마우스 클릭)로 이루어집니다.	Joining and creating a party are both done with right Alt + a player (left-click).
자신 혹은 같은 파티의 아우스터즈가 적을 죽였을 경우, 그 경험치는 파티 크기에 따라서 점차 커지며, 파티원들의 레벨에 따라서 자동 분배됩니다.	When you or an Ousters in your party kills an enemy, the Experience grows with the size of the party and is shared automatically according to the members' levels.
이 보너스는 리더와 8 타일 거리 안에 존재하는 경우에만 자동 분배됩니다. (슬레이어와 같음) 	This bonus is only shared with members within 8 tiles of the leader. (Same as for Slayers)
계급 상승은 계급 경험치의 누적에 의해서 이루어집니다. 아우스터즈의 계급 경험치는 몬스터의 사냥과 슬레이어, 뱀파이어와의 전투를 통해서 얻게 됩니다. 이를 통해 목표 계급 경험치에 이르면 진급하게 됩니다. 계급이 어느 정도 수준에 이르면 새로운 아우스터즈 스킬을 배울 수 있습니다.	You rise in Rank by accumulating Rank Experience. Ousters earn Rank Experience by hunting monsters and fighting Slayers and Vampires. When it reaches the Rank Experience goal, you are promoted. Once your Rank reaches a certain level, you can learn new Ousters skills.
자신 혹은 같은 파티의 아우스터즈가 적을 죽였을 경우, 그 계급 경험치는 파티 크기에 따라서 점차 커지며, 파티원들의 레벨에 따라서 자동 분배됩니다. 이 보너스는 리더와 8 타일 거리 안에 존재하는 경우에만 자동 분배됩니다. 	When you or an Ousters in your party kills an enemy, the Rank Experience grows with the size of the party and is shared automatically according to the members' levels. This bonus is only shared with members within 8 tiles of the leader.
⊙ 계급별 능력치에 대한 설명	o Rank stats explained
계급스킬의 경우는 6,11,16,21, 레벨일때 각각의 계급스킬 중에서 한가지를 선택하여 배울 수 있으며, 해당 스킬을 페시브 스킬로 별도의 동작없이 자동으로 지원됩니다. 단 한번 배운 계급스킬을 수정하려면 아담의 성지에내에 위치한 npc “나이샤스”와 “레프리”에게서 초기화할 수 있습니다. 하지만 초기화의 경우는 단1회만 적용되며, 한번 바꾼후에는 다시 변경할 수 없으니 신중하게 선택하셔야 합니다.	At Rank levels 6, 11, 16 and 21 you can choose and learn one of the rank skills on offer; they are passive skills that work automatically with no action needed. To change a rank skill you have learned, you can reset it with the NPCs "Naishas" and "Lepri" in Adam's Holy Land. A reset can only be done once, however, and after one change you cannot change it again, so choose carefully.
이미 한번의 계급 스킬을 초기화 한적이 있다면 아래와 같은 문구가 출력됩니다	If you have already reset a rank skill once, the following message is shown
현재는 하위 계급에 대한 부분만 지원하고 있으나 차후에 업데이트를 통하여 상위계급에 대한 지원이 될 것입니다.	For now only the lower ranks are supported, but the higher ranks will be supported in a future update.
펫시스템	Pets
\t  레벨이 32가 되었을 때	\t  On reaching level 32
\t\t   함께 성장하는 펫에 대해 알아봅시다.	\t\t   Learn about pets that grow with you.
1) 공용 펫 시스템	1) The common pet system
⊙ 펫 만들기 (울프독. 울버린 육성 메뉴얼)	o Getting a pet (Wolfdog / Wolverine raising manual)
주니어 울프아크는 울프아크의 새끼이며 야생의 상태 입니다. 주니어 울프아크는 기본적으로 공격하지 않으나 유저가 먼저 공격하면 죽거나 도망 칩니다. 펫을 만들려면 주니어 울프아크를 길들여서 울프독으로 만들어야 합니다.	The Junior WolfArch is the young of the WolfArch and lives in the wild. A Junior WolfArch does not attack by default, but if a player attacks it first, it dies or runs away. To get a pet, you must tame a Junior WolfArch and turn it into a Wolfdog.
⊙ 주니어 울프아크 출몰지역	o Where Junior WolfArches appear
에슬라니아 (남동, 북동), 림보성 (남동, 북동), 드로베타 (남동, 북동), 로딘산 (남동, 북동) , 페로나 국도 (남동, 북동) , 티모르 호수 (남동, 북동) , 아담의 성지 (중앙) 	Eslania (SE, NE), Limbo Castle (SE, NE), Drobeta (SE, NE), Mount Rodin (SE, NE), Perona Highway (SE, NE), Timore (SE, NE), Adam's Holy Land (center)
⊙ 이 과정에서 길들이기 아이템이 필요합니다. 이 아이템은 일반 상점에서도 살 수 있으며 주니어 울프아크에게 적용하면 일정 확률로 유저를 따라오거나 도망치게 됩니다. 만일 유저를 피해 도망가면 주니어 울프아크를 꼬시는데 실패한 것이며 성공하게 되면 인벤 토리창에 펫 목걸이가 등록되며, 이 펫 목걸이를 클릭하면 펫을 소환할 수 있습니다. 캐릭터 정보창을 여시면 나오는 펫 모양의 버튼이 나옵니다. 이 버튼을 누르시면 소환된 펫의 정보창을 열 수 있습니다.	o For this you need a taming item. You can buy it at an ordinary shop, and when you use it on a Junior WolfArch, there is a set chance that it follows you or runs away. If it runs away from you, you have failed to lure the Junior WolfArch; if you succeed, a pet collar is added to your inventory window, and clicking the collar summons your pet. Open the character information window and you will find a pet-shaped button. Press it to open the information window of the summoned pet.
펫 인터페이스 	Pet interface
⊙ 펫 꼬시기 용 아이템	o Items for luring pets
아이템명 : 미니밋(Mini Meat)	Item : Mini Meat (Mini Meat)
지속시간 : 6시간	Duration : 6 hours
게임머니 : 개당 5,000레이	Money : 5,000 each
아이템명 : 라이트밋(Light Meat)	Item : Light Meat (Light Meat)
지속시간 : 22시간	Duration : 22 hours
게임머니 : 개당 20,000레이	Money : 20,000 each
아이템명 : 하프밋(Half Meat)	Item : Half Meat (Half Meat)
지속시간 : 36시간	Duration : 36 hours
게임머니 : 개당 60,000레이	Money : 60,000 each
아이템명 : 라지밋(Large Meat)	Item : Large Meat (Large Meat)
지속시간 : 50시간	Duration : 50 hours
게임머니 : 개당 350,000레이	Money : 350,000 each
위의 시간은 실시간으로 소요 되며, 아이템의 가격에 따라 꼬실 수 있는 확률이 다릅니다. 또한 펫을 꼬셨을 경우 이후에는 먹이로 쓸 수 있습니다.	The times above run in real time, and the chance of luring a pet depends on the price of the item. Once you have lured a pet, you can use these items as its food.
⊙ 펫 먹이 아이템 	o Pet food items
아이템의 가격에 따라 먹이의 지속시간이 다릅니다. 먹이 아이템과 꼬시기 아이템은 같은 종류 입니다. 펫이 없는 상태에서는 꼬시기 용 아이템으로 쓰이고 펫이 있는 상태에서는 먹이로 쓸 수 있습니다.	How long food lasts depends on the price of the item. Food items and luring items are the same thing: without a pet they serve as luring items, and once you have a pet you can use them as food.
⊙ 부활 아이템 (리바이벌 셋)	o Revival item (Revival Set)
펫을 부활 시킬 수 있는 아이템입니다. 펫이 죽은 지 오래될수록 살릴 수 있는 확률이 줄어들게 됩니다. 	An item that can bring your pet back to life. The longer the pet has been dead, the lower the chance of reviving it.
⊙ 펫 키우기 	o Raising your pet
펫은 레벨 50까지 성장할 수 있습니다. 기본적으로 유저가 접속을 하여 펫을 소환하면 소환 시간에 따른 경험치를 얻게 됩니다. 이와 더불어 펫을 사냥할 때 끌고 다니게 되면 유저가 잡은 몬스터에서 아이템을 루팅 시켜 줍니다. 아이템을 루팅하면서 일정 경험치를 더 얻을 수 있습니다. (아이템이 없는 몬스터의 경우 경험치를 주지 않습니다.)	Pets can grow up to level 50. Basically, when you log in and summon your pet, it earns Experience according to how long it stays summoned. On top of that, if you take your pet along when hunting, it loots items from the monsters you kill, and it earns some extra Experience for looting. (Monsters that carry no items give no Experience.)
그러므로 펫을 데리고 사냥을 많이 할수록 펫의 레벨 경험치를 많이 얻을 수 있습니다. 펫은 레벨이 올라 갈수록 일정 단계에서 변신을 하며 여러 가지 기능들을 얻을 수 있습니다. 펫은 다른 유저나 몬스터한테 공격 받지 않습니다.	So the more you hunt with your pet, the more level Experience it earns. As its level rises, a pet transforms at certain stages and gains various abilities. Pets are never attacked by other players or monsters.
단계별 펫 변화 	Pet changes by stage
펫의 레벨이 10이 되면 고유한 속성을 부여할 수 있습니다. 상점에서 인챈트 아이템(레드드롭)을 구입하여 사용하면 속성을 랜덤 하게 부여할 수 있으며 만일 인챈트에 실패하게 되면 다시 인챈트 할 수 있습니다. 다만 한번 부여된 속성은 되돌릴 수 없습니다. 인챈트 아이템(레드드롭)은 일반 상점에서 판매 합니다.	When your pet reaches level 10, you can give it an attribute of its own. Buy an enchant item (Red Drop) at a shop and use it to give the pet a random attribute; if the enchant fails, you can enchant again. Once an attribute has been given, however, it cannot be undone. Enchant items (Red Drop) are sold at ordinary shops.
이 속성 인챈트는 레벨 10 이 되는 순간부터 가능하며 11레벨이 되기 전까지 해야 합니다. 만일 인챈트를 하지 않으면 펫의 경험치는 획득하지 못합니다. (레벨 11이 되지 못합니다)	This attribute enchant is possible from the moment the pet reaches level 10 and must be done before it reaches level 11. If you do not enchant it, the pet earns no more Experience. (It cannot reach level 11.)
⊙ 펫 속성 수치 	o Pet attribute values
레벨이 올라갈 때 펫의 속성 수치도 증가 합니다. 증가하는 양은 각 속성에 따라 다르며 레벨 50이 될 때까지 속성을 육성할 수 있습니다. 	As its level rises, your pet's attribute value also increases. How much it increases depends on the attribute, and you can keep raising the attribute until level 50.
⊙ 펫 속성 최대 수치	o Maximum pet attribute values
⊙ 펫에게 2차 능력 부여하기 (몬스터 머리 루팅하는 능력)	o Giving your pet a second ability (looting monster heads)
펫은 기존적으로 유저가 잡은 몬스터에게서 아이템을 루팅 하는 능력을 가지고 있습니다. 단, 아이템을 줍지는 않습니다. 레벨 11이 되면 레벨 업을 할 때 마다 2차 능력을 부여할 수 있는 기회가 주어 집니다. 이 2차 능력은 펫에게 몬스터의 머리(소울스톤)도 루팅할 수 있는 능력입니다.(아이템과 같이 머리도 루팅 합니다.)	Pets already have the ability to loot items from the monsters you kill. They do not pick the items up, however. From level 11 on, every level up gives you a chance to grant a second ability. This second ability lets the pet loot monster heads (Soul Stones) too. (It loots heads along with the items.)
레벨 업을 할 때마다 1번의 기회가 주어지는데 펫 인터페이스의 별을 누르시면 확률에 따라 성공 또는 실패를 하게 됩니다. 만일 실패하게 되면 다음 레벨에서 다시 시도할 수 있습니다. 성공하게 되면 별 버튼은 비활성화 됩니다.	You get 1 chance per level up; press the star on the pet interface and, depending on the odds, it succeeds or fails. If it fails, you can try again at the next level. Once it succeeds, the star button is disabled.
만일 50레벨까지 성공하지 못하면 펫에게 2차 능력을 영원히 줄 수 없습니다. 	If you have not succeeded by level 50, you can never give your pet the second ability.
2차 능력의 부여에 성공하면 몬스터의 머리를 루팅할 때도 경험치가 올라가므로 펫의 육성속도가 더욱 빨라집니다.	Once you succeed in granting the second ability, your pet also earns Experience when it loots monster heads, so it grows even faster.
⊙ 2차 인첸트 : 레어 옵션 부여	o Second enchant : granting a rare option
1차펫의 레벨이 49가 되면 2차 인챈트를 할 수 있습니다. 레벨 10에서 할 수 있는 1차 인챈트(속성 부여)와는 달리 일반 아이템에 붙는 옵션들 중 한가지 옵션이 랜덤 하게 붙게 됩니다. 이 옵션은 레벨에 따라 증가하지 않습니다. 마스터가 되면 이 옵션에 따른 보너스를 쓸 수 있으며 49레벨에서는 사용할 수 없습니다.	When a Tier 1 pet reaches level 49, you can give it a second enchant. Unlike the first enchant (attribute) at level 10, it randomly gets one of the options found on ordinary items. This option does not grow with level. You can use the bonus from this option once the pet is mastered; it cannot be used at level 49.
사용하는 방법은 레드드롭과 동일합니다. 대신 레드버드 아이템을 이용해야 합니다. 	It is used the same way as the Red Drop, but with the Red Bird item instead.
펫이 자라는 동안 펫에게 부여된 속성은 유저에게 아이템처럼 적용됩니다.	While your pet is growing, the attributes given to it apply to you just like an item's.
펫을 마스터하게 되면 1차 기능, 2차 기능, 속성, 옵션 등의 능력이 생기며 먹이를 먹는 속도도 줄어듭니다.	Once you master your pet, it has its first ability, second ability, attribute, option and so on, and it eats its food more slowly.
2) 슬레이어 전용펫 시스템	2) The Slayer pet system
슬레이어 전용 펫인 ‘센터우로’는 강력한 A.I를 탑제한 미니 장갑차 입니다. 이 종족 별 펫은 울프독과 달리 다른 종족이 키울 수 없으며 오직 해당하는 종족만이 자신만의 펫을 가질 수 있습니다.	The Slayer pet 'Centauro' is a mini armored vehicle equipped with a powerful A.I. Unlike the Wolfdog, these race pets cannot be raised by other races; only their own race can have them.
기존의 울프독은 아이템 루팅의 기능만을 가진 것에 반해 이 새로운 펫들은 아이템 루팅 이외에 공격 또는 흡영의 보조 기능을 수행합니다. 공격의 데미지나 흡영의 양은 적으나 보조적인 의미가 강하므로 펫을 키울 때 새로운 재미를 느낄 수 있습니다.	Where the old Wolfdog could only loot items, these new pets also help by attacking or absorbing souls besides looting items. Their attack Damage and the amount of soul they absorb are small, but they are meant as support, and they add a new kind of fun to raising a pet.
이러한 3번째 기능은 2번째 기능인 몬스터 머리 루팅 기능이 활성화 된 후 똑 같은 방법으로 얻을 수 있습니다.  레드 드롭을 이용하여 레벨이 올라갈 때 마다 1번씩 인챈트 할 수 있습니다.	This third ability is gained the same way, after the second ability, looting monster heads, has been activated. You can enchant it once each time the pet levels up, using a Red Drop.
- 슬레이어 전용 펫은 기존의 울프독에 비해 아이템 루팅 속도가 떨어지는 패널티를 가지고 있습니다.	- Slayer pets have the penalty of looting items more slowly than the old Wolfdog.
- 슬레이어 전용 펫은 레벨 40이하는 키울 수 없습니다.	- Slayer pets cannot be raised by players of level 40 or below.
⊙ 획득 방식	o How to get one
각 종족의 특성에 따라 다른 외형과 특징을 가지고 있는 종족 전용 펫은 도메인 40 레벨 이상만이 퀘스트를 통해서 획득할 수 있습니다.	Race pets, which look and behave differently according to each race's nature, can only be obtained through a quest, and only by players with a Domain at level 40 or higher.
⊙ 퀘스트 신청 및 펫먹이 판매 NPC	o NPC for quest applications and pet food sales
 : 그루버 (무사길드2층)	 : Gruber (Warrior Guild 2F)
슬레이어 전용펫 센타우로	The Slayer pet Centauro
⊙ 신청 방법	o How to apply
퀘스트 메시지가 발송되면 NPC에서 퀘스트를 수행할 수 있는 대화가 활성화 됩니다. 유저는 이를 클릭하여 퀘스트를 부여 받습니다. 퀘스트는 각 레벨에 따라 다르게 적용되며 유저가 상시적으로 신청하여 플레이 할 수 있습니다. 단, 레벨 40이하인 유저는 퀘스트를 신청할 수 없습니다.	When the quest message is sent, a dialogue option for the quest becomes available at the NPC. Click it to receive the quest. The quest varies with your level, and you can apply for it and play it at any time. Players of level 40 or below, however, cannot apply for the quest.
⊙ 진행 방식	o How it works
퀘스트는 1시간 동안 잡아야 할 몬스터와 마리 수를 정해 줍니다. 몬스터는 퀘스트 수행하는 유저의 레벨에 따라 달리 적용 됩니다.	The quest gives you 1 hour and tells you which monsters to kill and how many. The monsters depend on the level of the player doing the quest.
해당 몬스터를 해당 시간 안에 모두 잡으면 퀘스트는 완료 됩니다. 퀘스트가 완료 된 후 지정된 NPC를 찾아가면 펫을 얻을 수 있습니다.	Kill all of those monsters within the time limit and the quest is complete. After completing the quest, visit the designated NPC to receive your pet.
⊙2차펫 기능 부여 시스템 	o Tier 2 pet ability system
1차펫과 동일하게 레벨 11일 되면 1차 속성부여를 할수 있으며 2차 속성부여(레어옵션)는 레벨 49때 부여가 가능합니다.  또한 이차능력(머리루팅) 역시 동일하게 진행됩니다. 	As with Tier 1 pets, you can give the first attribute at level 11, and the second attribute (rare option) can be given at level 49. The second ability (looting heads) also works the same way.
다만 2차펫은 레벨 31부터 몬스터를 공격할수 있는 능력을 부여할수 있는 기회가 제공됩니다.   	Tier 2 pets, however, get the chance to be given the ability to attack monsters from level 31.
이 기능은 펫의 레벨 31이상이고 2차 능력부여에 성공했을 경우 부여 할 수 있다.	This ability can be given when the pet is level 31 or higher and has successfully been given the second ability.
즉 펫의 레벨이 31이상이라 하더라도 2차능력부여가 성공하지 않았을시에는 부여를 할 수가 없습니다. 	In other words, even if your pet is level 31 or higher, you cannot give it this ability unless the second ability was granted successfully.
또한 펫이 2차능력부여가 되었을지라도 레벨이 31이하라면 이 역시 부여 요건을 충족하지 못합니다. 	Likewise, even if your pet has the second ability, it does not qualify if it is below level 31.
센터우로의 3차기능은 몬스터를 공격하는 능력입니다. 센터우로의 경우 3차 기능이 부여되면 캐릭터가 공격하는 몬스터를공격합니다.	The Centauro's third ability is attacking monsters. Once a Centauro has its third ability, it attacks the monster your character is attacking.
2차펫의 기능 부여에 사용하는 아이템은 레드드롭(1차속성부여) 레드버드(2차속성부여-레벨49)이며 부활은 기존 1차펫과 동일합니다. 	The items used to give Tier 2 pets their abilities are the Red Drop (first attribute) and the Red Bird (second attribute - level 49); revival works the same as for Tier 1 pets.
아이템루팅기능(레벨11이상)과 몬스터 공격기능(레벨 31이상)은 펫 정보창에 보이는 붉은별모양을 클릭하시면 됩니다. 	For the item looting ability (level 11 or higher) and the monster attack ability (level 31 or higher), click the red star in the pet information window.
센터우로 정보창 	Centauro information window
1) 공용 펫 만들기	1) Getting a common pet
 주니어 울프아크는 울프아크의 새끼이며 야생의 상태 입니다. 주니어 울프아크는 기본적으로 공격하지 않으나 유저가 먼저 공격하면 죽거나 도망칩니다. 펫을 만들려면 주니어 울프아크를 길들여서 울프독으로 만들어야 합니다. 	 The Junior WolfArch is the young of the WolfArch and lives in the wild. A Junior WolfArch does not attack by default, but if a player attacks it first, it dies or runs away. To get a pet, you must tame a Junior WolfArch and turn it into a Wolfdog.
- 주니어 울프아크 출몰지역	- Where Junior WolfArches appear
- 이 과정에서 길들이기 아이템이 필요합니다. 이 아이템은 일반 상점에서도 살 수 있으며 주니어 울프아크에게 적용하면 일정 확률로 유저를 따라오거나 도망치게 됩니다. 만일 유저를 피해 도망가면 주니어 울프아크를 꼬시는데 실패한 것이며 성공하게 되면 인벤토리창에 개 줄이 등록되게 됩니다. 이 개줄을 클릭하면 펫을 소환할 수 있습니다. 유저의 캐릭터 정보창을 여시면 나오는 늑대 모양의 버튼이 나옵니다. 이 버튼을 누르시면 소환된 펫의 정보창을 열 수 있습니다. 	- For this you need a taming item. You can buy it at an ordinary shop, and when you use it on a Junior WolfArch, there is a set chance that it follows you or runs away. If it runs away from you, you have failed to lure the Junior WolfArch; if you succeed, a leash is added to your inventory window. Click the leash to summon your pet. Open your character information window and you will find a wolf-shaped button. Press it to open the information window of the summoned pet.
⊙ 펫 꼬시기용 아이템	o Items for luring pets
미니밋 지속시간 : 6시간 / 가격 : 5,000겔드	Mini Meat Duration : 6 hours / Price : 5,000 geld
라이트밋 지속시간 : 22시간 / 가격 : 20,000겔드	Light Meat Duration : 22 hours / Price : 20,000 geld
하프밋 지속시간 : 36시간 / 가격 : 60,000겔드	Half Meat Duration : 36 hours / Price : 60,000 geld
라지밋 지속시간 : 50시간 / 가격 : 350,000겔드	Large Meat Duration : 50 hours / Price : 350,000 geld
위의 시간은 실시간으로 소요됩니다. 	The times above run in real time.
아이템의 가격에 따라 꼬실 수 있는 확률이 다릅니다. 또한 펫을 꼬셨을 경우 이후에는 먹이로 쓸 수 있습니다.	The chance of luring a pet depends on the price of the item. Once you have lured a pet, you can use these items as its food.
⊙ 먹이 먹이기	o Feeding
펫은 기본적으로 먹이를 먹지 않으면 죽습니다. 먹이를 먹는 시간은 먹이는 유저가 로그 아웃을 하거나 펫을 소환하지 않은 상태에서도 실시간으로 진행됩니다. 	Pets die if they are not fed. Food is used up in real time, even while you are logged out or the pet is not summoned.
먹이는 일반 상점에서 구입할 수 있으며 펫이 소환된 상태에서 먹이를 마우스 오른 버튼으로 클릭하면 먹이를 줄 수 있습니다. 먹이를 주게 되면 기존에 들어있던 펫의 먹이는 사라지게 됩니다.(새로운 먹이로 교체됩니다.)	Food can be bought at ordinary shops; with your pet summoned, right-click the food to feed it. Feeding replaces the food the pet already had. (It is swapped for the new food.)
만일 펫의 먹이가 떨어지면 펫은 죽게 됩니다. 죽은 펫은 소환할 수 없으며 부활용 아이템으로 부활시켜야만 다시 살릴 수 있습니다. 그러나 펫이 죽은 지 1주일이 넘으면 펫은 영원히 살릴 수 없습니다.	If your pet runs out of food, it dies. A dead pet cannot be summoned and can only be brought back with a revival item. If a pet has been dead for more than 1 week, however, it can never be revived.
펫이 죽지 않도록 지속적으로 잘 관리해야 합니다.	Look after your pet carefully so that it does not die.
⊙ 펫 먹이 아이템 : 미니 밋, 라이트 밋, 하프 밋, 라지 밋	o Pet food items : Mini Meat, Light Meat, Half Meat, Large Meat
아이템의 가격에 따라 먹이의 지속시간이 다릅니다. 먹이 아이템과 꼬시기 아이템은 같은 종류 입니다. 펫이 없는 상태에서는 꼬시기 용 아이템으로 쓰이고 펫이 있는 상태에서는 먹이로 쓸 수 있습니다. 	How long food lasts depends on the price of the item. Food items and luring items are the same thing: without a pet they serve as luring items, and once you have a pet you can use them as food.
⊙ 부활 아이템 : 리바이벌 셋 	o Revival item : Revival Set
펫은 레벨 50까지 성장할 수 있습니다. 기본적으로 유저가 접속을 하여 펫을 소환하면 소환 시간에 따른 경험치를 얻게 됩니다. 이와 더불어 펫을 사냥할 때 끌고 다니게 되면 유저가 잡은 몬스터에서 아이템을 루팅시켜 줍니다. 아이템을 루팅하면서 일정 경험치를 더 얻을 수 있습니다. (아이템이 없는 몬스터의 경우 경험치를 주지 않습니다.)	Pets can grow up to level 50. Basically, when you log in and summon your pet, it earns Experience according to how long it stays summoned. On top of that, if you take your pet along when hunting, it loots items from the monsters you kill, and it earns some extra Experience for looting. (Monsters that carry no items give no Experience.)
그러므로 펫을 데리고 사냥을 많이 할수록 펫의 레벨 경험치를 많이 얻을 수 있습니다. 펫은 레벨이 올라갈수록 일정 단계에서 변신을 하며 여러 가지 기능들을 얻을 수 있습니다. 	So the more you hunt with your pet, the more level Experience it earns. As its level rises, a pet transforms at certain stages and gains various abilities.
펫은 다른 유저나 몬스터한테 공격 받지 않습니다.	Pets are never attacked by other players or monsters.
⊙ 단계별 펫 변화	o Pet changes by stage
⊙ 펫 속성부여	o Giving your pet an attribute
펫의 레벨이 10이 되면 고유한 속성을 부여할 수 있습니다. 상점에서 인챈트 아이템(레드드롭)을 구입하여 사용하면 속성을 랜덤 하게 부여할 수 있으며 만일 인챈트에 실패하게 되면 다시 인챈트 할 수 있습니다. 다만 한번 부여된 속성은 되돌릴 수 없습니다.	When your pet reaches level 10, you can give it an attribute of its own. Buy an enchant item (Red Drop) at a shop and use it to give the pet a random attribute; if the enchant fails, you can enchant again. Once an attribute has been given, however, it cannot be undone.
인챈트 아이템(레드드롭)은 일반 상점에서 판매 합니다.	Enchant items (Red Drop) are sold at ordinary shops.
이 속성 인챈트는 레벨 10이 되는 순간부터 가능하며 11레벨이 되기 전까지 해야 합니다. 만일 인챈트를 하지 않으면 펫의 경험치는 획득하지 못합니다. (레벨 11이 되지 못합니다)	This attribute enchant is possible from the moment the pet reaches level 10 and must be done before it reaches level 11. If you do not enchant it, the pet earns no more Experience. (It cannot reach level 11.)
레벨이 올라갈 때 펫의 속성 수치도 증가합니다. 증가하는 양은 각 속성에 따라 다르며 레벨 50이 될 때까지 속성을 육성할 수 있습니다. 	As its level rises, your pet's attribute value also increases. How much it increases depends on the attribute, and you can keep raising the attribute until level 50.
⊙ 펫 속성 최대 수치 	o Maximum pet attribute values
⊙ 펫에게 2차능력 부여하기 (몬스터 머리루팅하는 능력)	o Giving your pet a second ability (looting monster heads)
펫은 이차능력 부여시 유저가 잡은 몬스터에게서 아이템을 루팅하는 능력을 가지고 있습니다(아이템을 줍지는 않습니다). 레벨 11이 되면 레벨 업을 할 때 마다 2차 능력을 부여할 수 있는 기회가 주어 집니다. 이 2차 능력은 펫에게 몬스터의 머리(소울스톤)도 루팅할 수 있는 능력입니다.(아이템과 같이 머리도 루팅합니다.	Once given the second ability, a pet can loot items from the monsters you kill (it does not pick the items up). From level 11 on, every level up gives you a chance to grant a second ability. This second ability lets the pet loot monster heads (Soul Stones) too. (It loots heads along with the items.)
⊙ 펫 2차능력 부여	o Granting the pet's second ability
※ 2차 능력의 부여에 성공하면 몬스터의 머리를 루팅할 때도 경험치가 올라가므로 펫의 육성속도가 더욱 빨라집니다.	* Once you succeed in granting the second ability, your pet also earns Experience when it loots monster heads, so it grows even faster.
⊙ 2차 인첸트 : 레어옵션 부여 	o Second enchant : granting a rare option
레벨이 49가 되면 2차 인챈트를 할 수 있습니다. 레벨 10에서 할 수 있는 1차 인챈트(속성 부여)와는 달리 일반 아이템에 붙는 옵션들 중 한가지 옵션이 랜덤 하게 붙게 됩니다. 이 옵션은 레벨에 따라 증가하지 않습니다. 마스터가 되면 이 옵션에 따른 보너스를 쓸 수 있으며 49레벨에서는 사용할 수 없습니다.	At level 49 you can give your pet a second enchant. Unlike the first enchant (attribute) at level 10, it randomly gets one of the options found on ordinary items. This option does not grow with level. You can use the bonus from this option once the pet is mastered; it cannot be used at level 49.
⊙ 펫용 아이템 판매 NPC	o NPCs selling pet items
밋 (먹이 ) 판매 NPC : 림보성 내부 카파티니 , 페로나NE 그리피스 	Meat (food) seller NPCs : Carpatini Inside Limbo Castle, Griffith in Perona NE
리바이얼 셋 판매 NPC : 림보성내부 카파티니 ,페로나NE 그리피스 	Revival Set seller NPCs : Carpatini Inside Limbo Castle, Griffith in Perona NE
레드드롭 판매 NPC :  라센성 내부 프리야 	Red Drop seller NPC : Priya Inside Rasen Castle
레드버드 판매 NPC : 라센성  내부 프리야 	Red Bird seller NPC : Priya Inside Rasen Castle
2) 뱀파이어 전용 펫	2) Vampire pets
종족 전용 펫은 각 종족 별로 특성이 살아있는 새로운 종족만을 위한 펫입니다. 이 종족 별 펫은 울프독과 달리 다른 종족이 키울 수 없으며 오직 해당하는 종족만이 자신만의 펫을 가질 수 있습니다.	Race pets are new pets made just for each race, with that race's character built in. Unlike the Wolfdog, these race pets cannot be raised by other races; only their own race can have them.
이러한 3번째 기능은 2번째 기능인 몬스터 머리 루팅 기능이 활성화 된 후 똑 같은 방법으로 얻을 수 있습니다.  레드 드롭을 이용하여 레벨이 올라갈 때 마다 1번씩 인챈트 할 수 있습니다. 	This third ability is gained the same way, after the second ability, looting monster heads, has been activated. You can enchant it once each time the pet levels up, using a Red Drop.
★ 뱀파이어 전용 펫은 기존의 울프독에 비해 아이템 루팅 속도가 떨어지는 패널티를 가지고 있습니다.	* Vampire pets have the penalty of looting items more slowly than the old Wolfdog.
★ 뱀파이어지 전용펫은 레벨 40이하는 키울 수 없습니다. 	* Vampire pets cannot be raised by players of level 40 or below.
⊙ 뱀파이어 전용 펫 - 스티지	o The Vampire pet - Stirge
▷ 설명	- Description
박쥐와 비슷한 소형 비행 몬스터입니다. 박쥐라기 보다는 곤충과 포유류를 합성한 듯한 모습을 가지고 있습니다. 겉 모양과는 달리 이들의 역사는 꽤 되어서 고대로부터 뱀파이어세계에서는 꽤 알려졌다고 볼 수 있습니다. 입에는 큰 침이 있으며 이것으로 상대의 피를 흡혈하여 상대방의 체력을 소모시킵니다. 햇빛을 싫어하기 때문에 던전이나 삼림에서 숨어 지낼 때가 많으며 이를 얻기 위해서는 많은 노력을 기울여야 합니다.	A small flying monster that looks like a bat, though it looks less like a bat than a cross between an insect and a mammal. Despite its looks, its history is long, and it has been well known in the Vampire world since ancient times. It has a large stinger in its mouth, which it uses to drain its target's blood and sap its strength. It hates sunlight, so it often hides in dungeons and forests, and it takes a great deal of effort to get one.
▷ 특수기능	- Special ability
3차 인챈트 성공 시 유저가 공격하고 있는 몬스터나 타 종족을 함께 공격합니다.	Once its third enchant succeeds, it joins in attacking the monster or other-race character you are attacking.
▷획득 방식	- How to get one
각 종족의 특성에 따라 다른 외형과 특징을 가지고 있는 종족 전용펫은 일정 레벨 이상(40레벨) 유저들이 퀘스트를 통해서 획득할 수 있습니다. 	Race pets, which look and behave differently according to each race's nature, can be obtained through a quest by players above a certain level (level 40).
2차펫 퀘스트 가능 레벨 : 뱀파이어- 레벨 40, 	Level required for the Tier 2 pet quest : Vampire - level 40,
* 뱀파이어 2차펫 (스티지) 아이템 	* Vampire Tier 2 pet (Stirge) items
팩: 슬레이어의 야전병원에서 빼앗아 온 싱싱한 피 이다. 팩에 잘 보관된 이 피는 온몸의 기운을 다시 	Pack: Fresh blood taken from the Slayers' field hospitals. Well kept in its pack, this blood can bring the whole body's vigor
생생하게 살릴 수 있다. 귀여운 Strige 들이 좋아하는 별식이다 	back to life. A treat the cute Striges love.
박쥐가방 : Strige 들을 효율적으로 운반하기 위해 고안해 낸 아이디어 제품이다. 머리가 나쁜 Strige들은 곧잘 주인을 잃고 방황하기에 필요 없을 때는 가방에 가두어 놓을 수 있도록 되어 있다. 	Stirge Bag : A product designed to carry Striges efficiently. Striges are dim-witted and often lose their owners and wander off, so the bag lets you shut them in when they are not needed.
▷스티지 먹이-팩 ?지속시간- 가격	- Stirge food - Pack - Duration - Price
블러드팩 지속시간 : 22시간 / 가격 : 40,000겔드	Blood Pack Duration : 22 hours / Price : 40,000 geld
농축 블러드팩 지속시간 : 36시간 / 가격 : 120,000겔드	Enriched Blood Pack Duration : 36 hours / Price : 120,000 geld
고농축 블러드팩 지속시간 : 50시간 / 가격 : 550,000겔드	Super Enriched Blood Pack Duration : 50 hours / Price : 550,000 geld
*뱀파이어 이차 펫 퀘스트 신청 및 펫먹이 판매 NPC	*NPC for the Vampire Tier 2 pet quest and pet food sales
뱀파이어-카파티니 (림보성내부)	Vampire - Carpatini (Inside Limbo Castle)
*2차펫 기능 부여 시스템 	*Tier 2 pet ability system
스티지의 3차기능은 몬스터를 공격하는 능력입니다. 몬스터의 피를 흡혈하여 몬스터에게 타격을 입힙니다만 펫이 흡혈시 	The Stirge's third ability is attacking monsters. It drains a monster's blood to damage it, but when the pet drains blood,
캐릭터에게 hp에 영향은 주지 않습니다.  	it has no effect on your character's HP.
아이템루팅기능(레벨11이상)과 몬스터 공격기능(레벨 31이상)은 펫 정보창에 보이는 붉은별모양을 클릭하시면 됩니다.	For the item looting ability (level 11 or higher) and the monster attack ability (level 31 or higher), click the red star in the pet information window.
*스티지 정보창	*Stirge information window
주니어 울프아크는 울프아크의 새끼이며 야생의 상태 입니다. 주니어 울프아크는 기본적으로 공격하지 않으나 유저가 먼저 공격하면 죽거나 도망칩니다. 펫을 만들려면 주니어 울프아크를 길들여서 울프독으로 만들어야 합니다. 	The Junior WolfArch is the young of the WolfArch and lives in the wild. A Junior WolfArch does not attack by default, but if a player attacks it first, it dies or runs away. To get a pet, you must tame a Junior WolfArch and turn it into a Wolfdog.
이 과정에서 길들이기 아이템이 필요합니다. 이 아이템은 일반 상점에서도 살 수 있으며 주니어 울프아크에게 적용하면 일정 확률로 유저를 따라오거나 도망치게 됩니다. 만일 유저를 피해 도망가면 주니어 울프아크를 꼬시는데 실패한 것이며 성공하게 되면 인벤토리창에 개 줄이 등록되게 됩니다. 이 개줄을 클릭하면 펫을 소환할 수 있습니다. 유저의 캐릭터 정보창을 여시면 나오는 개모양의 버튼이 나옵니다. 이 버튼을 누르시면 소환된 펫의 정보창을 열 수 있습니다. 	For this you need a taming item. You can buy it at an ordinary shop, and when you use it on a Junior WolfArch, there is a set chance that it follows you or runs away. If it runs away from you, you have failed to lure the Junior WolfArch; if you succeed, a leash is added to your inventory window. Click the leash to summon your pet. Open your character information window and you will find a dog-shaped button. Press it to open the information window of the summoned pet.
미니밋 지속시간 : 6시간 / 가격 : 5,000자드	Mini Meat Duration : 6 hours / Price : 5,000 zad
라이트밋 지속시간 : 22시간 / 가격 : 20,000자드	Light Meat Duration : 22 hours / Price : 20,000 zad
하프밋 지속시간 : 36시간 / 가격 : 60,000자드	Half Meat Duration : 36 hours / Price : 60,000 zad
라지밋 지속시간 : 50시간 / 가격 : 350,000자드	Large Meat Duration : 50 hours / Price : 350,000 zad
⊙ 먹이 먹이기 	o Feeding
펫을 부활 시킬 수 있는 아이템입니다. 펫이 죽은 지 오래될수록 살릴 수 있는 확률이 줄어들게 됩니다.	An item that can bring your pet back to life. The longer the pet has been dead, the lower the chance of reviving it.
⊙ 펫 키우기	o Raising your pet
⊙ 펫의 속성 부여	o Giving your pet an attribute
이 속성 인챈트는 레벨 10이 되는 순간부터 가능하며 11레벨이 되기 전까지 해야 합니다. 만일 인챈트를 하지 않으면 펫의 경험치는 획득하지 못합니다. (즉, 펫의 레벨이 11을 넘지 못합니다)	This attribute enchant is possible from the moment the pet reaches level 10 and must be done before it reaches level 11. If you do not enchant it, the pet earns no more Experience. (In other words, the pet cannot pass level 11.)
⊙ 펫에게 2차 능력(몬스터 머리(소울스톤)루팅) 부여하기	o Giving your pet a second ability (looting monster heads (Soul Stones))
펫은 기본적으로 유저가 잡은 몬스터에게서 아이템을 루팅하는 능력을 가지고 있습니다(아이템을 줍지는 않습니다). 레벨 11이 되면 레벨 업을 할 때 마다 2차 능력을 부여할 수 있는 기회가 주어 집니다. 이 2차 능력은 펫에게 몬스터의 머리(소울스톤)도 루팅할 수 있는 능력입니다.(아이템과 같이 머리도 루팅합니다.)	Pets already have the ability to loot items from the monsters you kill (they do not pick the items up). From level 11 on, every level up gives you a chance to grant a second ability. This second ability lets the pet loot monster heads (Soul Stones) too. (It loots heads along with the items.)
⊙ 2차 인첸트 속성부여	o Second enchant attribute
펫의 레벨이 49가 되면 2차 인챈트를 할 수 있습니다. 레벨 10에서 할 수 있는 1차 인챈트(속성 부여)와는 달리 일반 아이템에 붙는 옵션들 중 한가지 옵션이 랜덤 하게 붙게 됩니다. 이 옵션은 레벨에 따라 증가하지 않습니다. 마스터가 되면 이 옵션에 따른 보너스를 쓸 수 있으며 49레벨에서는 사용할 수 없습니다.	When your pet reaches level 49, you can give it a second enchant. Unlike the first enchant (attribute) at level 10, it randomly gets one of the options found on ordinary items. This option does not grow with level. You can use the bonus from this option once the pet is mastered; it cannot be used at level 49.
2) 종족 전용 펫	2) Race pets
2차 종족별 펫은 각 종족별로 특성이 살아있는 새로운 종족만을 위한 펫입니다.	Tier 2 race pets are new pets made just for each race, with that race's character built in.
⊙ 아우스터즈 - 픽시(Pixie)	o Ousters - Pixie (Pixie)
게임 내에서의 픽시는 여자 요정의 모습입니다. 날개는 곤충의 날개와 같이 가볍고 투명한 형태를 가지고 있습니다. 기본적으로는 속성을 가지고 있지 않은 정령이며 아우스터즈가 소환을 이용한 공격을 행할 때 옆에서 흡영의 보조적인 역할을 수행합니다. 	In the game, the Pixie looks like a female fairy. Its wings are light and transparent, like an insect's. It is basically a spirit with no attribute, and when an Ousters attacks with summons, it stays at their side and helps by absorbing souls.
*특수기능 : 3차 인챈트 성공 시 타 유저가 사냥한 몬스터에서 흡영 기능을 수행합니다. 3차 능력의 경우는 픽시의 레벨이 30 이상이 되야 부여할 수 있는 기회가 주어집니다.	*Special ability : Once its third enchant succeeds, it absorbs souls from monsters that other players have hunted. The chance to grant the third ability comes only once the Pixie is level 30 or higher.
종족 별 펫은 기존의 울프독과는 달리 퀘스트를 수행해야만 얻을 수 있습니다. 레벨 40이 되면 퀘스트 메시지가 유저에게 배달됩니다.	Unlike the old Wolfdog, race pets can only be obtained by completing a quest. At level 40, a quest message is delivered to you.
퀘스트 메시지가 발송되면 NPC에서 퀘스트를 수행할 수 있는 대화가 활성화 됩니다. 유저는 이를 클릭하여 퀘스트를 부여 받습니다. 퀘스트는 각 레벨에 따라 다르게 적용되며 유저가 상시적으로 신청하여 플레이 할 수 있습니다. 단 레벨 40이하인 유저는 퀘스트를 신청할 수 없습니다. 퀘스트는 1시간 동안 잡아야 할 몬스터와 마리 수를 정해줍니다. 몬스터는 퀘스트 수행하는 유저의 레벨에 따라 달리 적용됩니다. 해당 몬스터를 해당 시간 안에 모두 잡으면 퀘스트는 완료됩니다. 퀘스트가 완료 된 후 지정된 NPC를 찾아가면 펫을 얻을 수 있습니다. 이미 40레벨 이상의 유저 분께서는 마을에 위치한 npc “아마타”에게 가셔서 퀘스트를 부여 받으시면 됩니다.	When the quest message is sent, a dialogue option for the quest becomes available at the NPC. Click it to receive the quest. The quest varies with your level, and you can apply for it and play it at any time. Players of level 40 or below, however, cannot apply for the quest. The quest gives you 1 hour and tells you which monsters to kill and how many. The monsters depend on the level of the player doing the quest. Kill all of those monsters within the time limit and the quest is complete. After completing the quest, visit the designated NPC to receive your pet. If you are already level 40 or higher, go to the NPC "Amata" in the village to receive the quest.
자세한 퀘스트의 부여와 보상은 아래의 그림을 참고하시기 바랍니다.	For details of the quest and its rewards, see the picture below.
캠페인	Campaign
\t  첫 로그인 시	\t  On first login
\t\t   사기관련 사건 조사 및 복구 안내	\t\t   Fraud investigation and recovery notice
* 기간 2004년 9월 15일 ~ 2004년 12월 15일 (3개월간 진행)	* Period: September 15, 2004 - December 15, 2004 (3 months)
* 조사 및 복구가 가능한 사기행위 유형	* Types of fraud we can investigate and recover
  ▶ 거래사기(거래 액수를 속인 경우)	  - Trade fraud (lying about the amount in a trade)
  ▶ 사칭사기(이름이 비슷한 케릭터로 속인 경우)	  - Impersonation fraud (deceiving with a character with a similar name)
  ▶ 아이템 보관용 케릭터 사기	  - Storage character fraud
      (잘 아는 사람의 아이템 보관용 케릭터로 속인 경우)	      (posing as the item storage character of someone you know well)
* 사기행위 유형별 증거 스크린샷	* Screenshot evidence for each type of fraud
  ▶ 거래사기 : 매매가격을 말한 스크린샷,교환창에 가격이 표시된 스크린샷	  - Trade fraud : a screenshot of the agreed price, a screenshot of the price shown in the exchange window
  ▶ 사칭사기 : 신분을 속이는 대화내용 스크린샷, 	  - Impersonation fraud : a screenshot of the conversation where they lied about who they are,
                     교환창에 아이템이 보이는 스크린샷	                     a screenshot of the item in the exchange window
  ▶ 아이템 보관용 케릭터 사기 : 신분을 속이는 대화 스크린샷                       교환창에 아이템이 보이는 스크린샷	  - Storage character fraud : a screenshot of the conversation where they lied about who they are, a screenshot of the item in the exchange window
* 복구 및 압류 원칙	* Recovery and seizure policy
  ▶ 해킹 복구 원칙에 따라 처리	  - Handled under the hacking recovery policy
  ▶ 해당 기간 동안에 신고하여 복구 받으면 질드레 비쥬 지급	  - Report during this period and get your items recovered to receive Gilles de Rais Beads
  ▶ 사기행위를 시도한 계정은 모든 서버 영구 계정 압류	  - Accounts that attempted fraud are permanently seized on all servers
* 신고 방법	* How to report
  ▶ 사기를 당한 후 3일 이내 신고	  - Report within 3 days of being defrauded
  ▶ 해당 스크린샷을 첨부하여 신고	  - Attach the relevant screenshots to your report
  ▶ 반드시 서버,아이디,케릭명(본인) 내용을 적은 뒤 신고	  - Be sure to include your server, ID and character name (your own) in the report
  ▶ DKx Online 홈페이지(dkxonline.com.cn) 으로 신고	  - Report through the DKx Online homepage (dkxonline.com.cn)
이벤트	Event
\t\t   ‘스파라치’ 이벤트 안내	\t\t   'Sparazzi' event notice
* 기간 2004년 9월 15일 ~ 2004년 10월 15일 (1개월간 진행)	* Period: September 15, 2004 - October 15, 2004 (1 month)
* 스크린샷 유형	* Types of screenshots
  ▶ 프리미엄 매매 : 프리미엄 매매 광고 내용 스크린샷	  - Premium trading : a screenshot of an ad for premium trading
  ▶ 아이템 드립니다 : ‘갖고 있는 아이템을 보여주면…’ 	  - "I'll give you items" : 'Show me the items you have...'
                            광고 내용 스크린샷	                            a screenshot of an ad like this
  ▶ 기타 사기행위 유도 : ‘사기행위를 하기 위한’ 	  - Luring others into fraud : 'meant to set up a scam'
                              광고 내용 스크린샷	                              a screenshot of an ad like this
- 보상 아이템	- Reward item
  ▶ 바토리 팬던트 1개	  - 1 Bathory Pendant
한가지 내용에 대해 가장 먼저 신고해 주신 분에게만 보상	Rewards go only to the first person to report each case
- 압류 원칙	- Seizure policy
  ▶ 프리미엄 매매 : 현거래 관련 압류 원칙에 따름	  - Premium trading : handled under the seizure policy for real-money trading
  ▶ 아이템 드립니다 : 7일간 대화 정지	  - "I'll give you items" : chat banned for 7 days
  ▶ 기타 사기행위 유도 : 7일간 대화 정지	  - Luring others into fraud : chat banned for 7 days
- 신고 방법	- How to report
  ▶ 스크린샷을 찍은 후 3일 이내 신고	  - Report within 3 days of taking the screenshot
닉네임 인터페이스(Nickname Interface)	Nickname Interface
닉네임 리스트 입니다. 닉네임은 퀘스트나 이벤트, 기타 특정한 상황시 얻을 수 있습니다. 또한 네이밍펜으로 자신만의 별명을 만들 수 있습니다. 이 닉네임은 한번에 하나만 선택할 수 있습니다. 또한 한번 얻은 닉네임은 리스트에 등록되며 원할 때 선택하여 붙일 수 있습니다.	The nickname list. Nicknames are earned through quests, events and other special situations, and you can also make your own nickname with a Naming Pen. You can only wear one nickname at a time. Every nickname you earn is added to the list, so you can pick one and put it on whenever you like.
아마타	Amata
픽시 퀘스트를 수행하실 수 있습니다.	You can now take on the Pixie quest.
안녕하세요. 수행 레벨에 도달 하신걸 축하 드립니다. 아시다시피 픽시는 우리들을 도와주는 여러 정령들 중에서 가장 겁이 많은 정령입니다. 성지를 피로 물들이는 녀석들을 혼내주는 데는 가장 큰 도움이 되지만 위험한 상황에서는 한 없이 작아지곤 하지요. 이들은 자신의 주인이 될 당신을 확신하고 싶어 합니다. 당신을 절대적으로 믿을 수 있다면 아주 좋은 친구가 될 것입니다. 당신의 능력을 보여줄 수 있습니까?\\n\\n*퀘스트를 신청하려면 아우스터즈 마을의 아마타를 찾아가시기 바랍니다.	Greetings, and congratulations on reaching the required level. As you know, the Pixie is the most timid of all the spirits that help us. They are the greatest help in punishing those who stain the Holy Land with blood, but in danger they shrink to almost nothing. They want to be sure of you, the one who will be their master. If they can trust you completely, they will become very good friends. Can you show them what you are capable of?\\n\\n*To apply for the quest, go and see Amata in the Ousters Village.
그루버	Gruber
센터우로 퀘스트를 수행하실 수 있습니다.	You can now take on the Centauro quest.
드디어 센터우로를 조정하실 능력을 갖추게 되셨군요. 축하드립니다. 이 센터우로는 아주 유용하지만 섬세한 제품입니다. 아직 신제품 시장에 나오지도 않은 따끈따끈한 신품이며 E.V.E 지도부에서 제품의 터스트를 의뢰 받고 한정적으로 지급하고 있는 상태입니다. 이 제품을 조종하시려면 아주 미세한 콘트롤에도 능해야 합니다. 아시다시피 전장은 매우 혼잡하니까요. 이제 당신께 기회를 드리겠습니다. 제품 사용을 위한 테스트라고 생각하시면 되겠군요.\\n\\n*퀘스트를 신청하려면 무사길드 2층의 그루버를 찾아가시기 바랍니다.	So you finally have what it takes to pilot a Centauro. Congratulations. The Centauro is a very useful but delicate piece of equipment. It is brand new, not even on the market yet, and we are issuing a limited number because the E.V.E leadership has asked us to test it. To pilot it you need to be good at very fine control. As you know, the battlefield is extremely crowded. Now I will give you your chance. Think of it as a test before you are allowed to use the equipment.\\n\\n*To apply for the quest, go and see Gruber on Warrior Guild 2F.
카파티니	Carpatini
스티지 퀘스트를 수행하실 수 있습니다.	You can now take on the Stirge quest.
드디어 수행 레벨에 도달하셨군요. 축하 드립니다. 스티지라고 아시는지요? 오랜 시간 영겁의 세월 동안 우리와 함께 해온 짐승 말입니다. 흠.. 요즘은 아주 희귀해졌지만.. 이제 당신에게 이 녀석을 가질 수 있는 기회를 드리겠습니다. 제가 구하는데 얼마나 힘들었는지 모르실 겁니다. 이제 보상을 위한 행동을 보여주십시오.\\n\\n*퀘스트를 신청하려면 림보성의 카파티니를 찾아가시기 바랍니다.	At last you have reached the required level. Congratulations. Do you know what a Stirge is? A beast that has been with us through the ages, for time out of mind. Hmm.. they have grown very rare these days, but.. now I will give you the chance to own one. You cannot imagine how hard it was for me to find it. Now show me deeds worthy of the reward.\\n\\n*To apply for the quest, go and see Carpatini in Limbo Castle.
카리사스	Carissas
그대에게 첫번째 임무를 부여합니다.	I give you your first mission.
우리 일족과 뜻을 같이 하기에 충분할 만큼 잘 성장하고 있군요. 예전에 성물이 보관되었던 적이 있는 테메리에 성지에 하급 뱀파이어의 우두머리들이 이상한 움직임을 시작했다는 정보가 입수 되었습니다. 들리는 소문으로는 성물을 이동하는 도중 일부 조각이 훼손되었고 그게 아직 테메리에 성지에서 발견되지 않았다고 합니다. 슬레이어와 뱀파이어는 이미 조사에 착수 했다고 하니 급히 서둘러야 합니다. 그대가 해야 할 일은 슬레이어와 뱀파이어들의 움직임을 저지하는 것입니다. 어쩌면 전면전을 치르게 될지도 모르니 동료들과 함께 힘을 모아 싸워야 할 것입니다. 우리 일족에게는 늘 거룩한 자연의 영이 함께 한다는 사실 절대 잊지 마시기 바랍니다.\\n테메리에 성지로 이동하겠습니까?\\n\\n*테메리에 성지는 아우스터즈 마을내부의 리파티NPC를 통해서도 이동하실 수 있습니다.	You have grown strong enough to share the will of our people. We have received word that the leaders of the lesser vampires have begun moving strangely in the Temerie Holy Land, where the Relic was once kept. Rumor has it that some fragments of the Relic were damaged while it was being moved, and that they have not yet been found in the Temerie Holy Land. The Slayers and Vampires are said to have already begun searching, so we must hurry. Your task is to stop the Slayers and Vampires in their tracks. It may even come to all-out war, so you must join forces with your companions and fight together. Never forget that the holy spirit of nature is always with our people.\\nWill you travel to the Temerie Holy Land?\\n\\n*You can also travel to the Temerie Holy Land through the NPC Ripati inside the Ousters Village.
카이저 하인리히	Kaiser Heinrich
첫번째 임무를 부여한다.	Your first mission.
가상 훈련 시스템을 무사히 이수하고 나온 귀관의 노고를 취하하는 바이다. 실전에 투입 된지 얼마 안된 귀관에게 무리한 임무가 될 수도 있다고 생각되지만 사태의 추이가 긴박하게 전개되는지라 귀관과 같은 신병들의 힘도 절실하게 필요하다. 간단하게 이번 사건에 대해 브리핑하겠다. 얼마 전 테메리에 성지에 하급 뱀파이어들의 움직임이 포착되었는데, 그들의 이상한 움직임에 대해 몇 가지 조사를 해 본 결과 피의 성서와 관련되어 있다는 사실을 알게 되었다. 우선 귀관의 임무는 뱀파이어와 아우스터즈 두 종족이 성물에 대한 자료를 수집하지 못하도록 막아야 한다는 것이다. 두 종족과의 전면전이 불가피할지도 모르니 전우들과 함께 힘을 모아야 한다는 사실 절대 잊어서는 안 된다.그럼 건투를 빈다.\\n테메리에 성지로 이동하겠습니까?\\n\\n*테메리에 성지는 군인길드 1층의 살라만다NPC를 통해서도 이동하실 수 있습니다.	I commend you for completing the virtual training program. This may be a tough assignment for someone so recently sent into combat, but events are moving fast and we badly need the strength of recruits like you. I will brief you on the situation. Not long ago, lesser vampires were spotted moving about in the Temerie Holy Land, and after some investigation into their strange movements we learned that it has to do with the Blood Bible. Your mission is to stop the other two races, the Vampires and the Ousters, from gathering information on the Relic. All-out war with both races may be unavoidable, so never forget that you must join forces with your comrades. Good luck.\\nWill you travel to the Temerie Holy Land?\\n\\n*You can also travel to the Temerie Holy Land through the NPC Salamander on Soldier Guild 1F.
피의 서약을 통한 첫번째 임무이다.	Your first mission under the Blood Oath.
인간들의 신선한 피를 갈구하는 그대의 눈빛을 보니 나의 임무를 충분히 수행할 만큼 성장했다고 느껴지는구나. 다름이 아니라 얼마 전에 성물의 일부 조각이 아직 테메리에 성지에 남아 있다는 사실을 알게 되었다. 조사차 급히 하급 뱀파이어 우두머리들을 보내긴 했지만 슬레이어와 아우스터즈의 저항이 갈수록 거세지는 바람에 조사에 어려움을 겪고 있다고 한다. 내가 그대를 평가하게 되는 첫 번째 관문이라고 생각해도 좋다네, 테메리에로 가서 미천하기 짝이 없는 슬레이어와 아우스터즈들을 모조리 쓸어버리기 바란다. 그럼 피의 서약을 통한 그대의 충성을 보여주길 바란다. 테메리에 성지로 이동하겠습니까?\\n\\n*테메리에 성지는 림보성 내부의 발레리NPC를 통해서도 이동하실 수 있습니다.	The look in your eyes, thirsting for fresh human blood, tells me you have grown enough to carry out my orders. It is this: not long ago I learned that some fragments of the Relic still remain in the Temerie Holy Land. I hastily sent the leaders of the lesser vampires to investigate, but I hear the Slayers and Ousters resist more fiercely by the day and the search has run into trouble. You may consider this the first trial by which I judge you. Go to Temerie and sweep away every last one of those wretched Slayers and Ousters. Show me your loyalty through the Blood Oath. Will you travel to the Temerie Holy Land?\\n\\n*You can also travel to the Temerie Holy Land through the NPC Valerie inside Limbo Castle.
 2000년 7월 유럽의 '에슬라니아' 공화국의 수도 '에도니아'의 북부 '헬레아' 지방에서 이상한 움직임이 포착되었다. 뱀파이어들이 나타난 것이다.  그 지방에 잠입한 정보원의 연락에 따르면 이들은 현재 무엇인가를 찾고 있고, 유감스럽지만 뱀파이어들은 태양 빛에 아무런 영향을 받지 않고 돌아 다닐 수 있다고 한다.	 In July 2000, strange activity was detected in the region of 'Helea', north of 'Edonia', capital of the Republic of 'Eslania' in Europe. Vampires had appeared.  According to reports from an informant who infiltrated the region, they are searching for something, and, regrettably, these vampires are able to move about unaffected by sunlight.
 놀랍게 이와 같이해서 전 세계에 퍼져있던 뱀파이어 마스터들이 이 지방으로 모여들고 있다. 이들은 하나 같이 뱀파이어들의 신들로 모셔지던 인물들이다. 이들이 어떤 이유에서 이 지역에 모이는 지는 알 수 없지만, 현재 이들의 출현으로 우리들은 매우 긴장하고있다.	 Astonishingly, at the same time the vampire Masters once scattered across the world are gathering in this region. Every one of them was worshipped as a god by the vampires. We do not know why they are gathering here, but their appearance has put us all on edge.
 에슬라니아 정부는 원래 이 지역에 괴물들이 출현한다는 정보를 입수하고, 정부군을 파견했지만, 그들 정규군의 화력으로는 어림도 없는 일이지. 그들은 그 괴물들이 뱀파이어라는 것을 알고는 지역을 차단하고 언론도 통제한 상황이다. 그들에게 그런 소문은 관광으로 대부분의 수입을 벌어드리는 그런 나라에게는 치명적인 것이기 때문이지.	 The Eslanian government had received reports of monsters appearing in the area and sent in government troops, but the firepower of their regular army was nowhere near enough. Once they learned that the monsters were vampires, they sealed off the area and clamped down on the press. For a country that earns most of its income from tourism, rumors like that would be fatal.
 에슬라니아의 미세로비치 수상은 교황에게 도움을 요청했고, 교황은 우리에게 부탁해 왔다. 마침 마스터들의 이동에 긴장하던 수뇌부는 비밀리에 요원 몇을 파견했지만, 그들의 소식이 끊어진 상황에서 더 이상 참을 수 없게 되었지. 그래서 이번에는 현재 소집이 가능한 모든 슬레이어들의 이번 작전에 투입이 된다. 언론과 지역이 봉쇄된 곳이라 우리들이 활동하기에는 더 없이 좋은 조건이다. 이제부터는 숨어서 뱀파이어를 잡지 않아도 된다. 우리들의 실력을 알릴 좋은 기회다.	 Eslania's Prime Minister Miserovich asked the Pope for help, and the Pope turned to us. Our leadership, already uneasy about the Masters' movements, secretly sent in a few agents, but we have lost contact with them and can wait no longer. So this time every Slayer who can be mustered is being committed to this operation. With the press silenced and the area sealed off, conditions could not be better for us to operate. From now on we no longer have to hunt vampires in hiding. This is our chance to show what we can do.
 그럼 지역 브리핑에 들어 가겠다.	 Now for the regional briefing.
 국가명: 에슬라니아	 Country: Eslania
 위치: 유럽 동남부	 Location: Southeastern Europe
 면적: 152,100 평방 Km	 Area: 152,100 sq Km
 국경: 2451 Km	 Borders: 2451 Km
 해안선 145Km	 Coastline 145Km
 영해: 12 해리	 Territorial waters: 12 nautical miles
 인구: 513만 3567명 (1998년 현재)	 Population: 5,133,567 (as of 1998)
 수도: 에도니아	 Capital: Edonia
 공용어: 러시아어, 에슬라니아어, 영어	 Official languages: Russian, Eslanian, English
 문맹률: 2%	 Illiteracy rate: 2%
 종족 구성: 에슬라니아인 94%, 러시아인 3%, 헝가리 2%, 독일인 1%	 Ethnic groups: Eslanian 94%, Russian 3%, Hungarian 2%, German 1%
 종교: 그리스 정교 64.8%, 카톨릭 31.2%, 기독교 4%	 Religion: Greek Orthodox 64.8%, Catholic 31.2%, Protestant 4%
 독립: 1992.12.30	 Independence: 1992.12.30
 헌법: 92.12 제정, 98.3 2차 개정,	 Constitution: adopted 92.12, second amendment 98.3,
 정부: 내각 책임제	 Government: parliamentary cabinet system
 원수: 콘스탄틴 대통령 (현 71세, 1999.5.13 취임)	 Head of state: President Constantine (age 71, in office since 1999.5.13)
 현 수상: 미세로비치 (현 58세, 2000.4.1 취임)	 Prime Minister: Miserovich (age 58, in office since 2000.4.1)
 실권자: 미세로비치 수상	 Real power: Prime Minister Miserovich
 대의기구: 양원제 (정원: 상원 104명, 하원 294명, 임기 4년)	 Legislature: bicameral (Senate 104 seats, House 294 seats, 4-year terms)
 정당: 기민당, 사민당, 자유당, 에스란 민주 동맹	 Parties: Christian Democrats, Social Democrats, Liberals, Eslan Democratic Alliance
 정부성향: 중도우익	 Political orientation: center-right
 UN가입: 1998.12.14	 UN membership: 1998.12.14
 G.D.P.: $616억 (1999년), 1인당 G.D.P: $12,000	 G.D.P.: $61.6 billion (1999), per capita G.D.P: $12,000
 화폐단위: Eis	 Currency: Eis
 국방비: $ 8,160만 (1999년)	 Defense budget: $ 81.6 million (1999)
 군사력: 육군 11,300명, 해군 10,000명, 공군 31,200명 (99년)	 Armed forces: Army 11,300, Navy 10,000, Air Force 31,200 ('99)
 에슬라니아는 소련의 붕괴와 같이 독립한 소수민족 국가의 하나이다. 소련 붕괴 이전부터 서유럽과 가까운 지리적인 이점과 아름다운 경치, 그리스 정교 스타일의 유려한 건축 문화들로 일찍이 관광국으로 유명한 곳이다. 그래서 동유럽 소국 중에는 가장 부유한 나라라고 소문이 난 곳이지. 부유함 때문에 러시아가 독립 시켜주기 싫어서 러시아 군을 주둔시켰지만, 부유함을 이용해서 외부의 용병들의 도움으로 유혈 항쟁 끝에 독립을 한 나라다.	 Eslania is one of the small ethnic nations that won independence when the Soviet Union collapsed. Even before the collapse it was long famous as a tourist destination, thanks to its closeness to Western Europe, its beautiful scenery and its graceful Greek Orthodox architecture. That is why it is said to be the richest of the small Eastern European countries. Because of that wealth Russia did not want to let it go and kept troops stationed there, but Eslania used its riches to hire foreign mercenaries and won its independence after a bloody struggle.
 전에는 소련의 영향을 많이 받았지만, 우크라이나, 크로아티아 등과 같이 독립했다.  전형적인 동유럽의 기후를 가졌지. 게다가 국토의 90%가 산악지형이라서 낮의 길이가 짧다.	 It was once heavily influenced by the Soviet Union, but it gained independence along with Ukraine, Croatia and others.  It has a typical Eastern European climate. And since 90% of the country is mountainous, the days are short.
 에슬라니아는 수도 에도니아를 중심으로 헬레아, 미세로, 우크리아, 도나우의 4개 지방으로 나뉜다. 이번 작전 지역인 헬레아는 험악한 산세와 경치로 이름은 높지만,  워낙 깊은 지역이라 인적이 뜸한 곳이다. 주민들의 대부분도 관광의 수입에 의존하지 않고 살고있으며, 화전을 하는 등의 방법으로 살고 있다.	 Eslania is divided into four regions around the capital Edonia: Helea, Misero, Ukria and Donau. Helea, the area of this operation, is known for its rugged mountains and scenery,  but it lies so deep in the interior that few people go there. Most of the inhabitants do not live off tourism either; they get by with slash-and-burn farming and the like.
 예상하는 대로 주민들의 지식 수준은 낮은 편이고, 생활 수준 또한 에슬라니아 내에서 가장 떨어진 곳이다.  관광에 의존하는 나라의 경우, 흔히 발생하는 현상이지. 한 유명 관광지에 돈이 몰리면서 편중 현상이 생겨서 그 나라의 다른 지역은 개발과 생활 수준의 낙후성을 띄는 현상이다.	 As you would expect, the inhabitants are poorly educated, and their standard of living is the lowest in Eslania.  It is a common thing in countries that depend on tourism. Money pours into one famous tourist spot and creates an imbalance, leaving the rest of the country behind in development and living standards.
 이 지역에는 대지는 넓지만, 평야 지역이 거의 없어서 단지 5개의 도시라고 부르기 어려운 촌락이 자리잡고 있다. 바로 이 촌락 주변에서 뱀파이어들이 출현한 것 같다. 이 촌락들은 불과 수도에서 200Km 정도 떨어져 있지만, 산세가 험하고 도로 교통이 불편해서 마치 딴 세상 같지.  그 때문에 지역과 언론을 봉쇄하기 쉬운 것 같다.	 The region is large, but there is almost no flat land, so there are only five villages that can hardly be called towns. It seems the vampires appeared around these very villages. They are only about 200Km from the capital, but the mountains are rugged and the roads poor, so it is like another world.  That seems to be why it was so easy to seal off the area and silence the press.
 마을은 각기 약 10여 Km의 거리를 두고 형성이 되어 있다. 마을은 총 5개로 중심 위치에 '에슬라니안'시와  서쪽의 '엘다리안', 동쪽의 '갈마시안', 남쪽의 '안다라시안',  북쪽의 '에데니안'등으로 구성되어 있다.	 The villages lie about 10 Km apart from one another. There are five in all: the town of 'Eslanian' in the center,  'Eldarian' to the west, 'Galmasian' to the east, 'Andarasian' to the south,  and 'Edenian' to the north.
 현재까지의 첩보를 종합하자면 마스터들은 속속 그 지역으로 숨어 들고 있다고 한다. 그 녀석들은 자신의 부하들이 마련한 레어에 안식하면서 부하들로 하여금 무언가를 찾게 하고 있다고 한다. 녀석들의 레어는 마을을 포위한 형상으로 되어 있다고 한다. 문제는 13인이 모두 모였다는 것이다. 지금까지 선배들의 기록에도 마스터 13인이 모두 모인 예는 단 한번도 없었다. 무엇을 찾는지는 모르지만 매우 중요하고, 그것이 그 지역 뱀파이어들이 낮에 활동하도록 조종하는 것 같다. 그렇다면 뱀파이어들에게나 우리에게나 매우 엄청난 것임에 틀림이 없지. 자네의 임무는 마스터들이 찾는 그 무엇인가를 탈취해야 하고 가능하면 마스터들도 쓰러뜨리는 것이다.	 Putting together the intelligence so far, the Masters are slipping into the area one after another. They are said to rest in lairs prepared by their servants while making those servants search for something. Their lairs reportedly surround the villages. The problem is that all thirteen of them have gathered. Not once in the records of those who came before us have all thirteen Masters gathered in one place. We do not know what they are looking for, but it must be very important, and it seems to be what lets the vampires of the area move about in daylight. If so, it must be something tremendous, for the vampires and for us alike. Your mission is to seize whatever it is the Masters are looking for and, if possible, to bring down the Masters as well.
 현재 사령부는 각 마을의 관공서 건물을 사용하고 있다. 여느 때와 다름 없이 모든 무기와 장비들은 현장으로 직접 공수된다. 지도등의 자료는 현장에서 얻도록. 자네가 브리핑을 마치고 출구로 나가면 쟈크가 비행기로 안내해 줄 것이다. 개인 행동을 삼가고, 되도록 무리를 이루어서 이동하도록... 이미 많은 수의 현지 주민들이 희생되고, 뱀파이어로 변화한 것으로 알려져 있다. 하지만 아직 많은 사람들이 지역이 봉쇄되어서 빠져 나가지 못하고 있는 상황이다. 그들의 안전도 자네의 임무에 포함된다는 사실을 알아두도록... 최대한 그들을 많이 도와 주어야 한다. 그러면 자네에게도 많은 도움이 되어 줄 사람들이야. 다시는 뱀파이어 때문에 집과 가족을 잃고 떠도는 사람들이 생기지 않도록 해주길 바란다.	 Headquarters are currently set up in the government offices of each village. As always, all weapons and equipment will be airlifted directly to the field. Maps and other materials are to be obtained on site. When you finish the briefing and go out the exit, Jacques will take you to the plane. No acting alone; move in groups as much as possible... Many local residents are known to have already fallen victim and turned into vampires. But many people are still trapped, unable to get out because the area is sealed off. Keep in mind that their safety is part of your mission too... Help as many of them as you can. They are people who will be a great help to you in return. I hope you will make sure no one ever again has to wander homeless, having lost house and family to vampires.
 이번에는 단지 한 두 명의 뱀파이어들을 상대하는 것이 아니라 엄청난 단위의 수를 상대해야 한다. 따라서 이번에는 각별히 조심하도록...  혹시 뱀파이어에게 물린다면 우리의 규율에 따라 ..... 자살하도록... 행운을 빈다.	 This time you are not up against one or two vampires; you will be facing them in enormous numbers. So be especially careful this time...  And if you should be bitten by a vampire, then according to our code ..... you will take your own life... Good luck.
축하합니다! Come back, 2005 이벤트 대상자이십니다.\\n이벤트기간 내 로그인 시점부터 7일간 프리미엄 혜택을 받을 수 있답니다.\\n또한 이벤트 기념 아이템도 획득하실 수 있으니 해당 종족의NPC를 찾아가시기 바랍니다. \\n(단, 이벤트 아이템은 한 계정당 한 캐릭터에 한해서만 받을 수 있습니다.)\\n*이벤트NPC\\n슬레이어: 크리스틴 (성직자길드1층)\\n뱀파이어: 쎄쓰 (림보성내부)\\n아우스터즈: 호라 (아우스터즈 마을내부)\\n\\n그럼 멋지게 변화한 다크에덴을 경험해 보세요.	Congratulations! You are eligible for the Come back, 2005 event.\\nFor 7 days from your first login during the event period, you can enjoy Premium benefits.\\nYou can also receive a commemorative event item, so please visit your race's NPC. \\n(Event items can be received by only one character per account.)\\n*Event NPCs\\nSlayer: Christine (Cleric Guild 1F)\\nVampire: Seth (Inside Limbo Castle)\\nOusters: Hora (Inside Ousters Village)\\n\\nCome and experience the new and improved DarkEden.
결제가 성공적으로 이루어졌습니다. \\n이제 프리미엄 혜택을 받으시면서 다크에덴을 더욱 재미있게 즐기실 수 있게 되었습니다.\\n이번 이벤트에 대한 보너스 혜택으로 다덴마켓에서 판매하고 있는 열랩세트를 선물로 드리고 있습니다.\\n(단, 이벤트 아이템은 한 계정당 한캐릭터에 한해서만 받을 수 있습니다.)\\n*이벤트NPC\\n슬레이어: 크리스틴 (성직자길드1층)\\n뱀파이어: 쎄쓰 (림보성내부)\\n아우스터즈: 호라 (아우스터즈 마을내부)\\n\\n그럼 열랩세트 아이템을 입고 다크에덴을 200% 즐겨보세요.	Your payment was completed successfully. \\nYou can now enjoy DarkEden even more with Premium benefits.\\nAs a bonus for this event, we are giving you the Ten-Level Set sold in the DarkEden Market as a gift.\\n(Event items can be received by only one character per account.)\\n*Event NPCs\\nSlayer: Christine (Cleric Guild 1F)\\nVampire: Seth (Inside Limbo Castle)\\nOusters: Hora (Inside Ousters Village)\\n\\nNow put on your Ten-Level Set and enjoy DarkEden 200%.
축하합니다. “come back, 2005” 이벤트 대상자로부터 추천 받으셨습니다. \\n추천인에게는 소정의 선물이 주어지니 이벤트 NPC를 찾아가서 받으시기 바랍니다.\\n(단, 이벤트 아이템은 한 계정당 한캐릭터에 한해서만 받을 수 있습니다.)\\n*이벤트NPC\\n슬레이어: 크리스틴 (성직자길드1층)\\n뱀파이어: 쎄쓰 (림보성내부)\\n아우스터즈: 호라 (아우스터즈 마을내부)\\n\\n감사합니다.	Congratulations. A player eligible for the "come back, 2005" event has named you as their referrer. \\nReferrers receive a small gift, so please visit an event NPC to collect it.\\n(Event items can be received by only one character per account.)\\n*Event NPCs\\nSlayer: Christine (Cleric Guild 1F)\\nVampire: Seth (Inside Limbo Castle)\\nOusters: Hora (Inside Ousters Village)\\n\\nThank you.
검&도	Sword&Blade
\t검	\tSword
\t도	\tBlade
총	Gun
십자가&메이스	Cross&Mace
\t십자가	\tCross
\t메이스	\tMace
방어구	Armor
\t헬멧	\tHelmet
\t상의	\tCoat
\t방패	\tShield
\t장갑	\tGloves
\t벨트	\tBelt
\t하의	\tTrousers
\t신발	\tShoes
악세서리	Accessories
\t목걸이	\tNecklace
\t팔찌	\tBracelet
\t반지	\tRing
기타	Etc
\t포션	\tPotion
\t물병&성수	\tWater Bottle&Holy Water
\t탄창	\tMagazine
\t폭탄&지뢰	\tBomb&Mine
\t무전기	\tRadio
\t기타아이템	\tOther Items
\t\t<Title>진화의 고리</Title>	\t\t<Title>Ring of Evolution</Title>
\t\t<Script sender="테리">긴급상황입니다. 저는 EVE본부 소속 "테리"입니다. 지금 빨리 길드 본부로의 귀환을 명합니다. 귀관께 특별 임무가 하달되었습니다. 자세한 내용은 말씀드릴 수 없습니다만 조속한 귀환을 바랍니다. 현재 상황 어떻습니까? 가능합니까?</Script>	\t\t<Script sender="Terry">This is an emergency. I am "Terry" of EVE Headquarters. You are ordered to return to guild headquarters at once. A special mission has been handed down to you. I cannot give you the details, but please return as soon as possible. What is your situation? Can you make it?</Script>
\t\t\t<SayNPC name="테리" target="302" index="1">테리에게 말을 건다.</SayNPC>	\t\t\t<SayNPC name="Terry" target="302" index="1">Talk to Terry</SayNPC>
\t\t\t<Script sender="테리" target="302" index="2">지금부터 제 말을 잘 들으십시오. 이는 어디까지나 상부의 명령이며 자세한 내용은 저도 잘 알지 못합니다. 이는 극비 임무이며 절대 누설되어서는 안됩니다. 아시겠습니까?</Script>	\t\t\t<Script sender="Terry" target="302" index="2">Listen carefully to what I am about to tell you. These are orders from above, and I do not know the details myself. This is a top-secret mission and must never be leaked. Do you understand?</Script>
\t\t\t<Script sender="테리" targetitem="21" index="3">이것을 받으십시오. 임무는 단지 이것을 전달하기만 하면 됩니다. 매우 쉽게 들리겠지만 이 문서를 림보성 내부에 있는 뱀파이어 레베카에게 전해야 하는 게 문제입니다. 물론 뱀파이어 성에 칩입할 수 있도록 조치를 취한 상태이니 큰 걱정은 마십시오. 이 임무는 은밀히 수행해야 하는 만큼 오토바이나 헬기 사용은 금지되어 있으니 이점 명심하시기 바랍니다.</Script>	\t\t\t<Script sender="Terry" targetitem="21" index="3">Take this. All you have to do is deliver it. It sounds easy, but the problem is that this document must go to the vampire Rebecca inside Limbo Castle. Of course, arrangements have been made so that you can get into the vampires' castle, so don't worry too much. Since this mission must be carried out in secret, Motorcycles and Helicopters are forbidden. Please keep that in mind.</Script>
\t\t\t<SayNPC name="레베카" target="255" index="4">림보성 내부에 있는 레베카에게 극비 문서를 전달한다.</SayNPC>	\t\t\t<SayNPC name="Rebecca" target="255" index="4">Deliver the top-secret document to Rebecca inside Limbo Castle</SayNPC>
\t\t\t<Script sender="레베카" target="255" index="5">오느라 수고 많았습니다. 어떤가요? 미천한 인간의 몸으로 아름다운 림보성을 구경하는 기분이….</Script>	\t\t\t<Script sender="Rebecca" target="255" index="5">Thank you for coming all this way. Well? How does it feel for a lowly human to behold the beautiful Limbo Castle...</Script>
\t\t\t<Script sender="레베카" targetitem="22" index="6">전해주신 물건은 잘 받았습니다. 이제 이걸 받아가십시오. 그럼 안녕히…. 또 보게 될 일이 생길지도 모르겠지만요. 호호호호호호호호….</Script>	\t\t\t<Script sender="Rebecca" targetitem="22" index="6">I have received what you brought. Now take this with you. Farewell, then... Though perhaps we shall meet again. Ho ho ho ho ho ho ho ho...</Script>
\t\t\t<SayNPC name="테리" target="302" index="7">에슬라니아 북서에 있는 테리에게 회신 문서를 전한다.</SayNPC>	\t\t\t<SayNPC name="Terry" target="302" index="7">Deliver the reply to Terry in Eslania Northwest</SayNPC>
\t\t\t<Script sender="테리" target="302" index="8">무사히 완수하셨군요. 다행입니다. 조만간 새로운 임무가 주어질지도 모릅니다. 멀지 않은 곳에서 대기해주십시오.</Script>	\t\t\t<Script sender="Terry" target="302" index="8">You made it back safely. What a relief. A new mission may come your way soon. Please stay somewhere close by.</Script>
\t\t<FailMessage sender="테리" target="302">이런. 실패하셨군요. 실마앙~</FailMessage>	\t\t<FailMessage sender="Terry" target="302">Oh dear. You failed. How disappoiiinting.</FailMessage>
\t\t\t<Killed num="1" index="1">수행 중 사망하지 않아야 한다.</Killed>	\t\t\t<Killed num="1" index="1">Do not die during the mission</Killed>
\t\t\t<RideMotorcycle index="2">오토바이 사용 금지</RideMotorcycle>	\t\t\t<RideMotorcycle index="2">No Motorcycles</RideMotorcycle>
\t\t\t<IllegalWarp index="3">헬기 사용 금지</IllegalWarp>	\t\t\t<IllegalWarp index="3">No Helicopters</IllegalWarp>
\t\t<Title>제단의 문</Title>	\t\t<Title>Gate of the Altar</Title>
\t\t<Script sender="테리">EVE본부 소속 "테리"입니다. 귀관께서 공을 세우신 일전의 임무에 대해 상부에서 크게 치하를 하였습니다. 이에 급히 새로운 중요 임무가 내려왔습니다. 아담의 성지 중앙 상층부에 아담의 성지로 통하는 입구가 열렸다고 합니다. 속히 이곳을 조사해주시기 바랍니다. 가능합니까?</Script>	\t\t<Script sender="Terry">This is "Terry" of EVE Headquarters. Command was greatly impressed by your work on the last mission, and an important new mission has been handed down in a hurry. We hear that an entrance has opened in the upper central part of Adam's Holy Land, leading into the heart of the Holy Land. Please investigate it at once. Can you do it?</Script>
\t\t\t<EnterDynamicZone zoneid="4001" index="1">"아담의 성지" 중앙에 있는 "제단의 문"으로 향한다.</EnterDynamicZone>	\t\t\t<EnterDynamicZone zoneid="4001" index="1">Head for the "Gate of the Altar" in the center of "Adam's Holy Land"</EnterDynamicZone>
\t\t\t<ClearDynamicZone zoneid="4001" index="2">시간 내에 몬스터의 피로 "마법진"을 완성하고 내부로 진입할 통로를 찾아야한다.</ClearDynamicZone>	\t\t\t<ClearDynamicZone zoneid="4001" index="2">Complete the "Magic Circle" with monster blood in time and find the way inside</ClearDynamicZone>
\t\t\t<Script sender="테리" target="302" index="3">치직…. 감이 좋지 않군요. 지금 막 입수한… 정보에 의하면…. 치직-. 제단의 문에는 마법진…. 6개의…. 치직, 치지직, 치-.</Script>	\t\t\t<Script sender="Terry" target="302" index="3">Kzzt... The signal is bad. According to... the information we just... received... Kzzt-. At the Gate of the Altar there are magic circles... six of... Kzzt, kz-kzzt, kz-.</Script>
\t\t\t<EnterDynamicZone zoneid="4002" index="4">마법진을 통해 피의 제단으로 들어가야 한다.</EnterDynamicZone>	\t\t\t<EnterDynamicZone zoneid="4002" index="4">Enter the Altar of Blood through the magic circle</EnterDynamicZone>
\t\t\t<Script index="5">추락. '마법진이 발동되자 우리는 깊은 어둠의 나락으로 끝없이 떨어졌다.'</Script>	\t\t\t<Script index="5">Fall. 'When the magic circle activated, we fell endlessly into a deep, dark abyss.'</Script>
\t\t\t<Script index="6">지옥. '수많은 인간과 뱀파이어들의 시체가 산을 이루고, 철벅거리는 핏물의 비릿한 내음이 코를 찔렀다.'</Script>	\t\t\t<Script index="6">Hell. 'The corpses of countless humans and vampires were heaped into mountains, and the rank smell of sloshing blood stung our noses.'</Script>
\t\t\t<Script index="7">제물. '동료들은 영혼을 붙잡힌 채 악귀들의 기괴한 웃음소리 속에서 원망의 눈초리를 보내고 있다.'</Script>	\t\t\t<Script index="7">Sacrifice. 'Our comrades, their souls held captive, stare at us in reproach amid the eerie laughter of fiends.'</Script>
\t\t\t<Script index="8">배신. '이 임무는 우리를 단지 제물로 바치기 위한 함정이었던 것인가? 그럼 그 때의 편지는…. 양 측의 수뇌부가 손을 잡기 위해서….'</Script>	\t\t\t<Script index="8">Betrayal. 'Was this mission only a trap to offer us up as sacrifices? Then that letter back then... so the leaders of both sides could join hands...'</Script>
\t\t\t<Script index="9">의문. '대체 이 많은 제물은 무엇을 위한 것인가?'</Script>	\t\t\t<Script index="9">Doubt. 'What on earth are all these sacrifices for?'</Script>
\t\t\t<ClearDynamicZone zoneid="4002" index="10">몬스터들을 죽여 "생명의 나선"을 얻어라. 이를 이용해 슬레이어들을 구출하라.</ClearDynamicZone>	\t\t\t<ClearDynamicZone zoneid="4002" index="10">Kill monsters to obtain "Life Spirals" and use them to rescue the Slayers</ClearDynamicZone>
\t\t\t<Time limit="120" index="2">%s남은 시간 : %d분</Time>	\t\t\t<Time limit="120" index="2">%sTime left: %d min</Time>
\t\t<Title>아브락사스, 작은 새의 날개 짓</Title>	\t\t<Title>Abraxas, the Flutter of a Small Bird's Wings</Title>
\t\t<Script>"테리"에게 간다. 테리는 "에슬라니아 북서"에 있다.</Script>	\t\t<Script>Go to "Terry". Terry is in "Eslania Northwest".</Script>
\t\t\t<Script index="1">'EVE의 지도층이라는 놈들이 이런 일을 꾸미다니…. 흡혈귀나 다름없는 놈들. 용서할 수 없다.'</Script>	\t\t\t<Script index="1">'To think the so-called leaders of EVE would plot something like this... They are no better than bloodsuckers. I cannot forgive them.'</Script>
\t\t\t<SayNPC name="테리" target="302" index="2">테리에게 말을 건다.</SayNPC>	\t\t\t<SayNPC name="Terry" target="302" index="2">Talk to Terry</SayNPC>
\t\t\t<Script sender="테리" target="302" index="3">임무를 무사히 마치셨군요. 다행입니….</Script>	\t\t\t<Script sender="Terry" target="302" index="3">You completed the mission safely. Thank good...</Script>
\t\t\t<Script sender="테리" target="302" index="4">네? 그런…. 아뇨…. 저는 아무것도….</Script>	\t\t\t<Script sender="Terry" target="302" index="4">What? That's... No... I had nothing to do with...</Script>
\t\t\t<Script sender="테리" target="302" index="5" action="dead" warp="4003">진정하세요. 그러니까….</Script>	\t\t\t<Script sender="Terry" target="302" index="5" action="dead" warp="4003">Calm down. Look, it's...</Script>
\t\t\t<ClearDynamicZone zoneid="4003" index="7">자신의 내면 속에서 "이성의 봉인"을 수호하고 "10분" 동안 생존한다.</ClearDynamicZone>	\t\t\t<ClearDynamicZone zoneid="4003" index="7">Guard the "Sealing of Reason" within your own mind and survive for "10 minutes"</ClearDynamicZone>
\t\t\t<SayNPC name="테리" target="302" index="8">다시 테리에게 말을 건다.</SayNPC>	\t\t\t<SayNPC name="Terry" target="302" index="8">Talk to Terry again</SayNPC>
\t\t<Script sender="쎄쓰">대체 어디 있었던 거야? 내가 몇 번이나 텔레파시를 보냈었는데 이제야 대답하다니…. 원….  뭐야? 벌써 내 목소리도 잊어버린 거야? 나 세쓰라고…. 림보성의 세쓰.  애숭이 땐 좋다는 반지며 목걸이며 다 챙겨줬더니만 어쩜 그럴 수가 있어?  아이구, 내 정신 좀 봐. 아무튼 얼른 나한테 좀 오라고. 마스터께서 중요한 임무가 있대. 올 수 있지? 그리고 올 때 괜찮은 물건 구한 게 있으면 같이 가져오라고….  </Script>	\t\t<Script sender="Seth">Where on earth have you been? I sent you telepathy I don't know how many times, and you only answer now... Honestly...  What? Don't tell me you've already forgotten my voice? It's me, Seth... Seth of Limbo Castle.  When you were a greenhorn I gave you all the good rings and necklaces, and this is how you treat me?  Oh, listen to me ramble. Anyway, come see me right away. The Master has an important mission for you. You can come, right? And if you've picked up anything nice, bring it along...  </Script>
\t\t\t<SayNPC name="쎄쓰" target="219" index="1">쎄쓰에게 말을 건다.</SayNPC>	\t\t\t<SayNPC name="Seth" target="219" index="1">Talk to Seth</SayNPC>
\t\t\t<Script sender="쎄쓰" target="219" index="2">어…. 왔군 왔어. 참 오랜만이야. 어떻게 지냈어, 그래….  그보다 마스터께서 특별 명령을 내리셨어. 비밀리에 수행해야 하니까 비밀을 맹세하라고. 뭐? 나만 조용히 있으면 될 것 같다고? 이런….  </Script>	\t\t\t<Script sender="Seth" target="219" index="2">Oh... You're here, you're here. Long time no see. How've you been, then...  More importantly, the Master has given a special order. It has to be done in secret, so swear to keep it secret. What? As long as I keep quiet it'll be fine? Why, you...  </Script>
\t\t\t<Script sender="쎄쓰" targetitem="23" index="3">자, 이걸 품에 잘 넣어둬. 할 일은 이거 전달하는 것 뿐이야. 쉬울 것 같지만 누구한테 전해야 할 것 같아? 큭큭큭…. 바로 슬레이어들의 대장인 카이저라구.  왜 그자에게 이걸 전달해야 하는지 나한테 묻진 말라구, 나도 그 이윤 모르니까..  그럼 잘 갔다 와. 그리고 행여나 카이저 목을 물어버리는 대담한 짓은 관두라구. 큭큭큭큭….  아, 임무도중 박쥐로 변하거나 씰을 여는 어리석은 행동은 그만두라구.. 자넨 은밀히 임무 수행 하는 중이라는걸 기억하라구..  </Script>	\t\t\t<Script sender="Seth" targetitem="23" index="3">Here, tuck this away safely. All you have to do is deliver it. Sounds easy, but guess who you have to give it to? Heh heh heh... None other than Kaiser, the leader of the Slayers.  Don't ask me why it has to go to him, 'cause I don't know either..  Well, off you go. And don't try anything bold like biting Kaiser's neck. Heh heh heh heh...  Oh, and don't do anything stupid like turning into a bat or opening a Seal during the mission.. Remember, you're on a secret mission..  </Script>
\t\t\t<SayNPC name="카이저" target="17" index="4">에슬라니아 북서에 있는 카이저에게 극비 문서를 전달한다.</SayNPC>	\t\t\t<SayNPC name="Kaiser" target="17" index="4">Deliver the top-secret document to Kaiser in Eslania Northwest</SayNPC>
\t\t\t<Script sender="카이저" target="17" index="5">크흠…. 이것인가? 허튼 짓 말고 거기 얌전히 있도록.</Script>	\t\t\t<Script sender="Kaiser" target="17" index="5">Hmph... Is this it? No funny business. Stay right where you are.</Script>
\t\t\t<Script sender="카이저" targetitem="24" index="6">음…. 좋아. 이걸 가져가라. 길 조심해서 돌아가도록. 그리고 다음엔 날 만나는 일은 없도록 해라. 상체와 하체가 따로 놀게 될지도 모르니까.</Script>	\t\t\t<Script sender="Kaiser" targetitem="24" index="6">Hmm... Good. Take this. Watch yourself on the way back. And make sure you never run into me again, or your top half and bottom half may end up going separate ways.</Script>
\t\t\t<SayNPC name="쎄쓰" target="219" index="7">림보성 내부에 있는 쎄쓰에게 회신 문서를 전한다.</SayNPC>	\t\t\t<SayNPC name="Seth" target="219" index="7">Deliver the reply to Seth inside Limbo Castle</SayNPC>
\t\t\t<Script sender="쎄쓰" target="219" index="8">그래…. 왔군, 왔어. 그건 이리 줘. 수고 많았어.  조만간 마스터께서 또 무슨 명령을 내리실지 몰라. 기다리고 있으라구.  </Script>	\t\t\t<Script sender="Seth" target="219" index="8">Right... You're back, you're back. Hand that over. Nice work.  The Master may give another order soon. Stay ready.  </Script>
\t\t<FailMessage sender="쎄쓰" target="219">이런. 실패했군. 바보~</FailMessage>	\t\t<FailMessage sender="Seth" target="219">Tsk. You failed. Dummy.</FailMessage>
\t\t\t<IllegalWarp index="2">씰 사용 금지</IllegalWarp>	\t\t\t<IllegalWarp index="2">No Seals</IllegalWarp>
\t\t\t<RideMotorcycle index="3">박쥐 변신 금지</RideMotorcycle>	\t\t\t<RideMotorcycle index="3">No bat transformation</RideMotorcycle>
\t\t<Script sender="쎄쓰">나야, 세쓰. 들리지? 호호호호호. 알어? 마스터께서 아주 기뻐하셨어. 아, 그 일전에 명령 내리신 것을 잘 수행했다고 칭찬이 자자했지.  근데 말이야 급히 또 새로운 명령을 내리시지 뭐야. 아담의 성지 알지? 거기 중앙 상층부에 아담의 성지로 통하는 입구가 열렸대. 지금 갈 거지?  </Script>	\t\t<Script sender="Seth">It's me, Seth. You hear me? Ho ho ho ho ho. Guess what? The Master was very pleased. Everyone's praising how well you carried out that order the other day.  But listen, he's gone and handed down another new order in a hurry. You know Adam's Holy Land? An entrance has opened in its upper central part, leading into the heart of the Holy Land. You're going now, right?  </Script>
\t\t\t<Script sender="쎄쓰" target="219" index="3">이봐, 이봐. 몇 번을 불렀는지… 알아? 윙- 윙-. 지금 막 입수한… 정보에 의하면…. 위잉-. 제단의 문에는 마법진…. 6개의…. 위위윙윙윙-.</Script>	\t\t\t<Script sender="Seth" target="219" index="3">Hey, hey. Do you know how many times I've called you...? Bzz- bzz-. According to... the information we just... received... Bzzz-. At the Gate of the Altar there are magic circles... six of... Bzz-bzz-bzzzz-.</Script>
\t\t\t<Script index="7">제물. '함께 들어왔던 동지들은 영혼을 붙잡힌 채 악귀들의 기괴한 웃음소리 속에서 원망의 눈초리를 보내고 있다.'</Script>	\t\t\t<Script index="7">Sacrifice. 'The comrades who came in with us, their souls held captive, stare at us in reproach amid the eerie laughter of fiends.'</Script>
\t\t\t<ClearDynamicZone zoneid="4002" index="10">몬스터들을 죽여 "생명의 나선"을 얻어라. 이를 이용해 제물이 된 뱀파이어들을 구출하라.</ClearDynamicZone>	\t\t\t<ClearDynamicZone zoneid="4002" index="10">Kill monsters to obtain "Life Spirals" and use them to rescue the Vampires offered as sacrifices</ClearDynamicZone>
\t\t<Script>"쎄쓰"에게 간다. 쎄쓰는 "림보성 내부"에 있다.</Script>	\t\t<Script>Go to "Seth". Seth is "Inside Limbo Castle".</Script>
\t\t\t<Script index="1">'뱀파이어를 이끄는 마스터라는 자들이 일족의 피를 파는 짓이나 하다니…. 용서할 수 없다.'</Script>	\t\t\t<Script index="1">'So the so-called Masters who lead the Vampires would sell out the blood of their own kind... I cannot forgive them.'</Script>
\t\t\t<SayNPC name="쎄쓰" target="219" index="2">쎄쓰에게 말을 건다.</SayNPC>	\t\t\t<SayNPC name="Seth" target="219" index="2">Talk to Seth</SayNPC>
\t\t\t<Script sender="쎄쓰" target="219" index="3">아이구, 힘들었지? 그래 얼굴이 다….</Script>	\t\t\t<Script sender="Seth" target="219" index="3">Oh my, that must have been rough, huh? Look at your face, it's all...</Script>
\t\t\t<Script sender="쎄쓰" target="219" index="4">뭐? 그런…. 아냐, 아냐…. 나는 아무것도….</Script>	\t\t\t<Script sender="Seth" target="219" index="4">What? That's... No, no... I had nothing to do with...</Script>
\t\t\t<Script sender="쎄쓰" target="219" index="5" action="dead" warp="4004">진정하라니까…. 그게 말야….</Script>	\t\t\t<Script sender="Seth" target="219" index="5" action="dead" warp="4004">I said calm down... It's just that...</Script>
\t\t\t<ClearDynamicZone zoneid="4004" index="7">자신의 내면 속에서 "이성의 봉인"을 수호하고 "10분" 동안 생존한다.</ClearDynamicZone>	\t\t\t<ClearDynamicZone zoneid="4004" index="7">Guard the "Sealing of Reason" within your own mind and survive for "10 minutes"</ClearDynamicZone>
\t\t\t<SayNPC name="쎄쓰" target="219" index="8">다시 쎄쓰에게 말을 건다.</SayNPC>	\t\t\t<SayNPC name="Seth" target="219" index="8">Talk to Seth again</SayNPC>
\t\t<Script sender="호라">저는 아우스터즈 마을의 호라. 정령의 힘을 빌어 당신께 메시지를 전합니다.  라비니아 님이 시급한 일이 있다고 합니다. 얼른 마을로 돌아와주십시오.  자세한 내용은 지금 말씀드릴 수 없습니다. 다시 한번 말씀 드리지만 긴급한 일입니다. 당신이 꼭 필요해요. 와주시겠습니까?  </Script>	\t\t<Script sender="Hora">I am Hora of the Ousters Village. I send you this message through the power of the spirits.  Lady Lavinia says there is an urgent matter. Please return to the village quickly.  I cannot tell you the details now. Let me say it once more: this is urgent. We truly need you. Will you come?  </Script>
\t\t\t<SayNPC name="호라" target="658" index="1">호라에게 말을 건다.</SayNPC>	\t\t\t<SayNPC name="Hora" target="658" index="1">Talk to Hora</SayNPC>
\t\t\t<Script sender="호라" target="658" index="2">와주셨군요. 감사합니다. 당신께 물의 정령 엘라임의 순결한 마음과 축복이 함께하기를 기원합니다.  당신에게 주어진 중요한 비밀 임무가 있습니다.  </Script>	\t\t\t<Script sender="Hora" target="658" index="2">You came. Thank you. May the pure heart and blessing of Elaim, the water spirit, be with you.  An important secret mission awaits you.  </Script>
\t\t\t<Script sender="호라" targetitem="25" index="3">이걸 받으십시오. 하실 일은 이것을 가지고 누군가를 만나는 일입니다. 만나야 하는 이는 바로 이단 뱀파이어인 "라르바"입니다. 보통은 그냥 만나주지 않지만 영혼 상태가 되어 이 증표를 가지고 가면 대화에 응해줄 것입니다.  제가 엘라임의 힘을 빌어 당신께 마법을 걸어드리겠습니다. 조금 있으면 육신과 영혼이 분리될 것입니다. 육신은 걱정하지 마십시오. 제가 잘 보관하고 있겠습니다.  자 어서 라르바에게로 향하십시오.  아, 영혼 상태에서는 마법도, 공격도, 그 밖의 많은 것들도 하지 못합니다. 하지만 어떠한 공격도 당하지 않게 되니 걱정 마십시오.  부디 엘라임의 축복이….  </Script>	\t\t\t<Script sender="Hora" targetitem="25" index="3">Please take this. Your task is to carry it to someone. The one you must meet is the heretic vampire "Larva". Larva does not usually receive anyone, but if you go in spirit form bearing this token, Larva will agree to talk.  I will borrow Elaim's power to cast a spell on you. In a moment your body and soul will separate. Do not worry about your body; I will keep it safe.  Now, hurry to Larva.  Oh, and in spirit form you cannot use magic, attack, or do many other things. But no attack can harm you either, so do not worry.  May Elaim's blessing...  </Script>
\t\t\t<SayNPC name="라르바" target="368" index="4">림보성 남동에 있는 라르바에게 극비 문서를 전달한다.</SayNPC>	\t\t\t<SayNPC name="Larva" target="368" index="4">Deliver the top-secret document to Larva in Limbo Castle Southeast</SayNPC>
\t\t\t<Script sender="라르바" target="368" index="5">이런 곳까지 나를 찾아온 작은 영혼은 누구인가? 아, 그건 라비니아의….</Script>	\t\t\t<Script sender="Larva" target="368" index="5">Who is this little soul that has sought me out in such a place? Ah, so it is Lavinia's...</Script>
\t\t\t<Script sender="라르바" targetitem="26" index="6">이걸 가지고 돌아가게. 그리고 한가지 더….  요새 뱀파이어들과 인간들 사이에서 이상한 일이 벌어지고 있네. 그들이 손을 잡는다는 것은 상상할 수 없는 일이지만 워낙 욕망으로만 가득한 놈들이니….  내 말을 명심하고 라비니아에게 이를 꼭 전하도록 하게.  </Script>	\t\t\t<Script sender="Larva" targetitem="26" index="6">Take this and go back. And one thing more...  Strange things are happening between the vampires and the humans of late. That they would join hands is unthinkable, yet they are creatures full of nothing but greed...  Mark my words, and be sure to pass them on to Lavinia.  </Script>
\t\t\t<SayNPC name="호라" target="658" index="7">아우스터즈 마을에 있는 호라에게 회신 문서를 전한다.</SayNPC>	\t\t\t<SayNPC name="Hora" target="658" index="7">Deliver the reply to Hora in the Ousters Village</SayNPC>
\t\t\t<Script sender="호라" target="658" index="8">이것이군요. 수고하셨습니다. 걱정 많이 했답니다.  네? 인간과 뱀파이어들 사이에서 그런 일이…? 라르바의 말이라면 괜한 소리는 아니겠군요. 알겠습니다. 라비니아 님께 말씀 드리겠습니다.  조만간 다시 메시지를 전하도록 하겠습니다.  </Script>	\t\t\t<Script sender="Hora" target="658" index="8">So this is it. Thank you for your trouble. I was very worried about you.  What? Something like that between the humans and the vampires...? If Larva says so, it cannot be idle talk. I understand. I will tell Lady Lavinia.  I will send you another message soon.  </Script>
\t\t<FailMessage sender="호라" target="658">이런 실패하셨군요. 안타깝습니다.</FailMessage>	\t\t<FailMessage sender="Hora" target="658">Oh no, you failed. What a pity.</FailMessage>
\t\t\t<IllegalWarp index="2">대지정령의 뿔 사용 금지</IllegalWarp>	\t\t\t<IllegalWarp index="2">No Earth Spirit Horns</IllegalWarp>
\t\t\t<RideMotorcycle index="3">실프 사용 금지</RideMotorcycle>	\t\t\t<RideMotorcycle index="3">No Sylph</RideMotorcycle>
\t\t<Script sender="호라">정령 엘라임의 축복으로 호라, 그대에게 라비니아님의 전언을 전합니다. 아담의 성지 중앙 상층부에 아담의 성지로 통하는 입구가 열렸다고 합니다. 뱀파이어와 인간들의 욕망을 저지하기 위해 당신의 도움이 필요합니다. 조사해주실 수 있겠습니까?</Script>	\t\t<Script sender="Hora">By the blessing of the spirit Elaim, I, Hora, bring you Lady Lavinia's message. We hear that an entrance has opened in the upper central part of Adam's Holy Land, leading into the heart of the Holy Land. We need your help to thwart the greed of the vampires and the humans. Will you investigate it?</Script>
\t\t\t<Script sender="호라" target="658" index="3">제 말이 들리십니까? 우우웅…. 지금 막 입수한… 정보에 의하면…. 웅-. 제단의 문에는 마법진…. 6개의…. 우우우우우웅-.</Script>	\t\t\t<Script sender="Hora" target="658" index="3">Can you hear me? Wooong... According to... the information we just... received... Woong-. At the Gate of the Altar there are magic circles... six of... Woooooong-.</Script>
\t\t\t<Script index="7">제물. '동족들은 영혼을 붙잡힌 채 악귀들의 기괴한 웃음소리 속에서 원망의 눈초리를 보내고 있다.'</Script>	\t\t\t<Script index="7">Sacrifice. 'Our kin, their souls held captive, stare at us in reproach amid the eerie laughter of fiends.'</Script>
\t\t\t<Script index="8">배신. '이 임무는 우리를 단지 제물로 삼기 위한 함정이었던 것인가? 간악한 인간과 뱀파이어들이 손을 잡고 이런 일을 꾸밀 줄이야.'</Script>	\t\t\t<Script index="8">Betrayal. 'Was this mission only a trap to make sacrifices of us? To think the wicked humans and vampires would join hands to plot such a thing.'</Script>
\t\t\t<Script index="9">의문. '헌데 대체 이 많은 제물은 무엇을 위한 것인가?'</Script>	\t\t\t<Script index="9">Doubt. 'But what on earth are all these sacrifices for?'</Script>
\t\t\t<ClearDynamicZone zoneid="4002" index="10">몬스터들을 죽여 "생명의 나선"을 얻어라. 이를 이용해 제물이 된 아우스터즈들을 구출하라.</ClearDynamicZone>	\t\t\t<ClearDynamicZone zoneid="4002" index="10">Kill monsters to obtain "Life Spirals" and use them to rescue the Ousters offered as sacrifices</ClearDynamicZone>
\t\t<Script>"호라"에게 간다.</Script>	\t\t<Script>Go to "Hora".</Script>
\t\t\t<Script index="1"> 무서운 것들. 동료들을 팔면서까지 욕망을 채우려 하다니…. 역시 인간이나 뱀파이어들은 어쩔 수 없는 녀석들인가…. 한시 빨리 보고를 드려야겠다.  </Script>	\t\t\t<Script index="1"> Terrible creatures. To sell out their own comrades just to sate their greed... Humans and vampires really are beyond redemption... I must report this at once.  </Script>
\t\t\t<SayNPC name="호라" target="658" index="2">호라에게 말을 건다.</SayNPC>	\t\t\t<SayNPC name="Hora" target="658" index="2">Talk to Hora</SayNPC>
\t\t\t<Script sender="호라" target="658" index="3">엘라임의 축복이 그대에게 함께 하였습니다.</Script>	\t\t\t<Script sender="Hora" target="658" index="3">The blessing of Elaim was with you.</Script>
\t\t\t<Script sender="호라" target="658" index="4">그래 하실 말씀이라도….</Script>	\t\t\t<Script sender="Hora" target="658" index="4">So, is there something you wish to tell me...</Script>
\t\t\t<Script sender="호라" target="658" index="5" action="dead" warp="4005">아…. 괜찮으십니까? 어디가 아프….</Script>	\t\t\t<Script sender="Hora" target="658" index="5" action="dead" warp="4005">Ah... Are you all right? Does something hu...</Script>
\t\t\t<ClearDynamicZone zoneid="4005" index="7">자신의 내면 속에서 "이성의 봉인"을 수호하고 "10분" 동안 생존한다.</ClearDynamicZone>	\t\t\t<ClearDynamicZone zoneid="4005" index="7">Guard the "Sealing of Reason" within your own mind and survive for "10 minutes"</ClearDynamicZone>
\t\t\t<SayNPC name="호라" target="658" index="8">다시 호라에게 말을 건다.</SayNPC>	\t\t\t<SayNPC name="Hora" target="658" index="8">Talk to Hora again</SayNPC>
이제 당신의 역할이 주어졌습니다.	Your role has now been given to you.
카리사스님의 인도에 따라 여러분들을 소환합니다.\\n생명과 자연의 정령의 기운이 당신들의 영혼에 깃들기를 기도합니다. 저는 아우스터즈 일족의 마하라고 합니다.\\n혼란의 시기에 이런 소환을 인도하는 것이 그대에게 어려운 일이 될 수도 있겠군요.\\n하지만 그대는 아우스터즈 입니다. 우리들의 임무는 말하지 않아도 숙지하고 계시겠죠? 지금 이순간 우리의 영원한 숙적 뱀파이어들이 음모를 꾸미고 있는것 같습니다. 그들의 동향을 살피고 교활한 슬레이어들의 농간에서도 벗어나야 겠지요. 여러분들의 힘이 필요한것은 자명한 일입니다. 카리사스님의 인도에 따라서 모두들 동참하여 주시기 바랍니다.\\n이번주 화요일 오후 8시에 전쟁이 벌어질 예정입니다. 장소는 칼리고 던전 B1층입니다.\\n부디 정령의 가호가 당신들과 함께 하기를 빕니다.	By the guidance of Lady Carissas, I summon you all.\\nI pray that the power of the spirits of life and nature dwells in your souls. I am Maha of the Ousters.\\nIn these times of chaos, answering such a summons may be hard for you.\\nBut you are an Ousters. You know our duty without being told, do you not? At this very moment our eternal enemies, the Vampires, seem to be plotting something. We must watch their movements and also slip free of the schemes of the cunning Slayers. It is plain that your strength is needed. I ask you all to join us, following Lady Carissas's guidance.\\nThe war will take place this Tuesday at 8 PM. The battlefield is Caligo Dungeon 1F.\\nMay the spirits protect you all.
긴급 소환 통지서.	Emergency Summons.
이번주 화요일 20:00시에 뱀파이어의 역습이 예상된다.\\n제군들은 이들의 공격에 맞서 싸울 의무가 있다. 만약 이들의 공격을 막아내지 못한다면 현재 우리가 마련할 수 있는 유리한 교두보를 잃어버리는것과 마찬가지 결과를 낳을 것이다.\\n현재 칼리고 던전 B1층에 설치한 대뱀파이어용 무기인 Sweeper(모델명 M-03)를 탈취하려는 정보가 있다.\\n전력상 불리한 위치에 있으나 이를 사수하여 작동시킬 수만 있다면 단숨에 전세를 역전시킬 수 있을 것이다.\\n이 통지서를 받은 슬레이어들은 즉시 소집에 응해야 하며 이 메시지는 보는 즉시 태워버려야 한다.\\n모든 슬레이어들의 무훈을 빈다.	A Vampire counterattack is expected this Tuesday at 20:00.\\nYou have a duty to stand against their attack. If we fail to hold them off, it will be as good as losing the advantageous foothold we are now able to secure.\\nIntelligence indicates they intend to seize the Sweeper (model M-03), an anti-vampire weapon installed on Caligo Dungeon 1F.\\nWe are at a disadvantage in strength, but if we can hold it and get it running, we can turn the tide of battle in one stroke.\\nSlayers receiving this notice must answer the call at once, and this message must be burned as soon as it has been read.\\nI wish every Slayer glory in battle.
전쟁이 시작되었다.	The war has begun.
일족이여...\\n종족의 번영을 위해 모여라... 우리 어둠의 일족에게 위기가 다가오고 있다. 우리가 차지하려 하는 피의 성서.. 그 믿을 수 없는 강력한 힘을 내포하고 있는 성서의 봉인을 풀기도 전에 저 탐욕스럽기 마지않는 슬레이어들의 과학의 힘을 빌어 요상한 물건을 만들어 내었다. 성서의 능력을 인위적으로 조절하려는 그들의 가상한 노력에 일침을 놓아주어야 한다.\\n일족이여...\\n한때 인간이었던 기억에 망설이지 말아라... 우리 일족의 번영과 진정한 불멸을 위해 싸워라.\\n전쟁은 이번주 화요일 오후 8시에 칼리고 던전 B1층에서 벌어질 것이다. 이를 꼭 기억하라.. 그리고 싸워라..	My kin...\\nGather for the glory of our race... A crisis is bearing down on us, the clan of darkness. Before we could even break the seal of the Blood Bible we seek to claim.. that Bible holding unbelievable power.. those insatiably greedy Slayers borrowed the power of their science to build a strange device. We must teach their admirable efforts to control the Bible's power artificially a sharp lesson.\\nMy kin...\\nDo not hesitate over memories of once having been human... Fight for the glory of our clan and for true immortality.\\nThe war will take place this Tuesday at 8 PM on Caligo Dungeon 1F. Remember this well.. and fight..
카리사스님의 인도에 따라 여러분들을 소환합니다.\\n생명과 자연의 정령의 기운이 당신들의 영혼에 깃들기를 기도합니다. 저는 아우스터즈 일족의 마하라고 합니다.\\n혼란의 시기에 이런 소환을 인도하는 것이 그대에게 어려운 일이 될 수도 있겠군요.\\n하지만 그대는 아우스터즈 입니다. 우리들의 임무는 말하지 않아도 숙지하고 계시겠죠? 지금 이순간 우리의 영원한 숙적 뱀파이어들이 음모를 꾸미고 있는것 같습니다. 그들의 동향을 살피고 교활한 슬레이어들의 농간에서도 벗어나야 겠지요. 여러분들의 힘이 필요한것은 자명한 일입니다. 카리사스님의 인도에 따라서 모두들 동참하여 주시기 바랍니다.\\n이번주 목요일 오후 8시에 전쟁이 벌어질 예정입니다. 장소는 칼리고 던전 B2층입니다.\\n부디 정령의 가호가 당신들과 함께 하기를 빕니다.	By the guidance of Lady Carissas, I summon you all.\\nI pray that the power of the spirits of life and nature dwells in your souls. I am Maha of the Ousters.\\nIn these times of chaos, answering such a summons may be hard for you.\\nBut you are an Ousters. You know our duty without being told, do you not? At this very moment our eternal enemies, the Vampires, seem to be plotting something. We must watch their movements and also slip free of the schemes of the cunning Slayers. It is plain that your strength is needed. I ask you all to join us, following Lady Carissas's guidance.\\nThe war will take place this Thursday at 8 PM. The battlefield is Caligo Dungeon 2F.\\nMay the spirits protect you all.
이번주 목요일 20:00시에 뱀파이어의 역습이 예상된다.\\n제군들은 이들의 공격에 맞서 싸울 의무가 있다. 만약 이들의 공격을 막아내지 못한다면 현재 우리가 마련할 수 있는 유리한 교두보를 잃어버리는것과 마찬가지 결과를 낳을 것이다.\\n현재 칼리고 던전 B2층에 설치한 대뱀파이어용 무기인 Sweeper(모델명 M-03)를 탈취하려는 정보가 있다.\\n전력상 불리한 위치에 있으나 이를 사수하여 작동시킬 수만 있다면 단숨에 전세를 역전시킬 수 있을 것이다.\\n이 통지서를 받은 슬레이어들은 즉시 소집에 응해야 하며 이 메시지는 보는 즉시 태워버려야 한다.\\n모든 슬레이어들의 무훈을 빈다.	A Vampire counterattack is expected this Thursday at 20:00.\\nYou have a duty to stand against their attack. If we fail to hold them off, it will be as good as losing the advantageous foothold we are now able to secure.\\nIntelligence indicates they intend to seize the Sweeper (model M-03), an anti-vampire weapon installed on Caligo Dungeon 2F.\\nWe are at a disadvantage in strength, but if we can hold it and get it running, we can turn the tide of battle in one stroke.\\nSlayers receiving this notice must answer the call at once, and this message must be burned as soon as it has been read.\\nI wish every Slayer glory in battle.
일족이여...\\n종족의 번영을 위해 모여라... 우리 어둠의 일족에게 위기가 다가오고 있다. 우리가 차지하려 하는 피의 성서.. 그 믿을 수 없는 강력한 힘을 내포하고 있는 성서의 봉인을 풀기도 전에 저 탐욕스럽기 마지않는 슬레이어들의 과학의 힘을 빌어 요상한 물건을 만들어 내었다. 성서의 능력을 인위적으로 조절하려는 그들의 가상한 노력에 일침을 놓아주어야 한다.\\n일족이여...\\n한때 인간이었던 기억에 망설이지 말아라... 우리 일족의 번영과 진정한 불멸을 위해 싸워라.\\n전쟁은 이번주 목요일 오후 8시에 칼리고 던전 B2층에서 벌어질 것이다. 이를 꼭 기억하라.. 그리고 싸워라..	My kin...\\nGather for the glory of our race... A crisis is bearing down on us, the clan of darkness. Before we could even break the seal of the Blood Bible we seek to claim.. that Bible holding unbelievable power.. those insatiably greedy Slayers borrowed the power of their science to build a strange device. We must teach their admirable efforts to control the Bible's power artificially a sharp lesson.\\nMy kin...\\nDo not hesitate over memories of once having been human... Fight for the glory of our clan and for true immortality.\\nThe war will take place this Thursday at 8 PM on Caligo Dungeon 2F. Remember this well.. and fight..
카리사스님의 인도에 따라 여러분들을 소환합니다.\\n생명과 자연의 정령의 기운이 당신들의 영혼에 깃들기를 기도합니다. 저는 아우스터즈 일족의 마하라고 합니다.\\n혼란의 시기에 이런 소환을 인도하는 것이 그대에게 어려운 일이 될 수도 있겠군요.\\n하지만 그대는 아우스터즈 입니다. 우리들의 임무는 말하지 않아도 숙지하고 계시겠죠? 지금 이순간 우리의 영원한 숙적 뱀파이어들이 음모를 꾸미고 있는것 같습니다. 그들의 동향을 살피고 교활한 슬레이어들의 농간에서도 벗어나야 겠지요. 여러분들의 힘이 필요한것은 자명한 일입니다. 카리사스님의 인도에 따라서 모두들 동참하여 주시기 바랍니다.\\n이번주 화요일 오후 9시에 전쟁이 벌어질 예정입니다. 장소는 칼리고 던전 B3층입니다.\\n부디 정령의 가호가 당신들과 함께 하기를 빕니다.	By the guidance of Lady Carissas, I summon you all.\\nI pray that the power of the spirits of life and nature dwells in your souls. I am Maha of the Ousters.\\nIn these times of chaos, answering such a summons may be hard for you.\\nBut you are an Ousters. You know our duty without being told, do you not? At this very moment our eternal enemies, the Vampires, seem to be plotting something. We must watch their movements and also slip free of the schemes of the cunning Slayers. It is plain that your strength is needed. I ask you all to join us, following Lady Carissas's guidance.\\nThe war will take place this Tuesday at 9 PM. The battlefield is Caligo Dungeon 3F.\\nMay the spirits protect you all.
이번주 화요일 21:00시에 뱀파이어의 역습이 예상된다.\\n제군들은 이들의 공격에 맞서 싸울 의무가 있다. 만약 이들의 공격을 막아내지 못한다면 현재 우리가 마련할 수 있는 유리한 교두보를 잃어버리는것과 마찬가지 결과를 낳을 것이다.\\n현재 칼리고 던전 B3층에 설치한 대뱀파이어용 무기인 Sweeper(모델명 M-03)를 탈취하려는 정보가 있다.\\n전력상 불리한 위치에 있으나 이를 사수하여 작동시킬 수만 있다면 단숨에 전세를 역전시킬 수 있을 것이다.\\n이 통지서를 받은 슬레이어들은 즉시 소집에 응해야 하며 이 메시지는 보는 즉시 태워버려야 한다.\\n모든 슬레이어들의 무훈을 빈다.	A Vampire counterattack is expected this Tuesday at 21:00.\\nYou have a duty to stand against their attack. If we fail to hold them off, it will be as good as losing the advantageous foothold we are now able to secure.\\nIntelligence indicates they intend to seize the Sweeper (model M-03), an anti-vampire weapon installed on Caligo Dungeon 3F.\\nWe are at a disadvantage in strength, but if we can hold it and get it running, we can turn the tide of battle in one stroke.\\nSlayers receiving this notice must answer the call at once, and this message must be burned as soon as it has been read.\\nI wish every Slayer glory in battle.
일족이여...\\n종족의 번영을 위해 모여라... 우리 어둠의 일족에게 위기가 다가오고 있다. 우리가 차지하려 하는 피의 성서.. 그 믿을 수 없는 강력한 힘을 내포하고 있는 성서의 봉인을 풀기도 전에 저 탐욕스럽기 마지않는 슬레이어들의 과학의 힘을 빌어 요상한 물건을 만들어 내었다. 성서의 능력을 인위적으로 조절하려는 그들의 가상한 노력에 일침을 놓아주어야 한다.\\n일족이여...\\n한때 인간이었던 기억에 망설이지 말아라... 우리 일족의 번영과 진정한 불멸을 위해 싸워라.\\n전쟁은 이번주 화요일 오후 9시에 칼리고 던전 B3층에서 벌어질 것이다. 이를 꼭 기억하라.. 그리고 싸워라..	My kin...\\nGather for the glory of our race... A crisis is bearing down on us, the clan of darkness. Before we could even break the seal of the Blood Bible we seek to claim.. that Bible holding unbelievable power.. those insatiably greedy Slayers borrowed the power of their science to build a strange device. We must teach their admirable efforts to control the Bible's power artificially a sharp lesson.\\nMy kin...\\nDo not hesitate over memories of once having been human... Fight for the glory of our clan and for true immortality.\\nThe war will take place this Tuesday at 9 PM on Caligo Dungeon 3F. Remember this well.. and fight..
카리사스님의 인도에 따라 여러분들을 소환합니다.\\n생명과 자연의 정령의 기운이 당신들의 영혼에 깃들기를 기도합니다. 저는 아우스터즈 일족의 마하라고 합니다.\\n혼란의 시기에 이런 소환을 인도하는 것이 그대에게 어려운 일이 될 수도 있겠군요.\\n하지만 그대는 아우스터즈 입니다. 우리들의 임무는 말하지 않아도 숙지하고 계시겠죠? 지금 이순간 우리의 영원한 숙적 뱀파이어들이 음모를 꾸미고 있는것 같습니다. 그들의 동향을 살피고 교활한 슬레이어들의 농간에서도 벗어나야 겠지요. 여러분들의 힘이 필요한것은 자명한 일입니다. 카리사스님의 인도에 따라서 모두들 동참하여 주시기 바랍니다.\\n이번주 목요일 오후 9시에 전쟁이 벌어질 예정입니다. 장소는 칼리고 던전 B4층입니다.\\n부디 정령의 가호가 당신들과 함께 하기를 빕니다.	By the guidance of Lady Carissas, I summon you all.\\nI pray that the power of the spirits of life and nature dwells in your souls. I am Maha of the Ousters.\\nIn these times of chaos, answering such a summons may be hard for you.\\nBut you are an Ousters. You know our duty without being told, do you not? At this very moment our eternal enemies, the Vampires, seem to be plotting something. We must watch their movements and also slip free of the schemes of the cunning Slayers. It is plain that your strength is needed. I ask you all to join us, following Lady Carissas's guidance.\\nThe war will take place this Thursday at 9 PM. The battlefield is Caligo Dungeon 4F.\\nMay the spirits protect you all.
이번주 목요일 21:00시에 뱀파이어의 역습이 예상된다.\\n제군들은 이들의 공격에 맞서 싸울 의무가 있다. 만약 이들의 공격을 막아내지 못한다면 현재 우리가 마련할 수 있는 유리한 교두보를 잃어버리는것과 마찬가지 결과를 낳을 것이다.\\n현재 칼리고 던전 B4층에 설치한 대뱀파이어용 무기인 Sweeper(모델명 M-03)를 탈취하려는 정보가 있다.\\n전력상 불리한 위치에 있으나 이를 사수하여 작동시킬 수만 있다면 단숨에 전세를 역전시킬 수 있을 것이다.\\n이 통지서를 받은 슬레이어들은 즉시 소집에 응해야 하며 이 메시지는 보는 즉시 태워버려야 한다.\\n모든 슬레이어들의 무훈을 빈다.	A Vampire counterattack is expected this Thursday at 21:00.\\nYou have a duty to stand against their attack. If we fail to hold them off, it will be as good as losing the advantageous foothold we are now able to secure.\\nIntelligence indicates they intend to seize the Sweeper (model M-03), an anti-vampire weapon installed on Caligo Dungeon 4F.\\nWe are at a disadvantage in strength, but if we can hold it and get it running, we can turn the tide of battle in one stroke.\\nSlayers receiving this notice must answer the call at once, and this message must be burned as soon as it has been read.\\nI wish every Slayer glory in battle.
일족이여...\\n종족의 번영을 위해 모여라... 우리 어둠의 일족에게 위기가 다가오고 있다. 우리가 차지하려 하는 피의 성서.. 그 믿을 수 없는 강력한 힘을 내포하고 있는 성서의 봉인을 풀기도 전에 저 탐욕스럽기 마지않는 슬레이어들의 과학의 힘을 빌어 요상한 물건을 만들어 내었다. 성서의 능력을 인위적으로 조절하려는 그들의 가상한 노력에 일침을 놓아주어야 한다.\\n일족이여...\\n한때 인간이었던 기억에 망설이지 말아라... 우리 일족의 번영과 진정한 불멸을 위해 싸워라.\\n전쟁은 이번주 목요일 오후 9시에 칼리고 던전 B4층에서 벌어질 것이다. 이를 꼭 기억하라.. 그리고 싸워라..	My kin...\\nGather for the glory of our race... A crisis is bearing down on us, the clan of darkness. Before we could even break the seal of the Blood Bible we seek to claim.. that Bible holding unbelievable power.. those insatiably greedy Slayers borrowed the power of their science to build a strange device. We must teach their admirable efforts to control the Bible's power artificially a sharp lesson.\\nMy kin...\\nDo not hesitate over memories of once having been human... Fight for the glory of our clan and for true immortality.\\nThe war will take place this Thursday at 9 PM on Caligo Dungeon 4F. Remember this well.. and fight..
이제 그들의 행위를 심판할 때가 왔습니다.	The time has come to judge their deeds.
저는 아우스터즈 일족의 라비니아라고 합니다.\\n카리사스님의 명령에 따라 여러분들께 급히 소환의 장을 보냅니다.\\n이번 소환은 아우스터즈의 사활을 건 아주 중요한 일입니다. 아담의 성지가 열리고 카스탈로의 봉인이 깨어진 지금 이순간 우리의 영원한 숙적 뱀파이어들이 아담의 성지를 더럽히고 릴리스가 남겼다는 피의 성서를 찾아 아담의 성지로 속속 모여들고 있습니다. 그들의 동향을 살피고 있던 교활한 슬레이어들 또한 아담의 성지를 더럽히고 있는 실정입니다. 우리 아우스터즈들은 피의 성저를 지키고 아담의 성지를 정화하여 뱀파이어들의 저 탐욕스러운 음모를 저지 해야합니다. 여러분들의 힘이 필요합니다. 카리사스님의 인도에 따라서 모두들 동참하여 주시기 바랍니다.\\n이번주 일요일 오후 7시에 대 전쟁이 벌어질 예정입니다. 장소는 아담의 성지입니다.\\n\\n이번 전쟁에 힘을 실어주실 아우스터즈 여러분들께서는 아담의 성지에 있는 헥시리우스와 펜타누스 성에 있는 엘루니아 나 니트리샤에게 말씀해 주시기 바랍니다.\\n부디 생명과 자연의 정령들이 당신의 영혼에 깃들기를 기도합니다.	I am Lavinia of the Ousters.\\nBy Lady Carissas's command, I send you this urgent summons.\\nThis summons concerns a matter of life and death for the Ousters. Now that Adam's Holy Land has opened and the seal of Castalo has been broken, our eternal enemies the Vampires are defiling Adam's Holy Land, flocking into it one after another in search of the Blood Bible that Lilith is said to have left behind. The cunning Slayers who have been watching their movements are defiling Adam's Holy Land as well. We Ousters must protect the Blood Bible, purify Adam's Holy Land and thwart the Vampires' greedy plot. We need your strength. I ask you all to join us, following Lady Carissas's guidance.\\nA great war will take place this Sunday at 7 PM. The battlefield is Adam's Holy Land.\\n\\nOusters who would lend their strength to this war, please speak to Elunia in Hexserius Castle or Nitrisha in Pentanus Castle in Adam's Holy Land.\\nI pray that the spirits of life and nature dwell in your soul.
E.V.E 소속 대뱀파이어 처리 부대원들에게…	To the anti-vampire units of E.V.E...
이번 주 일요일 19 : 00 에 아담의 성지에서 뱀파이어와 아우스터즈들이 피의성서 놓고 대규모 전쟁을 벌인다는 정보를 입수하였다. 정보에 따르면 이 지역에서 뱀파이어 종족이 밤 낮으로 활동하는 것이 뱀파이어 종족의 신체에 어떤 변화가 있었던것이 아니라, 이 지역의 무언가가 그들에게 영향을 끼치고 있었고 그 물건이 바로 아담의 성지 안에있다는 피의 성서 였던 것으로 밝혀졌다. 이 피의성서를 모두 모으면 그들의 심장부로 갈 수 있다는 확실한 증거도 발견 되었다. 따라서 이번 작전은 우리의 목표를 달성할 수 있는 중요한 기회인 것이다.\\n\\n뱀파이어와 아우스터즈들의 최대 규모는 대략 250여명 정도인 것으로 파악 된다. 우리는 그들과의 전면전을 피할수 없는 상황이다. 현재 상태는 비관적이다. 하지만 우리는 최선을 다하여 끝까지 싸운 자랑스러운 슬레이어의 전사들로 기억될것이다. 우리가 모두 쓰러진다 하여도… 우리는 우리를 이곳으로 보낸 바티칸 교황청, 로젠크로이츠 기사단, 미국 국가안전보장국을 위해서가 아닌 우리 스스로를 위해서 싸울것이다. 제군들… 무운을 비네...\\n\\n전쟁에 참전할 용사들은 아담의 성지 내 옥타부스 성에 있는 아일린이나 셉티무스 성에 있는 주디스를 통해 신청해 주기 바라네…	We have received intelligence that this Sunday at 19 : 00 the Vampires and Ousters will wage a large-scale war over the Blood Bible in Adam's Holy Land. According to this intelligence, the Vampires' ability to operate day and night in this region was not due to any change in their bodies; something in this region was influencing them, and that something has turned out to be the Blood Bible said to lie within Adam's Holy Land. We have also found solid evidence that gathering all of the Blood Bible will let us reach their very heart. This operation is therefore a crucial chance to achieve our goal.\\n\\nThe combined Vampire and Ousters forces are estimated at around 250 at most. All-out war with them cannot be avoided. The outlook is grim. But we will be remembered as proud Slayer warriors who gave their all and fought to the end. Even if we all fall... we will fight not for the Vatican, the Rosenkreuz Order or the US National Security Agency that sent us here, but for ourselves. Men... I wish you luck in battle...\\n\\nThose who will join the war, sign up with Eileen in Octavus Castle or Judith in Septimus Castle in Adam's Holy Land...
릴리스	Lilith
전쟁이 시작 되었다. 피의 맹약을 실행하라.	The war has begun. Fulfill the Blood Covenant.
나의 아들 딸들아. 피의 자식들아…\\n나의 피와 살로 만든 피의 성서를 찾아라…\\n성서의 봉인을 풀고 나를 영접하라… 뱀파이어의 자식들이여…\\n미천하고 나약한 인간들과 자랑스러운 뱀파이어의 순수한 혈통을 더럽힌 반쪽짜리 아우스터즈들이 나의 피와 살을 더럽히려 하고 있다. 그들에게 뱀파이어의 힘을 보여주어라… 아담의 성지로 오라… 그리고 나를 영접하라…\\n전쟁은 다가오는 이번주 일요일 저녁 7시에 아담의 성지에서 있을 것이다.\\n나를 영접할 뱀파이어들은 아담의 성지 안에 있는 테르티우스와 쿠아르투스에 있는 마리와 아미에게 전쟁이 시작하기 전까지 신청하도록 하라…\\n\\n자 이제 때가 되었다.\\n저들에게 진정한 공포를 …\\n우리 일족에겐 피와 영광이 있으라!!!...\\n	My sons and daughters. Children of blood...\\nFind the Blood Bible, made of my blood and flesh...\\nBreak the seal of the Bible and receive me... children of the Vampires...\\nThe lowly, feeble humans and the half-breed Ousters who defiled the proud, pure bloodline of the Vampires seek to defile my blood and flesh. Show them the power of the Vampires... Come to Adam's Holy Land... and receive me...\\nThe war will take place in Adam's Holy Land this coming Sunday at 7 in the evening.\\nVampires who would receive me, sign up with Marie in Tertius or Amy in Quartus within Adam's Holy Land before the war begins...\\n\\nNow the time has come.\\nBring true terror upon them...\\nBlood and glory to our clan!!!...\\n
\t\t<Title>어둠에 눈을 뜨라.</Title>	\t\t<Title>Open Your Eyes to the Darkness.</Title>
\t\t<Script sender="브리콜라카스">자, 새롭게 얻은 힘을 느껴보고 싶은가? 후후… 하지만 아직 네 힘은 미약하기 짝이 없다. 그 상태로 성 밖을 나서봐야 버텨낼 수 없을 터. 하지만 지금 같은 전시에 네 녀석을 일일이 가르칠 여유는 없구나. 하지만 네 스스로 가능성을 보여준다면 가르침을 주겠다. 이곳 지하 1층 정도라면 지금의 너라도 감당이 가능하겠지. 그곳의 쓰레기들을 처리하도록 해라. 때가 되면 너를 부를 것이다.</Script>	\t\t<Script sender="Vrykolakas">So, you wish to feel your newfound power? Heh... But your power is still pitifully feeble. Step outside the castle as you are and you will not last. Yet in wartime such as this I have no leisure to teach a whelp like you everything myself. Show me your potential on your own, however, and I shall teach you. The first basement level here should be within even your present means. Go and dispose of the rubbish there. When the time comes, I shall summon you.</Script>
\t\t<CompleteMessage sender="브리콜라카스" target="92">음… 좋다. 너에게서 풍기는 피 냄새가 제법 쓸만하구나. 내가 너에게 능력을 전수해 주마.</CompleteMessage>	\t\t<CompleteMessage sender="Vrykolakas" target="92">Hmm... Good. The scent of blood about you is quite promising. I shall pass my power on to you.</CompleteMessage>
\t\t\t<Level min="6" index="1">레벨 6 이상 달성</Level>	\t\t\t<Level min="6" index="1">Reach level 6</Level>
\t\t<FailMessage sender="브리콜라카스" target="92">도대체 뭘 하고 있는 건가? 그런 식으로는 버러지 같은 인간 녀석들의 사냥감이 되기 딱이겠군…</FailMessage>	\t\t<FailMessage sender="Vrykolakas" target="92">What on earth are you doing? At this rate you will make fine prey for those worms of humans...</FailMessage>
\t\t\t<Time limit="30" index="1">%s남은 시간 : %d분</Time>	\t\t\t<Time limit="30" index="1">%sTime left: %d min</Time>
\t\t<Title>뱀파이어로의 자각</Title>	\t\t<Title>Awakening as a Vampire</Title>
\t\t<Script sender="레베카">어린 뱀파이어여! 어째서 아직까지 피의 유혹을 거부하는 거죠? 	\t\t<Script sender="Rebecca">Young vampire! Why do you still resist the temptation of blood?
머리 속에 틀어박힌 하찮은 인간들의 윤리란 것이 신경 쓰이는 것인가요? 스스로가 원해서 인간 이길 포기한 주제에 아직까지 그런 것에 신경을 쓰고 있다니 우스운 일이군요. 하찮은 인간세상의 기억은 쓸모없는 것이죠. 우리 일족의 강대한 힘은 그냥 생겨나는 것이 아닙니다. 생명의 근원인 피를 통해 우리의 힘은 더욱 강해지는 것입니다. 강해지기 위해서라면 피를 마셔야 합니다.</Script>	Do the trifling ethics of humans lodged in your head still trouble you? How amusing that you still care about such things when you gave up being human of your own will. Memories of the petty human world are worthless. The mighty power of our kind does not simply come into being. Our power grows ever stronger through blood, the source of life. If you wish to grow strong, you must drink blood.</Script>
\t\t<CompleteMessage sender="레베카" target="255">이제 제법 흡혈에 익숙해졌나요? 이후에도 전투 중엔 항상 흡혈을 염두에 두어야 할 것입니다. 이제 마을의 카콘에게 맡겨둔 물건을 받도록 하십시오.</CompleteMessage>	\t\t<CompleteMessage sender="Rebecca" target="255">Have you grown used to Blood Drain now? From now on you must always keep Blood Drain in mind in battle. Now go and collect the item I left with Kakon in the village.</CompleteMessage>
\t\t\t<BloodDrain num="20" index="1">%s흡혈 회수 : %d / 20회</BloodDrain>	\t\t\t<BloodDrain num="20" index="1">%sBlood Drains: %d / 20</BloodDrain>
\t\t<FailMessage sender="레베카" target="255">숙명을 거부하겠다는 건가요? 뭐, 좋겠죠… 잿더미로 변한 후에 후회해도 소용없을 겁니다. 흐흠~</FailMessage>	\t\t<FailMessage sender="Rebecca" target="255">So you refuse your destiny? Well, fine... Regret will do you no good once you have turned to ash. Hmph.</FailMessage>
\t\t\t<Time limit="15" index="1">%s남은 시간 : %d분</Time>	\t\t\t<Time limit="15" index="1">%sTime left: %d min</Time>
\t\t<Title>라르바를 설득하라.</Title>	\t\t<Title>Persuade Larva.</Title>
\t\t<Script sender="브리콜라카스">점점 일족으로서 성장해 나가는 자네를 마스터께서는 아주 흡족하게 생각하고 계신다네. 물론 앞으로도 기대를 저버리는 모습을 보여주진 않을거라 믿고 계시지. 하지만 가끔 어리석은 녀석들이 발견되기도 하네. 일족의 우수한 힘을 얻고도 인간이었을 때를 잊지 못하는 녀석들이지. 라르바라는 녀석이 그런 녀석들을 도와주고 있기 때문에 이런 일이 생기는 게야. 마스터께서는 무슨 생각으로 그 녀석을 내치지 않으시는지 모르겠어. 물론 라르바의 마력은 무시할 수 없는 것이긴 해. 그 자가 힘을 보태준다면 일족의 힘도 더욱 커질 텐데 말이야. 어떤가? 자네가 라르바를 한번 설득해보지 않겠나? 내 편지를 줄 테니 그와 얘기를 한번 해보게.</Script>	\t\t<Script sender="Vrykolakas">The Master is most pleased to see you growing as one of our kin. Naturally, the Master trusts you will not disappoint in the future either. But every so often we find a few fools. Fools who gain the superior power of our kin, yet cannot forget the days when they were human. This happens because a fellow named Larva helps them. I do not know what the Master is thinking, keeping him around. Granted, Larva's magic power is not to be taken lightly. If he lent us his strength, our kin would grow mightier still. What do you say? Will you try to persuade Larva? I will give you a letter; go and have a word with him.</Script>
\t\t\t<SayNPC name="브리콜라카스" target="92" index="1">브리콜라카스에게서 편지를 받는다</SayNPC>	\t\t\t<SayNPC name="Vrykolakas" target="92" index="1">Receive a letter from Vrykolakas</SayNPC>
\t\t\t<SayNPC name="라르바" target="368" index="2">라르바에게 편지를 전한다.</SayNPC>	\t\t\t<SayNPC name="Larva" target="368" index="2">Deliver the letter to Larva.</SayNPC>
\t\t\t<Message index="3">브리콜라카스의 편지를 전하고 설득을 해보았지만 어째서인지 라르바는 말없이 고개를 저을 뿐이다. 라르바는 품 속에서 자신의 편지를 꺼내주며 브리콜라카스에게 전해 주라고 할 뿐이다.</Message>	\t\t\t<Message index="3">You delivered Vrykolakas' letter and tried to persuade him, but for some reason Larva only shakes his head in silence. He simply takes a letter of his own from inside his coat and asks you to give it to Vrykolakas.</Message>
\t\t\t<SayNPC name="브리콜라카스" target="92" index="4">브리콜라카스에게 편지를 전한다.</SayNPC>	\t\t\t<SayNPC name="Vrykolakas" target="92" index="4">Deliver the letter to Vrykolakas.</SayNPC>
\t\t\t<Script sender="브리콜라카스" target="92" index="5">이거 참, 무슨 배짱으로 이런 결정을 내리는 지 알 수가 없군. 이런 식이라면 언젠가는 마스터님의 분노를 살 터인데… 음, 아무튼 수고했네. 앞으로도 계속 마스터에게 충실히 봉사할 수 있도록 하게.</Script>	\t\t\t<Script sender="Vrykolakas" target="92" index="5">Well, well. I cannot fathom what nerve it takes to make such a decision. At this rate he will draw the Master's wrath one day... Hmm, in any case, well done. See that you keep serving the Master faithfully.</Script>
\t\t<FailMessage sender="브리콜라카스" target="92">너무 무리할 필요는 없네. 내가 자네를 너무 과대 평가한 모양이군.</FailMessage>	\t\t<FailMessage sender="Vrykolakas" target="92">There is no need to push yourself. It seems I overestimated you.</FailMessage>
\t\t\t<Killed num="1" index="1">전달하는 과정에서 죽지 않아야 한다.</Killed>	\t\t\t<Killed num="1" index="1">Do not die while delivering the letter.</Killed>
\t\t<Title>순종적 동물</Title>	\t\t<Title>Obedient Beasts</Title>
\t\t<Script sender="카콘" target="220">하등한 존재인 주제에 반항만 하는 인간들에 비해 다른 동물들은 순종적이지. 물론 그렇다고 해서 다들 쓸모가 있는 건 아니야. 이 곳 에슬라니아 지방에는 예전부터 들개들이 번식하고 있었는데 이것들을 잘만 길들이면 꽤나 편리하지. 인간들도 이 녀석들을 이용한다고 하더군. 처음엔 길들이기 번거롭지만 쓸 만 할거야. 이 녀석들은 고기덩어리를 좋아한다니까 준비하는 걸 잊지 말게나.</Script>	\t\t<Script sender="Kakon" target="220">Unlike humans, who are lowly creatures yet do nothing but rebel, other animals are obedient. Not that every one of them is useful, of course. Wild dogs have been breeding here in Eslania since long ago, and if you tame them well they are rather handy. I hear even the humans make use of them. Taming them is a chore at first, but they will be worth it. They say these beasts love chunks of meat, so do not forget to bring some.</Script>
\t\t<CompleteMessage sender="카콘" target="220">지금 당장은 썩 쓸모있어 보이진 않겠지만 꾸준히 키우면 꽤 볼품이 있지. 잘만하면 자네의 능력에도 영향을 주기도 하지만 어디까지나 운이 꽤 좋아야 하네. 하지만 혹시라도 고약한 병에 걸린 녀석일지도 모르지. 림보성의 카파티니에게 보여주면 잘 살펴봐줄거야.</CompleteMessage>	\t\t<CompleteMessage sender="Kakon" target="220">It may not look like much use right now, but raise it steadily and it becomes quite a sight. With a bit of luck it can even boost your own abilities, though you will need to be rather lucky indeed. Then again, it might be carrying some nasty disease. Show it to Carpatini at Limbo Castle and he will take a good look at it.</CompleteMessage>
\t\t\t<TamePet num="1" index="1">주니어울프아크를 길들여 울프독을 구한다.</TamePet>	\t\t\t<TamePet num="1" index="1">Tame a Junior WolfArch to get a Wolfdog.</TamePet>
\t\t<FailMessage sender="카콘" target="220">크크크, 하찮은 동물 하나 길들이지 못하다니 정말 딱하군… 어디 그래가지고 여기서 살아남기나 하겠나?</FailMessage>	\t\t<FailMessage sender="Kakon" target="220">Heh heh heh, you cannot even tame one measly animal? How pathetic... How do you expect to survive out here like that?</FailMessage>
\t\t\t<Time limit="20" index="1">%s남은 시간 : %d분</Time>	\t\t\t<Time limit="20" index="1">%sTime left: %d min</Time>
\t\t<Title>살아 남기 위한 훈련이다.</Title>	\t\t<Title>Training to Survive</Title>
\t\t<Script sender="카이저">자네가 이번에 편입된 신병인가? 이런, 아무리 전황이 급하다 하더라도 훈련조차 시키지 않은 병사를 보내다니 본부도 급한 모양이군. 지금 그 상태로 사령부 밖으로 보내봐야 뱀파이어에게 식사 거리를 주는 것 밖에는 안될 테지. 좋다, 특별히 부대내의 특설 훈련장에서 하드 트레이닝을 시켜주지. 지금 바로 타냐에게 훈련장 안내를 받도록 하라. 주특기 교육은 그 이후에 진행될 것이다.</Script>	\t\t<Script sender="Kaiser">So you are the new recruit just assigned to us? Good grief, HQ must be desperate, sending out soldiers without so much as basic training, however urgent the situation. Send you outside the Field Headquarters as you are and you would be nothing but a meal for the vampires. Very well, I will put you through hard training at the special training grounds on base. Report to Tanya right now for a tour of the training grounds. Your specialty training will follow after that.</Script>
\t\t<CompleteMessage sender="카이저" target="17">꽤나 열심히 하고 있군. 좋아, 현시간부로 귀관의 주특기 교육을 실시하겠다. 지금 바로 집합한다.</CompleteMessage>	\t\t<CompleteMessage sender="Kaiser" target="17">You are working quite hard. Good. As of now, your specialty training begins. Fall in immediately.</CompleteMessage>
\t\t\t<Level min="5" index="1">레벨 5 이상 달성</Level>	\t\t\t<Level min="5" index="1">Reach level 5 or higher</Level>
\t\t<FailMessage sender="테리" target="302">이거, 또 한 명의 고문관이 탄생하셨군. 그렇게 어리버리 하다가는 앞으로 자크 교관에게 꽤나 괴롭힘 당할게 뻔하다구요. 정 힘들면 나한테 보급품를 사는 것도 좋구요. 하하하.</FailMessage>	\t\t<FailMessage sender="Terry" target="302">Well, look at that, another sad sack is born. Keep fumbling around like that and Instructor Jacques is sure to give you a hard time. If it gets too tough, you could always buy some supplies from me. Hahaha.</FailMessage>
\t\t\t<Time limit="50" index="1">%s남은 시간 : %d분</Time>	\t\t\t<Time limit="50" index="1">%sTime left: %d min</Time>
\t\t<Title>훈련에 끝은 존재하지 않는다.</Title>	\t\t<Title>Training Never Ends</Title>
\t\t<Script sender="자크">이봐 신병! 이제야 겨우 스킬을 하나 배울 수 있는 수준이 되었군. 스킬은 잘만 사용하면 전투를 쉽게 이끌 수 있지. 더구나 스킬을 자주 사용함으로서 빠르게 성장하는 것이 가능하네. 한번 자네의 실력을 보고 싶군. 무슨 스킬이든 좋으니 XX레벨까지 올려보도록 해.</Script>	\t\t<Script sender="Jacques">Hey, recruit! So you have finally reached the point where you can learn a skill. Used well, skills can make a battle go your way with ease. What is more, using skills often lets you grow quickly. I want to see what you can do. Pick any skill you like and raise it to level XX.</Script>
\t\t<CompleteMessage sender="자크" target="16">흠, 생각보다는 괜찮은 실력이군. 앞으로도 충분히 제 구실을 해낼 가능성이 있어 보이네. 지급받은 보급표를 가지고 낸시에게 가면 보급품을 받을 수 있을거야.</CompleteMessage>	\t\t<CompleteMessage sender="Jacques" target="16">Hmm, you are better than I expected. Looks like you might pull your own weight after all. Take the Supply Ticket you were issued to Nancy and she will give you your supplies.</CompleteMessage>
\t\t\t<SkillLevel min="3" index="1">스킬레벨 3 이상 달성</SkillLevel>	\t\t\t<SkillLevel min="3" index="1">Raise a skill to level 3 or higher</SkillLevel>
\t\t<FailMessage sender="자크" target="16">이봐 자네… 도대체 뭘 하고 있는 건가, 우리가 상대하는 것이 가만히 서있는 허수아비인 줄 아나? 여기는 놀이공원이 아니란 말이야. 정신 똑바로 차리는 게 좋아!</FailMessage>	\t\t<FailMessage sender="Jacques" target="16">Hey, you... What on earth are you doing? Do you think the things we fight are scarecrows standing still? This is no amusement park. You had better get your head straight!</FailMessage>
\t\t\t<SayNPC name="낸시" target="303" index="1">보급표를 가지고 낸시에게 가서 보급품을 받는다</SayNPC>	\t\t\t<SayNPC name="Nancy" target="303" index="1">Take the Supply Ticket to Nancy and receive your supplies</SayNPC>
\t\t\t<Message index="2">보급품을 받았습니다.</Message>	\t\t\t<Message index="2">You received your supplies.</Message>
\t\t<Title>첩보 자료의 회수</Title>	\t\t<Title>Recovering the Intel</Title>
\t\t<Script sender="카이저">아군의 수색부대는 지속적으로 뱀파이어의 본거지에 대한 첩보를 진행해 왔다. 그런데 최근 페로나 국도 북서에 위치한 뱀파이어들의 거점을 조사하던 대원으로부터 통신이 두절되는 사건이 발생했다. 아마도 사살된 것이 확실하지만 그가 수집한 자료는 회수되어야 한다. 적의 거점과 가깝기 때문에 각별한 주위가 필요할 것이다. 확인된 그의 마지막 발신지는 에슬라니아 북서 좌표 67, 58 지점이다. 아! 오토바이의 소음은 뱀파이어들의 주의를 끌 수 있으니 이번 임무에서 오토바이의 사용은 금하도록 하겠다.</Script>	\t\t<Script sender="Kaiser">Our reconnaissance units have been gathering intelligence on the vampires' strongholds for some time. Recently, however, we lost contact with an agent who was investigating a vampire base northwest of the Perona Highway. He was almost certainly killed, but the data he gathered must be recovered. It is close to an enemy base, so exercise extreme caution. His last confirmed transmission came from Eslania Northwest, coordinates 67, 58. Ah! Motorcycle noise can draw the vampires' attention, so the use of motorcycles is forbidden on this mission.</Script>
\t\t\t<TouchWayPoint zoneid="12" x="67" y="58" type="636" dir="1" index="1">데이터 디스크 회수</TouchWayPoint>	\t\t\t<TouchWayPoint zoneid="12" x="67" y="58" type="636" dir="1" index="1">Recover the Data Disk</TouchWayPoint>
\t\t\t<Message sender="카이저" target="17" index="2">역시 사살된 것인가? 그나마 뱀파이어가 되지 않은 것이 다행이로군… 데이터를 얻었다면 바로 철수해 타냐에게 전달하도록 한다.</Message>	\t\t\t<Message sender="Kaiser" target="17" index="2">So he was killed after all? At least he did not become a vampire... If you have the data, withdraw at once and deliver it to Tanya.</Message>
\t\t\t<SayNPC name="타냐" target="26" index="3">타냐에게 디스크 전달</SayNPC>	\t\t\t<SayNPC name="Tanya" target="26" index="3">Deliver the disk to Tanya</SayNPC>
\t\t\t<Message sender="카이저" target="17" index="2">좋아, 무사히 귀환했군. 수고했네. 그럼 다음 임무까지 개인정비를 실시하게. </Message>	\t\t\t<Message sender="Kaiser" target="17" index="2">Good, you made it back safely. Well done. Take some personal time until your next mission.</Message>
\t\t<FailMessage sender="카이저" target="17">정보의 회수 같은 중요한 임무를 자네 같은 신출내기에게 맞긴 게 잘못이군. 임무 실패에 따른 문책은 하지 않겠다. 음… 상부로부터 내가 문책을 받게 생겼군.</FailMessage>	\t\t<FailMessage sender="Kaiser" target="17">It was a mistake to trust a greenhorn like you with a mission as important as recovering intel. You will not be disciplined for failing the mission. Hmm... Looks like I am the one who will be disciplined by the top brass.</FailMessage>
\t\t\t<RideMotorcycle index="2">오토바이 사용 금지.</RideMotorcycle>	\t\t\t<RideMotorcycle index="2">Motorcycles are forbidden.</RideMotorcycle>
\t\t<Title>군견 훈련 지침</Title>	\t\t<Title>War Dog Training Orders</Title>
\t\t<Script sender="스미스">에슬라니아에 서식하는 야생 들개들은 훈련을 통해서 군견으로서 활용할 수 있는 것으로 보고되고 있다. 분명 군견이 있다면 작전 수행에 도움이 될 것이다. 귀관은 지금부터 군견 양성 임무를 수행하도록 한다. 우선은 들개를 포획하는 것이 우선일 테지. 들개들은 고기를 꽤 좋아할 테니 준비를 잊지 말도록. 이상.</Script>	\t\t<Script sender="Smith">It has been reported that the wild dogs living in Eslania can be trained for use as war dogs. War dogs would surely be a help in carrying out operations. As of now, you are assigned to raise war dogs. Your first task, naturally, is to capture a wild dog. They should be quite fond of meat, so do not forget to bring some. That is all.</Script>
\t\t<CompleteMessage sender="스미스" target="103">들개의 포획에 성공했군. 우선은 군견 적합성 검사를 해야 하니 부대로 귀환하도록. 부대의 테리가 검사를 시행할 것이다.</CompleteMessage>	\t\t<CompleteMessage sender="Smith" target="103">So you captured a wild dog. First it needs a war dog aptitude test, so return to base. Terry will conduct the test.</CompleteMessage>
\t\t\t<TamePet num="1" index="1">개의 조련.</TamePet>	\t\t\t<TamePet num="1" index="1">Tame a dog.</TamePet>
\t\t<FailMessage sender="스미스" target="103">그까짓 들개하나 포획을 못해서야 어디 뱀파이어를 잡기나 하겠나. 이런 쉬운 임무도 수행 못하면서 어떻게 EVE 대원이 되었는지 궁금하군.</FailMessage>	\t\t<FailMessage sender="Smith" target="103">If you cannot even capture one lousy wild dog, how will you ever catch a vampire? I wonder how you became an EVE agent when you cannot carry out a mission this easy.</FailMessage>
\t\t<Title>당신의 힘을 되찾으십시오.</Title>	\t\t<Title>Reclaim Your Power</Title>
\t\t<Script sender="마네스쿠">거룩한 자연의 영광이 늘 함께 하시길. 반갑습니다, 동지여. 뱀파이어의 난립으로 당신의 달콤한 잠이 깨어졌군요. 하지만 아직 당신의 힘이 미약함이 느껴집니다. 마을 밖의 파괴자들을 상대하려면 오랜 수면과 함께 잠들어버린 당신의 힘을 일깨울 시간이 필요할 것 같군요. 다행스럽게도 카리사스님의 결계력이 마을 안으로 연결된 하니알 던전 1층까지 유효한 상태입니다. 하지만 가끔 미약한 존재들이 이곳에 나타나곤 한답니다. 이들을 상대로 당신의 힘을 조금씩 개방시킬 수 있을 겁니다. 자, 시간이 없습니다. 한시라도 빨리 힘을 되찾아야 합니다.</Script>	\t\t<Script sender="Manescu">May the glory of holy nature be with you always. Welcome, comrade. The rampant vampires have broken your sweet slumber. Yet I sense that your power is still weak. To face the destroyers outside the village, you will need time to reawaken the power that fell asleep with you during your long slumber. Fortunately, Lady Carissas' barrier still holds as far as the first floor of the Hanial Dungeon, which connects to the village. Even so, weak creatures appear there from time to time. By fighting them you can release your power little by little. Now, there is no time to lose. You must reclaim your power as quickly as you can.</Script>
\t\t<CompleteMessage sender="마네스쿠" target="655">당신의 힘이 일부 개방된 것이 느껴집니다. 이로서 우리의 힘은 좀 더 커질 것입니다. 마을의 라비니아님께 도움을 받을 수 있을 것입니다.</CompleteMessage>	\t\t<CompleteMessage sender="Manescu" target="655">I can feel that part of your power has been released. With this, our strength will grow a little more. Lady Lavinia in the village will be able to help you.</CompleteMessage>
\t\t\t<Level min="6" index="1">레벨 6 달성</Level>	\t\t\t<Level min="6" index="1">Reach level 6</Level>
\t\t<FailMessage sender="라비니아" target="653">자연은 결코 태만하지 않습니다. 자연의 일부인 당신 역시 자연의 법칙을 따라야 할 것입니다. 좀더 분발해 주시길… </FailMessage>	\t\t<FailMessage sender="Lavinia" target="653">Nature is never idle. You, too, are a part of nature and must follow its laws. Please try a little harder... </FailMessage>
\t\t<Title>힘의 원천인 영혼</Title>	\t\t<Title>The Soul, Source of Power</Title>
\t\t<Script sender="라비니아">우리에게 인위적인 가르침은 의미가 없는 것입니다. 자연이 내려준 능력을 어떻게 발전시킬 것인가는 모두 스스로의 의지로 결정해야 합니다. 하지만 이 능력을 사용하기 위해 영혼의 힘이 필요함을 잊지 마십시오. 영혼의 힘이 고갈되지 않도록 유지하는 것이 기본임을 잊지 마십시오.</Script>	\t\t<Script sender="Lavinia">Artificial teaching means nothing to us. How to develop the abilities nature has granted you is something each of us must decide by our own will. But do not forget that using these abilities requires the power of the soul. Never forget that the basics are to keep the power of your soul from running dry.</Script>
\t\t<CompleteMessage sender="라비니아" target="653">힘의 개방을 위해 영의 흡수는 절대 잊어서는 안 되는 것입니다. 리파티에게 부탁해 앞으로의 여정에 조금이나마 도움이 될 것을 준비해두었습니다.</CompleteMessage>	\t\t<CompleteMessage sender="Lavinia" target="653">To release your power, you must never forget to absorb souls. I have asked Ripati to prepare something that should be of some help on your journey ahead.</CompleteMessage>
\t\t\t<BloodDrain num="20" index="1">%s흡영 회수 : %d / 20회</BloodDrain>	\t\t\t<BloodDrain num="20" index="1">%sAbsorb Soul: %d / 20 times</BloodDrain>
\t\t<FailMessage sender="라비니아" target="653">흡영을 귀찮거나 잔인한 일이라 생각하지 마십시오. 뱀파이어들의 정화를 위해 어쩔 수 없는 일입니다. 하지만 스스로 원치 않는다면 강요할 수는 없겠지요.</FailMessage>	\t\t<FailMessage sender="Lavinia" target="653">Do not think of Absorb Soul as a chore or a cruel act. It is unavoidable if the vampires are to be purified. Still, if you do not wish it yourself, I cannot force you.</FailMessage>
\t\t<Title>대지 오염의 위협</Title>	\t\t<Title>The Threat of a Poisoned Land</Title>
\t\t<Script sender="시오람">배척 받아왔던 우리 일족은 지금껏 자애로운 자연에 기대어 살아왔다네. 하지만 인간과 뱀파이어는 끊임없이 어머니의 대지를 오염시켜왔고 지금도 계속되고 있지. 더욱이 우리 은거지와 인접한 곳에 위치한 인간들의 공업시설이 언제 뱀파이어들에 의해 파괴되어 위협이 될지 알 수 없네. 당신이라면 그곳의 상황을 살펴봐 주실 수 있으리라 생각하네만. 실프의 불안정한 힘이 안 좋은 영향을 줄 수 있으니 실프의 힘은 잠시 봉인하는 것이 좋을 걸세.</Script>	\t\t<Script sender="Sioram">Our shunned people have lived until now by leaning on the kindness of nature. But humans and vampires have never stopped poisoning our mother earth, and they still do. What is more, there is no telling when the humans' industrial facility near our hidden home might be destroyed by the vampires and become a threat. I believe you could look into the situation there for us. The Sylph's unstable power could have a bad effect, so it would be best to seal away the Sylph's power for a while.</Script>
\t\t<CompleteMessage sender="시오람" target="656">아직까지는 큰 위협요소가 없다는 것은 다행스러운 일이군. 하지만 파괴적인 뱀파이어들이 그곳에 계속 출몰한다는 소식은 커다란 근심이 아닐 수 없지. 좀더 주의를 기울여야 할것이네.</CompleteMessage>	\t\t<CompleteMessage sender="Sioram" target="656">It is a relief that there is no great threat as yet. But news that destructive vampires keep appearing there cannot help but trouble me deeply. We must watch it more closely.</CompleteMessage>
\t\t\t<TouchWayPoint zoneid="32" x="15" y="185" type="673" dir="2" index="1">드로베타NW(15,185) 정찰</TouchWayPoint>	\t\t\t<TouchWayPoint zoneid="32" x="15" y="185" type="673" dir="2" index="1">Scout Drobeta NW (15,185)</TouchWayPoint>
\t\t<FailMessage sender="시오람" target="656">아… 당신의 정신에서 흐트러짐이 느껴지는군. 그 상태라면 이번 일은 처리가 곤란할 것 같네. 자신을 더 다스릴 줄 아는 것이 필요하다는 걸 앞으로는 잊지 말도록 하게. 자신을 다스리려면 자신을 알아야 하겠지… </FailMessage>	\t\t<FailMessage sender="Sioram" target="656">Ah... I sense disorder in your spirit. In that state, this task will be difficult to handle. From now on, do not forget that you must learn to master yourself. And to master yourself, you must first know yourself... </FailMessage>
\t\t\t<Killed num="1" index="1">수행 중 사망해서는 안 된다.</Killed>	\t\t\t<Killed num="1" index="1">Do not die during the task.</Killed>
\t\t\t<RideMotorcycle index="2">실프 사용 금지</RideMotorcycle>	\t\t\t<RideMotorcycle index="2">The Sylph is forbidden</RideMotorcycle>
\t\t<Title>또 다른 동료</Title>	\t\t<Title>Another Companion</Title>
\t\t<Script sender="마네스쿠">더럽혀진 영혼을 가진 외부의 침입자들과는 달리 자연에 순응하는 생명들은 우리에게 힘을 빌려줄 것입니다. 불행히도 침입자들에 의해 그 수가 줄긴 했지만 아직까지도 살아남은 야생의 들개들이 조력자들을 기다리고 있습니다. 그들이 먹이감을 찾는 시간을 줄여준다면 그 시간동안 충실히 당신을 도울 것입니다.</Script>	\t\t<Script sender="Manescu">Unlike the outside invaders with their tainted souls, the living things that live in harmony with nature will lend us their strength. Sadly, the invaders have thinned their numbers, but the wild dogs that survive are still waiting for helpers. If you spare them the time they spend hunting for food, they will faithfully help you in that time.</Script>
\t\t<CompleteMessage sender="마네스쿠" target="655">그들 역시 자연에 순응하는 생명입니다. 당신은 조력자로서 그들의 능력을 키워주며 공존해야 할 것입니다. 당신을 따르는 존재라면 그 역시 카리사스님의 가호를 받을 것입니다.</CompleteMessage>	\t\t<CompleteMessage sender="Manescu" target="655">They too are living things in harmony with nature. As their helper, you must nurture their abilities and live alongside them. Whatever follows you will also receive Lady Carissas' protection.</CompleteMessage>
\t\t<FailMessage sender="마네스쿠" target="655">자연은 억지로 다스려지는 것이 아닙니다. 힘으로 모든 것을 얻고자 한다면 뱀파이어와 다를 것이 없겠죠. 우리에게 있어서 자연과 친해지는 것은 무엇보다 중요한 일입니다. 이번에는 실패했지만 서서히 나아지는 모습을 보여주시기 바랍니다.</FailMessage>	\t\t<FailMessage sender="Manescu" target="655">Nature is not something to be ruled by force. If you seek to take everything by strength, you are no different from the vampires. For us, growing close to nature matters more than anything. You failed this time, but I hope to see you improve little by little.</FailMessage>
운영자	GM
초보존 깃발 전쟁이 시작되었습니다.	The Beginner Zone Capture the Flag war has begun.
초보존 깃발 전쟁이 시작되었습니다. 초보유저 전용존인 테메리에 성지에서 한시간동안 초보전쟁이 진행될 예정입니다. 초보존 깃발전쟁에서 승리한 종족은 쟁취한 깃발 개수 만큼 젬스톤을 얻을 수 있습니다.\\n\\n전쟁에 참여하시겠습니까?	The Beginner Zone Capture the Flag war has begun. The beginners' war will be held for one hour in Temerie Holy Land, the zone reserved for beginners. The race that wins the Beginner Zone Capture the Flag war will receive one Gemstone for each flag it captured.\\n\\nWill you join the war?
긴급상황입니다. 여러분들의 도움이 필요합니다.	This is an emergency. We need your help.
긴급 상황이다. 빠른 지원이 필요하다.	We have an emergency. Reinforcements are needed at once.
지금 당장 칼리고 던전으로 모여라. 	Gather in the Caligo Dungeon at once.
지금 당장 칼리고 던전으로 모여라.	Gather in the Caligo Dungeon at once.
일족의 성전이 시작되었습니다. 	The holy war of our people has begun.
저는 아우스터즈 일족의 라비니아라고 합니다.\\n카리사스님의 명령의로 다시한번 이렇게 소환의 장을 보냅니다.\\n지금 무척 다급한 상황입니다. 한시의 여유도 없답니다.\\n카리사스님은 이 일을 우리 종족의 최 우선 문제로 생각하고 계십니다. 부디 여러분들께서도 카리사스님의 뜻을 잘 헤아리시고 행동해 주시기 바랍니다.\\n부디 생명과 자연의 정령들이 당신의 영혼에 깃들기를 기도합니다. 만약 잊고 있었다면 조속히 아담의 성지로 모이시기 바랍니다.	I am Lavinia of the Ousters.\\nBy Lady Carissas' command, I send you this summons once again.\\nThe situation is extremely urgent. There is not a moment to spare.\\nLady Carissas considers this matter the highest priority for our race. I beg you all to understand Lady Carissas' will and act on it.\\nI pray that the spirits of life and nature dwell in your soul. If you had forgotten, please gather in Adam's Holy Land without delay.
전쟁이 시작되었다. 어서 빨리 서두르게..	The war has begun. Hurry, get moving..
아담의 성지에서의 대규모 전쟁이 눈앞에 있는 이때 아직도 참전 하지 않았단 말인가? 자네는 E.V.E로써의 자부심도 없는 것인가? 전우들은 사력을 다하는 이때 그대는 무엇을 하고 있단 말인가? 지금이라도 빨리 참전하게! 이건 명령일쎄! \\n\\n전쟁에 참전할 용사들은 조속히 아담의 성지로 집결하기 바라네.\\n\\n부디 자네의 그 힘을 헛되이 쓰지 말게…	With a great battle about to erupt in Adam's Holy Land, you still have not joined the fight? Have you no pride as a member of EVE? While your comrades give it everything they have, what are you doing? Join the fight right now! That is an order! \\n\\nAll soldiers joining the battle are to assemble in Adam's Holy Land without delay.\\n\\nDo not let that strength of yours go to waste...
나의 부름을 거역하려는가?	Would you defy my call?
나는 모든 뱀파이어의 어머니인 릴리스다…\\n내가 죽기 전에 나의 가죽을 뜯어 남긴 피의 성서를 빨리 하나로 모아 13번째 피의 성서가 남겨진 장소를 찾아야 할 이 순간에 아직도 한가로히 인간의 피나 빨고 있을 시간이 있다고 생각하는가?...\\n\\n나의 아들 딸들아. 피의 자식들아…\\n어서… 어서 빨리 아담의 성지로 오라… 성서를 찾으라…	I am Lilith, mother of all vampires...\\nBefore I died I tore off my own skin and left behind the Blood Bibles. Now is the moment to gather them into one and find the place where the 13th Blood Bible was left. Do you think you still have time to idle about sucking human blood?...\\n\\nMy sons and daughters. Children of blood...\\nCome... Come quickly to Adam's Holy Land... Find the Bible...
생명과 자연의 정령이 내린 축복이 그대를 이곳으로 이끌었다는 사실을 명심하십시오.\\n지금 아담의 성지는 뱀파이어와 인간들의 욕망에 더럽혀지고 있습니다. 아담의 성지를 수호하는 우리들은 이로 인해 500년의 긴 잠에서 눈을 뜨게 되었습니다. 따라서 우리들은 사명을 띄고 아담의 성지를 지키기위한 힘이 필요한 것입니다. 걱정할 것은 없습니다. 우리에게는 거룩한 자연의 영이 늘 함께 하고 있으니...\\n마을 안에는 지하동굴로 향하는 통로가 있습니다. 이곳은 침입자들을 막아낼 결계가 여러분을 지켜줄테니 안심하고 힘을 키워도 좋습니다.\\n흡영은 시체에서 EP를 회복시켜주며, HP회복아이템을 제조시켜주는 중요한 마법 중에 하나입니다. 정령의 기운을 빌리기 위해서는 반드시 EP가 필요하니 이를 숙지하기 바랍니다.\\n이해하셨다면 그대도 부디 우리 일족의 뜻에 동참하여 힘이 되어 주실 것이라 믿습니다.	Remember that it was the blessing of the spirits of life and nature that led you here.\\nAdam's Holy Land is now being defiled by the greed of vampires and humans. Because of this, we who guard Adam's Holy Land have awoken from a long sleep of 500 years. And so we bear a mission, and we need strength to protect Adam's Holy Land. There is nothing to fear. The holy spirit of nature is always with us...\\nInside the village there is a passage leading to an underground cave. There, a barrier that keeps out invaders will protect you, so you may build your strength in peace.\\nAbsorb Soul is one of our most important magics: it restores EP from corpses and lets you make HP recovery items. You will always need EP to borrow the power of the spirits, so keep this in mind.\\nIf you understand, I trust that you too will join the cause of our people and lend us your strength.
귀관의 EVE로의 입대를 환영한다.\\n사태가 매우 심각한 상황이라 특별한 훈련없이 귀관을 전장으로 곧장 투입하게 된 것에 대해서는 유감스럽게 생각하는 바이다.\\n하지만 이 야전사령부의 교관들을 통해 충분히 훈련을 거칠 수 있으니 걱정할 것은 없다.\\n우선 첨부된 명령서를 가지고 정보전략 담당관인 타냐를 찾아가도록. 경고하건대 단독행동은 절대 금물이다. 함부로 이 근방의 안전지대를 벗어났다가는 자신도 모르는 사이에 흡혈귀의 먹이 감으로 전락하게 될 것이다. \\n귀관은 타냐의 가상 훈련 시스템을 통해 뱀파이어를 상대할 수 있는 기본적인 능력을 배양시킬 수 있을 것이다. 타냐 앞의 포탈을 이용해도 상관은 없지만 가급적 교관의 설명을 숙지하길 권한다. 또 현 전시상황에 대한 자세한 내용은 카이저 교관을 통해 교육받을 수 있다.\\n귀관은 EVE의 정예군인임을 항시 잊지말고 규율과 명령에 따라 행동하기를 바란다.	Welcome to EVE.\\nThe situation is very serious, and we regret having to send you straight to the front without any special training.\\nHowever, you can receive thorough training from the instructors here at the Field Headquarters, so there is nothing to worry about.\\nFirst, take the attached orders and report to Tanya, our intelligence and strategy officer. Be warned: acting alone is strictly forbidden. Wander carelessly out of the safe zone around here and you will become prey for the bloodsuckers before you know it. \\nTanya's virtual training system will help you develop the basic skills needed to face vampires. You may use the portal in front of Tanya if you wish, but we recommend that you listen to the instructors' explanations first. Detailed information on the current state of the war is available from Instructor Kaiser.\\nNever forget that you are one of EVE's elite soldiers, and act in accordance with regulations and orders.
사랑스런 형제여, 나의 목소리가 들리는가. 그대에게 부여된 불사의 힘과 아름다운 육신이 느껴지는가. \\n나는 이 림보성의 주인 바토리라고 한다.\\n그대의 힘은 인간일때와는 비할바가 아니지만 아직 밉살스런 슬레이어를 상대하기에는 미약하기 그지없다. 따라서 나의 보호아래 붉은 피에 숨겨진 마력을 흡수하고 보다 강인한 육체와 마력을 가질 것을 기대한다. 성 안을 잘 살펴보면 지하로 향하는 통로를 발견할 수 있을 것이다. \\n지하 1층은 나의 힘으로 슬레이어의 침입을 막고 있다. 안심하고 이곳에서 자신의 힘을 키워가길 바란다.\\n흡혈은 상대의 체력이 아주 적게 남았을 때 할 수 있다. 그것은 너에게 보다 강인해지기 위한 에너지가 되며 또한 원기를 보충시켜줄 것이다. \\n마법을 익힐 능력이 되거든 브리콜라카스를 찾아가거라. 그는 너에게 새로운 힘을 부여할 것이다.\\n그럼 피의 서약을 통한 그대의 충성을 보여주기 바란다.	My beloved brother, can you hear my voice? Can you feel the power of immortality and the beautiful body that have been granted to you? \\nI am Bathory, mistress of this Limbo Castle.\\nYour power is beyond compare with what you had as a human, but it is still far too weak to face those detestable Slayers. So under my protection, I expect you to absorb the magic hidden in red blood and gain a stronger body and greater magic power. Search the castle carefully and you will find a passage leading underground. \\nOn the first underground floor, my power keeps the Slayers out. Rest assured, and build your strength there.\\nYou can use Blood Drain when your opponent's HP is very low. It becomes the energy you need to grow stronger, and it will also restore your vitality. \\nOnce you are able to learn magic, go to Vrykolakas. He will grant you new power.\\nNow, show me your loyalty through the oath of blood.
부족한 저장공간을 늘려주는 아이템으로 두꺼운 가죽으로 제작되어 내용물의 손상을 효과적으로 막을 수 있습니다. 8칸의 내부공간을 지니고 있으며 모든 종류의 아이템이 수납 가능합니다.	An item that expands your limited storage space. Made of thick leather, it effectively protects its contents from damage. It has 8 slots inside and can hold every kind of item.
보조 인벤토리 아이템으로 4X6칸의 아이템 창이 확장됩니다.	An auxiliary inventory item that expands the item window by 4x6 slots.
기존의 개조샷건들은 정확도가 향상되고 사용하기 편해진 반면, 대미지에 있어서는 많은 진전이 없었다. 이런 상태에서, 보다 파괴력이 강한 새로운 모델을 찾는 슬레이어들이 늘어나게 되자, 비교적 파괴력이 높은 것으로 알려진 샷건을 튜닝 업 한 모델이 AM-99 이다. 총 중량이 4KG에 달하게 되었지만, 파괴력과 명중률 만큼은 확실히 향상되었다.	Earlier modified shotguns had become more accurate and easier to use, but had made little progress in damage. As more and more Slayers went looking for a new model with greater destructive power, the AM-99 appeared: a tuned-up version of a shotgun already known for its relatively high firepower. Its total weight reached 4 kg, but its destructive power and accuracy were unquestionably improved.
대표적인 대인 지뢰인 AP-C1 가 해체된 상태. 반구 모양으로 굽은 철제 외관, 철제 다리, 다량의 쇠구슬, 무선 점화 장치로 구성된다.	The AP-C1, a typical anti-personnel mine, in dismantled form. It consists of a curved hemispherical steel casing, steel legs, a large quantity of steel balls and a wireless detonator.
가장 많이 사용되는 지뢰의 하나로, 평평한 바닥에 설치한 후 무선 점화장치로 발화하는 지뢰이다. 주로 군사지역 주변에 매설되며, 주로 접근 금지의 목적으로 사용된다. 지하에 매설하지 않고 지상에 세워서 사용하므로 폭발하면 많은 파편이 일시에 한쪽 방향으로 퍼지므로 매우 큰 살상효과를 얻는다.	One of the most widely used mines, set on flat ground and fired with a wireless detonator. It is usually laid around military zones, mainly to keep people out. Because it stands above ground instead of being buried, when it explodes a mass of fragments sprays out in one direction at once, making it extremely lethal.
건틀렛을 연상케하는 이 하드 너클 장갑은 화려한 외관과 함께 실용성이 겸비된 무기이다. 팔목까지 올라오는 보호대는 방어구로써의 역할을 한다기보다는 공격시 손목으로전해지는 충격을 완화시켜주어 상대에게 마음놓고 공격을 퍼부을 수 있도록 도와준다. 정교한 공격보다는 난타전의 위해 제작되어 시원한 타격감을 보장해준다.	Reminiscent of a gauntlet, this hard knuckle glove is a weapon that combines a showy look with practicality. The guard that reaches up to the wrist serves less as armor than as a cushion for the shock sent to the wrist when striking, letting the wearer rain blows on an opponent without holding back. Made for brawling rather than precise attacks, it guarantees a satisfying impact.
암흑의 거대한 뱀, 아페피를 숭배하던 이집트의 지하 조직에 의해 만들어진 팔찌로 감춰진 어둠의 힘을 이끌어내준다고 전해지고 있다. 이것을 착용하면 마치 살아 움직이는 뱀이라도 되는 양 스르르 팔뚝 위로 감겨오며, 이 팔찌를 착용했던 자리 위에는 뱀이 허물을 벗어놓은 듯한 자국이 남겨진다고 한다. 	A bracelet made by an Egyptian underground cult that worshipped Apep, the giant serpent of darkness; it is said to draw out hidden powers of darkness. When worn, it coils slowly up the forearm as if it were a living snake, and it is said to leave a mark where it was worn, like the skin a snake has shed.
AR(Assault Rifle) 계열의 모든 총에 쓰이는 20발들이 탄창이다. 	A 20-round magazine used by all AR (Assault Rifle) type guns.
AR(Assault Rifle) 계열의 모든 총에 쓰이는 40발들이 탄창이다.	A 40-round magazine used by all AR (Assault Rifle) type guns.
특전부대의 필수 장비로, 미군의 표준화기의 단축형 모델이다. 손잡이가 달려있던 상부에 스코프 등의 부가장비를 손쉽게 착탈 시킬 수 있도록 피카티니 레일 구조로 개조하였다. 따라서 규격에 맞는 장비라면 수초 이내에 착탈이 가능하다. 이것은 E.V.E에서 개량한 것으로 유탄발사기를 기본 장착하고 있으며, 여러 옵션을 탈착할 수 있다. ‘Firebug(방화범)’라는 이름이 잘 어울리는 쌍발식 모델이다.	Essential gear for special forces, this is a shortened model of the U.S. military's standard rifle. The top, where the carrying handle used to be, was converted to a Picatinny rail so that scopes and other accessories can be fitted and removed easily; any equipment built to the standard can be attached or detached within seconds. This version, improved by E.V.E, comes with a grenade launcher fitted as standard and accepts a range of detachable options. A twin-barrel model that lives up to the name 'Firebug'.
아이템의 종류와 단계가 동일한 아이템 두 개를 하나로 변환시켜주는 특수 기능을 지닌 인첸트 아이템입니다. 두 개의 아이템이 하나로 변환 될 때 이전 아이템의 옵션을 그대로 적용시켜 하나의 아이템에 두 개의 옵션이 붙게 됩니다. 액세서리 믹싱 포지로 인챈트 할 수 있는 아이템은 목걸이, 팔찌, 반지, 귀걸이, 비드, 정령석 아이템 입니다.	An enchant item with the special ability of turning two items of the same type and grade into one. When the two items become one, the options of the original items carry over unchanged, so the single item ends up with two options. Items that can be enchanted with an Accessory Mixing Forge are necklaces, bracelets, rings, earrings, Beads and spirit stones.
믹싱 포지 사용법- 믹싱 포지 아이템을 마우스 오른 클릭하여 믹싱 포지창을 활성화 시킨 후 믹스할 아이템을 마우스 오른 클릭으로 믹싱 포지창에 올려 놓은 후 확인을 눌러 아이템을 믹스 하면 됩니다.	How to use a Mixing Forge - Right-click the Mixing Forge item to open the Mixing Forge window, right-click the item you want to mix to place it in the Mixing Forge window, then click OK to mix the items.
퓨리타스 아이템은 레어 아이템의 옵션 중에 필요로 하지 않는 옵션을 제거해 주는 아이템 입니다. 액세서리 퓨리타스 아이템은 액세서리류 아이템에만 인챈트가 가능 합니다. 	A Puritas item removes unwanted options from a rare item. An Accessory Puritas can only be used to enchant accessory items.
Acer 가 해체된 상태. 납이 붙어 있는 원통형의 철제 외관과 뇌관, 안전핀 및 손잡이 등으로 구성되어 있으며,  그 외에도 쇠구슬, 신관 및 납선등 폭발과 파편 생성을 유도하는 물질들이 내장되어 있다. 	The Acer in dismantled form. It consists of a lead-lined cylindrical steel casing, a primer, a safety pin and a lever, and also contains steel balls, a fuse, lead wire and other materials that produce the explosion and the fragments.
흔히 군대에서 쓰이는 투척용 수류탄이다. 가장 일반적으로 사용되는 폭탄으로, 사용법 또한 안전핀만 제거하면 되므로 간단하나, 근거리 전투 이외에는 용도가 적다는 단점이 있다. 신관이 작동하여 2∼5초에 도화약(導火藥)이 타면 폭약에 점화된다. 살상력을 크게 하려면 안전핀 뽑고 손잡이를 튕겨 낸 2-3초 후에 던지면 공중 폭발로 인해 비산 각이 360도가 된다.	A hand grenade of the kind commonly used in the army. It is the most common type of bomb and simple to use, since you only need to pull the safety pin, but it has the drawback of being of little use outside close combat. Once the fuse is triggered, the delay charge burns for 2-5 seconds and then ignites the explosive. For maximum lethality, pull the pin, let the lever fly off and throw it 2-3 seconds later: it bursts in mid-air and scatters fragments through 360 degrees.
에시즈 네일의 가늘고 긴 날은 상대방의 두터운 장갑을 뚫고 신체에 깊숙이 파고 들어가기에 적합하다. 또한 크게 휘어진 구조는 공격받은 상대가 쉽사리 빠져나올 수 없게 하며 설령 힘으로 빠져 나온다 해도 신체의 일부가 뜯겨져 나가는 고통을 감수해야 한다. 하지만 일부에서는 이 무기가 과도한 출혈을 유도하기 때문에 실제로 맛 볼 피의 양이 적어진다고 불만을 토로하기도 한다.	The long, slender blades of the Acies Nail are well suited to punching through an opponent's thick armor and sinking deep into the body. Their sharp curve also makes it hard for a victim to pull free, and anyone who does wrench himself loose must endure the pain of having part of his body torn away. Some complain, however, that the weapon causes so much bleeding that less blood is left to actually taste.
고무와 가죽의 합성으로 만들어진 기본적인 장갑의 마디마디에 철재를 박아 넣었다. 사용하기 편리하며, 날카롭게 제작된 장갑 겉의 철재로 상대방에게 큰 상처를 줄 수도 있다. 쉽게 이용할 수 있어 많은 슬레이어들이 사용한다.	A basic glove made of a rubber and leather composite, with steel set into every knuckle. It is easy to use, and the sharp steel on the outside of the glove can inflict serious wounds on an opponent. Being so easy to use, it is popular with many Slayers.
순결한 피만을 모아 특별 제작된 혈청으로 부족한 피를 빠른 속도로 회복시켜 준다.	A Serum specially made from nothing but pure blood. It quickly restores lost blood.
고대 인도의 태양신 수리야를 나타내는 챠크람이다. 수리야는 태양을 신격화한 신으로 인도의 고대시기인 베다시대와 브라흐마나 시대에는 한때 힌두교에서 가장 위대한 신들로 여겨지는 비쉬누, 쉬바 못지않게 높은 지위의 신이었으나 현대의 힌두교에서는 그 영향력이 현저하게 약화된 신이다. 하지만 많은 고대 유물들 속에 수리야의 모습이 남아있으며, 한때 수리야를 모셨던 사원들도 상당수 존재하고 있다. 수리야는 암흑을 물리치고 사람들을 잠에서 깨워 활동하게 하며, 모든 신의 눈으로서 이승에 사는 생물의 행동을 감시하는 신이기도 하다. 즉 태양 신 수리야의 상징은 사람들로 하여금 아침에 눈을 뜨고 활기찬 하루를 보내게 만들어주는 상징인 것이다.	A Chakram representing Surya, the sun god of ancient India. Surya is the deified sun; in the Vedic and Brahmana periods of ancient India he once held a rank as high as Vishnu and Shiva, regarded as the greatest gods of Hinduism, but his influence has waned markedly in modern Hinduism. Even so, Surya's image survives on many ancient relics, and a good number of temples once dedicated to him still stand. Surya drives away the darkness, wakes people from sleep and sets them to work, and as the eye of all the gods he watches over the deeds of every living thing in this world. In short, the symbol of the sun god Surya is one that makes people open their eyes in the morning and spend a lively day.
카스탈로 고원지대에 서생하는 아라파 벌레는 짙푸른 보석을 만들어낸다고 하여 허영 벌레라고도 물린다. 1령이 지날때마다 1개의 짙푸른 보석을 뱉어낸다. 이들은 일반적으로 애벌레 상태에서만 12년 이상 자란 후 번데기로 되는데, 아우스터즈는 죽은 자의 영혼을 매개체로 순식간에 번데기 상태로 성장시킬 수 있다고 한다. 이들의 번데기는 잃어버린 육체의 활력을 되찾게해주는 힘을 가지고 있다고 전해진다.	The Arapa worm, which lives in the Castalo highlands, is also called the vanity worm because it produces deep blue gems. It spits out one deep blue gem each time it passes an instar. These worms normally grow as larvae for more than 12 years before pupating, but it is said the Ousters can use the souls of the dead as a medium to bring them to the pupal stage in an instant. Their pupae are said to hold the power to restore lost bodily vigor.
라비니아의 희생을 안타까워한 이들은 카리사스의 영혼을 담을 인형인 메이구를 만들어내기 위한 연구를 거듭하고 있었다. 그 과정에서 영혼 자체는 불가능하지만 그 영 에너지만은 담아낼 수 있는 자그마한 목각인형을 완성할 수 있었다. 이는 비록 실패작이기는 했지만 메이구를 만들어낼 과정의 산물로 의미는 충분했다. 또한 아우스터즈들은 이 메이를 활용하여 마력의 근원이 되는 영혼 에너지를 저장할 도구로 사용하기 시작했다.	Those who grieved over Lavinia's sacrifice kept up their research into making a Meigu, a doll to house the soul of Carissas. Along the way they managed to complete a small wooden doll that could hold not the soul itself, but at least its spiritual energy. Though a failure, it was meaningful enough as a by-product of the work toward the Meigu. The Ousters then began to use this Mei as a vessel for storing soul energy, the source of their magic.
카스탈로 고원지대에 서생하는 아라파 벌레는 짙푸른 보석을 만들어낸다고 하여 허영 벌레라고도 물린다. 1령이 지날때마다 1개의 짙푸른 보석을 뱉어낸다. 이들의 번데기는 잃어버린 육체의 활력을 되찾게해주는 힘을 가지고 있다고 전해진다. 아우스터즈는 이들과 교감하여 즉각적으로 상처를 치유받고 체력을 회복시킨다. 그들은 희생된 이 작은 영혼을 자신의 영혼 속에 영원히 각인시킨다.	The Arapa worm, which lives in the Castalo highlands, is also called the vanity worm because it produces deep blue gems. It spits out one deep blue gem each time it passes an instar. Their pupae are said to hold the power to restore lost bodily vigor. By communing with them, the Ousters instantly heal their wounds and recover their strength. They engrave these small sacrificed souls into their own souls forever.
인프라레드 헬멧의 다이나믹 디자인에 방어력을 강화하기 위해 첨단 합성 플라스틱을 사용하여 제작이 되었다. 여기에 ATS(Auto Targeting System)의 첨단 기술을 가미하여 태어났다. (auto targeting system은 센서에 의해 자동으로 표적을 감지하는 기능이다.)	Built on the dynamic design of the Infrared Helmet, using advanced synthetic plastic to strengthen its defense. The cutting-edge technology of ATS (Auto Targeting System) was then added. (The Auto Targeting System is a function that detects targets automatically by sensor.)
헬멧의 눈쪽에 달려 있는 작은 창에 표적의 수치와 크기,종류에 대한 대략적인 자료가 뜨도록 제작되었다. 휴대성과 방어력, 충격 흡수력, 내구성 모두 만족할 만한 수준의 헬멧이다.	A small window over the eyes displays rough data on the target's readings, size and type. A helmet that is satisfactory in every respect: portability, defense, shock absorption and durability.
다색성(多色成)과는 전혀 다른 특징 알렉산드라이트가 크리소베릴의 변종이란 것. 이 보석은 빛에 따라 색깔이 달라지는 것에서 흥취의 깊이를 더해준다. 크리소베릴에 속하는 보석 중에서 가장 값비싼 것이 이 알렉산드라이트이다. 낮의 자연광(自然光)에서는 암록색으로 밤의 전등 빛 아래에선 빨간색으로 변하는 변색성(變色性)에 희소 가치가 있다. 황제의 이름을 따서 이름진 알렉산드라이트는 그 수가 극히 적은 보석으로 미국이나 유럽의 보석성에서도 별로 나돌지 않는다. 알렉산드라이트는 1831년, 소련의 우랄 산중에 있는 에메랄드 광산에서 발견 되었다. 주산지는 그 발견장소인 소련의 우랄 산맥의 땅인데 스리랑카에서도 양질의 것이 많이 산출되며, 희귀성이 높은 만큼 가지고 있는 자의 부와 명예를 나타내어 주는 보석이다.	Quite apart from ordinary pleochroism, the defining trait of alexandrite is that it is a variety of chrysoberyl. The way its color changes with the light adds depth to its charm. Of all the chrysoberyl gems, alexandrite is the most expensive. Its rarity lies in its color change: dark green in natural daylight, red under lamplight at night. Named after an emperor, alexandrite is extremely scarce and seldom appears even in the jewelers of America and Europe. It was discovered in 1831 at an emerald mine in the Ural Mountains of Russia. Its main source is still the Urals where it was found, though Sri Lanka also produces much fine material, and being so rare, it is a gem that proclaims the wealth and honor of its owner.
뱀파이어 특유의 고혹적인 매력은 이미 그들의 강력한 무기로 인정받는 것이다. 특히 여자 뱀파이어들의 매력은 적들의 경계심마저 허물어버리곤 한다. 새롭게 태어난 젊은 뱀파이어들은 이를 효과적으로 활용할 아름다운 의상을 원했다. 가죽을 얇게 재단해 겹겹이 재봉했기 때문에 은탄과 검의 공격을 효과적으로 막을 수 있기도 하다. 하지만 마스터들은 이 의상이 천박하다며 경시하기 때문에 마스터의 총애를 받고 싶은 자들은 쉽사리 선택하지 못한다.	The bewitching allure of Vampires is already recognized as one of their most powerful weapons. The charm of female Vampires in particular can break down even an enemy's guard. The newly born young Vampires wanted beautiful garments that would make the most of it. Because thin-cut leather is stitched in many layers, it also effectively stops attacks from silver bullets and swords. The Masters, however, look down on this garment as vulgar, so those who seek a Master's favor do not choose it lightly.
숲의 님프인 알세이데스(Alseies)는 몸놀림이 아주 민첩해서 큰장정들이 쫒아가도 절대로 잡을 수 없을 만큼 빠른 다리를 자랑한다. 알세이데스의 나뭇잎은 자신이 보내고자 하는 내용을 나뭇잎에 적어 바람의정령인 실프의 힘을 빌려 상대방에게 전달하는 정령들의 통신 수단이다. 이를 통하여 아우스터즈들은 이를 통하여 자신의 안부나 긴급한 지령들을 보내곤 한다.	The Alseides, nymphs of the forest, are so nimble that even strapping men could never catch them, so swift are their legs. The Alseides' leaf is a means of communication among spirits: one writes a message on the leaf and borrows the power of the Sylph, the spirit of the wind, to deliver it to the recipient. The Ousters use it to send news of their well-being or urgent orders.
알테나 리스틀릿(180)은 30등급 이후의 고등급 승직 아우스터즈가 사용할 수 있는 리스틀릿입니다. 이 아이템은 기존 승직 리스틀릿에 올드 드롭을 인첸트 함으로써 얻을 수 있습니다.	The Altena Wristlet (180) is a Wristlet for high-grade advanced Ousters of Advancement grade 30 and above. It can be obtained by enchanting an existing Advancement Wristlet with an Old Drop.
다른 상위 승직 아이템과 달리 히든 옵션 및 기본 옵션이 존재하지 않으나, 마법 데미지가 승직 1등급 리스틀릿보다 +10만큼 강력합니다.	Unlike other higher Advancement items, it has no hidden or basic options, but its magic damage is +10 stronger than that of the grade 1 Advancement Wristlet.
알테나 리스틀릿(195)은 45등급 이후의 고등급 승직 아우스터즈가 사용할 수 있는 리스틀릿입니다. 이 아이템은 기존 승직 리스틀릿에 올드 드롭을 인첸트 함으로써 얻을 수 있습니다.	The Altena Wristlet (195) is a Wristlet for high-grade advanced Ousters of Advancement grade 45 and above. It can be obtained by enchanting an existing Advancement Wristlet with an Old Drop.
다른 상위 승직 아이템과 달리 히든 옵션 및 기본 옵션이 존재하지 않으나, 마법 데미지가 승직 1등급 리스틀릿보다 +20만큼 강력합니다.	Unlike other higher Advancement items, it has no hidden or basic options, but its magic damage is +20 stronger than that of the grade 1 Advancement Wristlet.
알테나 리스틀릿(215)은 65등급 이후의 고등급 승직 아우스터즈가 사용할 수 있는 리스틀릿입니다. 이 아이템은 기존 승직 리스틀릿에 올드 드롭을 인첸트 함으로써 얻을 수 있습니다.	The Altena Wristlet (215) is a Wristlet for high-grade advanced Ousters of Advancement grade 65 and above. It can be obtained by enchanting an existing Advancement Wristlet with an Old Drop.
다른 상위 승직 아이템과 달리 히든 옵션 및 기본 옵션이 존재하지 않으나, 마법 데미지가 승직 1등급 리스틀릿보다 +30만큼 강력합니다.	Unlike other higher Advancement items, it has no hidden or basic options, but its magic damage is +30 stronger than that of the grade 1 Advancement Wristlet.
알테나 리스틀릿(230)은 80등급 이후의 고등급 승직 아우스터즈가 사용할 수 있는 리스틀릿입니다. 이 아이템은 기존 승직 리스틀릿에 올드 드롭을 인첸트 함으로써 얻을 수 있습니다.	The Altena Wristlet (230) is a Wristlet for high-grade advanced Ousters of Advancement grade 80 and above. It can be obtained by enchanting an existing Advancement Wristlet with an Old Drop.
다른 상위 승직 아이템과 달리 히든 옵션 및 기본 옵션이 존재하지 않으나, 마법 데미지가 승직 1등급 리스틀릿보다 +40만큼 강력합니다.	Unlike other higher Advancement items, it has no hidden or basic options, but its magic damage is +40 stronger than that of the grade 1 Advancement Wristlet.
알테나 리스틀릿(250)은 100등급 이후의 고등급 승직 아우스터즈가 사용할 수 있는 리스틀릿입니다. 이 아이템은 기존 승직 리스틀릿에 올드 드롭을 인첸트 함으로써 얻을 수 있습니다.	The Altena Wristlet (250) is a Wristlet for high-grade advanced Ousters of Advancement grade 100 and above. It can be obtained by enchanting an existing Advancement Wristlet with an Old Drop.
다른 상위 승직 아이템과 달리 히든 옵션 및 기본 옵션이 존재하지 않으나, 마법 데미지가 승직 1등급 리스틀릿보다 +50만큼 강력합니다.	Unlike other higher Advancement items, it has no hidden or basic options, but its magic damage is +50 stronger than that of the grade 1 Advancement Wristlet.
파프니르의 마력이 응축된 결정체로 호박의 형태로 존재한다. 이것을 소유한 자를 주인으로 인정하는 전설의 보물이다.	A crystal of Fafnir's condensed magic power, in the form of amber. A legendary treasure that recognizes whoever possesses it as its master.
프라오로스의 마력이 응축된 결정체로 호박의 형태로 존재한다. 이것을 소유한 자를 주인으로 인정하는 전설의 보물이다.	A crystal of Praoroth's condensed magic power, in the form of amber. A legendary treasure that recognizes whoever possesses it as its master.
이모르탈러티의 마력이 응축된 결정체로 호박의 형태로 존재한다. 이것을 소유한 자를 주인으로 인정하는 전설의 보물이다.	A crystal of Immortality's condensed magic power, in the form of amber. A legendary treasure that recognizes whoever possesses it as its master.
피스케이트의 마력이 응축된 결정체로 호박의 형태로 존재한다. 이것을 소유한 자를 주인으로 인정하는 전설의 보물이다.	A crystal of Pisceate's condensed magic power, in the form of amber. A legendary treasure that recognizes whoever possesses it as its master.
미네센스의 마력이 응축된 결정체로 호박의 형태로 존재한다. 이것을 소유한 자를 주인으로 인정하는 전설의 보물이다.	A crystal of Minesense's condensed magic power, in the form of amber. A legendary treasure that recognizes whoever possesses it as its master.
아리오크의 마력이 응축된 결정체로 호박의 형태로 존재한다. 이것을 소유한 자를 주인으로 인정하는 전설의 보물이다.	A crystal of Arioch's condensed magic power, in the form of amber. A legendary treasure that recognizes whoever possesses it as its master.
이집트 카르낙 부근에서 발견된 유물로 죽은 자의 심장을 집어 삼켜 지옥으로 인도하는 괴수 아메메트의 발톱이라는 이름이 붙어있다. 이름의 유래처럼 피살자가 미처 고통을 느끼기도 전에 심장을 끄집어낼 수 있을 정도의 날카로운 칼날이 다섯개나 붙어 있다. 이 섬뜩해보이는 무기는 뱀파이어 마스터 사이에서도 최고의 무기로 칭송받고 있다.	A relic found near Karnak in Egypt, named after the claw of Amemet, the monster that devours the hearts of the dead and leads them to hell. True to its name, it bears five blades sharp enough to tear out a victim's heart before he can even feel the pain. This fearsome-looking weapon is praised as the finest of all weapons even among the Vampire Masters.
레메게톤에 나오는 72명의 악마 중 하나인 아몬의 발톱으로 만든 건틀릿이다. 아몬은 올빼미의 머리에 늑대의 몸, 뱀의 꼬리를 한 지옥의 악마로 원래 이집트의 신이었던 아몬이 중세 악마학에 빠져서 악마로 된 존재이다. 그의 강인한 늑대의 발톱으로 만든 건틀릿은 과거부터 강자만이 소유할 수 있는 전리품으로 이름 높은 희귀한 것이므로, 갖고 있는자는 극소수라고 한다. 	A gauntlet made from the claws of Amon, one of the 72 demons of the Lemegeton. Amon is a demon of hell with the head of an owl, the body of a wolf and the tail of a serpent; originally the Egyptian god Amun, he became a demon through medieval demonology. Gauntlets made from his mighty wolf's claws have long been famed as rare trophies that only the strong could own, and it is said that very few people have one.
가운데 둥근 원 모양을 왼쪽과 오른쪽의 두 마리 뱀이 감싸고 있으며, 두 마리의 뱀이 만나는 가운데에는 해골이 있는 팬던트이다. 여기서 두 마리의 뱀은 궁극적으로 통합되는 이원적인 대립 물인 치료와 독, 질병과 건강을 의미하며, 우주에 존재하는 두 가지 힘의 상호보완적 성격을 나타낸다고도 한다. 가운데 원안에는 이집트 고대 문자가 적혀있는 원이 하나가 또 있으며, 원 안의 7각형의 도형의 끝은 각각의 7가지 죄악과 연관되어 있다고 한다. 이 팬턴트는 고대 이집트 제사장의 지팡이 모양을 닮았다.	A Pendant in which two serpents, left and right, encircle a round disc, with a skull in the center where the two serpents meet. The two serpents stand for dualistic opposites that are ultimately united, healing and poison, sickness and health, and are also said to represent the complementary nature of the two forces in the universe. Inside the central disc is another circle inscribed with ancient Egyptian script, and each point of the heptagon inside it is said to be linked to one of the seven deadly sins. The Pendant resembles the staff of an ancient Egyptian high priest.
동양 고서와 마찬가지로 서양의 지혜와 기술을 배울 수 있으며, 현존하는 뱀파이어의 시초에 관한 글들이 적혀 있다. 오랜 세월을 견뎌 온 것이므로 조심해서 다루어야 한다.	Like the ancient books of the East, it teaches the wisdom and skills of the West, and it contains writings on the origins of the Vampires who exist today. It has survived long ages, so handle it with care.
아우스터즈 퀘스트에 사용되는 아이템으로써 12개의 조각을 조합하여 고대 문헌 원본 아이템으로 완성 시키는 조합용 아이템이다. 	An item used in an Ousters quest: a combination item whose 12 pieces must be put together to complete the original Ancient Document.
아우스터즈 퀘스트에 사용되는 아이템으로서 아우스터즈 종족이 활동했던 시대에 사용된 지도이다. 고대 지도 아이템을 퀘스트를 받은 NPC에게 가져가서 아우스터즈 종족의 중요거점을 확인 해야 한다. 	An item used in an Ousters quest: a map from the era when the Ousters race was active. Take the Ancient Map item to the NPC who gave you the quest to confirm the key strongholds of the Ousters race.
모터사이클 "엔젤 윙(Angel Wing)"의 열쇠이다.	The key to the Motorcycle "Angel Wing".
앵글 커터(180)는 30등급 이상의 슬레이어가 사용할 수 있는 도입니다. 이 아이템은 기존 승직 도에 올드 드롭을 인첸트 함으로써 얻을 수 있습니다.	The Angle Cutter (180) is a Blade usable by Slayers of Advancement grade 30 and above. It can be obtained by enchanting an existing Advancement Blade with an Old Drop.
앵글 커터(195)는 45등급 이상의 슬레이어가 사용할 수 있는 도입니다. 이 아이템은 기존 승직 도에 올드 드롭을 인첸트 함으로써 얻을 수 있습니다.	The Angle Cutter (195) is a Blade usable by Slayers of Advancement grade 45 and above. It can be obtained by enchanting an existing Advancement Blade with an Old Drop.
앵글 커터(215)는 65등급 이상의 슬레이어가 사용할 수 있는 도입니다. 이 아이템은 기존 승직 도에 올드 드롭을 인첸트 함으로써 얻을 수 있습니다.	The Angle Cutter (215) is a Blade usable by Slayers of Advancement grade 65 and above. It can be obtained by enchanting an existing Advancement Blade with an Old Drop.
앵글 커터(230)는 80등급 이상의 슬레이어가 사용할 수 있는 도입니다. 이 아이템은 기존 승직 도에 올드 드롭을 인첸트 함으로써 얻을 수 있습니다.	The Angle Cutter (230) is a Blade usable by Slayers of Advancement grade 80 and above. It can be obtained by enchanting an existing Advancement Blade with an Old Drop.
앵글 커터(250)는 100등급 이상의 슬레이어가 사용할 수 있는 도입니다. 이 아이템은 기존 승직 도에 올드 드롭을 인첸트 함으로써 얻을 수 있습니다.	The Angle Cutter (250) is a Blade usable by Slayers of Advancement grade 100 and above. It can be obtained by enchanting an existing Advancement Blade with an Old Drop.
이 챠크람은 블랙 풀릿(Black Pulle)이라는 19세기 경에 프랑스 지방에서 만들어진 흑마술 계열의 마법서의 부적의 모습에서 나온 것이다. 블랙 풀릿에 따르면 이 부적은 저승의 악마들에 대한 지식을 전해주어서 그들의 계획을 막을 수 있게 해준다. 이 블랙 풀릿 마법서의 중심내용은 여러 가지 목적을 이루기 위해서 각각의 경우에 사용되는 부적을 설명하는 것이다. 총 22개의 부적이 나오는데, 이 부적들은 다른 고대의 마법서 들에서는 나오지 않는 독창적인 것들이며, 아마도 이 책의 저자에 의해 만들어진 것으로 보인다. 이 부적들을 사용하는 방법은 특정한 주문을 외우면서 동시에 이 부적을 만지거나 혹은 몸에 부착하는 식인데 각각의 부적마다 사용 방법이 다르다고 한다. 위의 부적의 경우, 위급 시에 자신의 손에 쥐고 있어야 함으로 손에 항시 쥐고 있는 챠크람에 적합한 부적이라 할 수 있다.	This Chakram takes its form from a talisman in the Black Pullet, a grimoire of black magic written in France around the 19th century. According to the Black Pullet, this talisman imparts knowledge of the demons of the underworld so that one can thwart their plans. The heart of the Black Pullet is its description of talismans, each used for a particular purpose. It presents 22 talismans in all; they appear in no other ancient grimoire and are wholly original, probably created by the book's author. They are used by reciting a particular incantation while touching the talisman or wearing it on the body, and each talisman is said to be used differently. The talisman in question must be held in the hand in times of danger, which makes it a fitting talisman for a Chakram, always held in the hand.
앵크 문양이 전면에 새겨진 반지이다. 앵크는 이집트에서 사용한 십자가로, 카톨릭에서 사용하는 십자가와는 조금 다른 점이 있는데 십자가의 머리 쪽이 둥글다는 점이다. 이 앵크는 영생을 뜻하며, 세로축은 valley, 가로축은 desert, 상단에 위치한 원 가운데 하단 반원은 delta, 상단에 위치한 원 가운데 상단 반원은 mediterrean sea이며, 현재의 십자가 모양이 이 앵크 문양에서 유래되었다고 한다.	A ring with an ankh engraved on its face. The ankh is the cross used in Egypt; it differs slightly from the Catholic cross in that the head of the cross is rounded. The ankh signifies eternal life; its vertical axis is the valley, its horizontal axis the desert, the lower half of the circle at the top the delta, and the upper half of that circle the Mediterranean Sea, and today's cross is said to derive from the ankh.
또한 앵크는 우주, 인간과 신 둘 다를 포함한 모든 생명체, 신비와 숨겨진 지혜를 밝혀내는 지식의 열쇠, 힘, 권위, 서약을 뜻한다. 앵크의 형상은 신 오시리스를 나타내는 남성 상징과 여신 이시스의 여성상징이 결합된 모양이며, 두 가지 생성 원리인 하늘과 대지의 결합을 나타낸다. 또한 앵크는 불사, 내세, 미래를 상징하기도 한다. 일설에는 앵크가 <생명의 나무> 형태로 타원부분은 영원, 십자는 종횡으로의 확장, 즉 시간과 공간의 무한성을 나타낸다고 한다.	The ankh also stands for the universe; for all living things, both human and divine; for the key of knowledge that reveals mysteries and hidden wisdom; and for power, authority and oaths. Its form joins the male symbol of the god Osiris with the female symbol of the goddess Isis, representing the union of the two generative principles, heaven and earth. The ankh also symbolizes immortality, the afterlife and the future. One theory holds that the ankh takes the form of the 'Tree of Life', its oval standing for eternity and its cross for expansion in every direction, that is, the infinity of time and space.
AnkleKiller 가 해체된 상태. 플라스틱으로 된 원통 외관에 다량의 C4 를 넣어 사용한다. 그 외에도 폭발을 유도하는 쇠구슬 및 신관 등 여러 물질들이 들어가며, 발목 높이 정도에 부착되는 스트링으로 구성된다.	The Ankle Killer in dismantled form. A plastic cylindrical casing is filled with a large amount of C4. It also holds steel balls, a fuse and other materials that set off the explosion, plus a string that is attached at about ankle height.
가장 기본적인 형태의 지뢰이다. 플라스틱의 원통 외관에 다량의 C4를 함유하고 있으며 발목 부분에 있는 스트링에 사물이 걸리면 반동으로 움직이게 된다. 이 움직인 스트링이 제자리로 돌아오게 되면 하단의 신관을 건드리게 되어 폭발을 유도한다.	The most basic type of mine. Its plastic cylindrical casing contains a large amount of C4, and when something catches the string at ankle height, the string is pulled out of place. When it springs back into position it strikes the fuse at the bottom, setting off the explosion.
해골로 만들어진 십자가이다. 카톨릭에서 쓰이는 십자가의 반대형식이라고 생각하면 될 것이다. 해골을 꿰어서 만든 십자가 팬던트로, bone의 의미는 불멸의 생명원리, 본질, 부활과 동시에 죽음과 모든 생명의 덧없음을 나타낸다. 뼈를 부수는 것은 부활을 방해하는 것으로 생각되기도 한다.	A cross made of skulls, best thought of as the inverse of the cross used in the Catholic Church. It is a cross pendant made by stringing skulls together; bone signifies the undying principle of life, essence and resurrection, and at the same time death and the transience of all life. Breaking bones was also thought to prevent resurrection.
고무재질로 제작된 여자 뱀파이어용 슈트이다. 전신을 보호하는 방어구로서의 역할을 제대로 한다는 평이 있을 정도로 높은 방어력을 자랑한다. 고무로 제작되어 뱀파이어에게 치명적이라는 은으로 처리된 무기에도 그다지 큰 영향을 받지는 않는다고 한다. 자신의 마법을 부여하여 개인적인 취향을 드러낼 수도 있는 이 슈트는 강한 뱀파이어들 사이에서 애용된다.	A rubber suit for female Vampires. It boasts defense so high that it is said to truly work as full-body armor. Being made of rubber, it is said to be little affected even by silver-treated weapons, which are deadly to Vampires. This suit, which the wearer can imbue with her own magic to express personal taste, is a favorite among powerful Vampires.
특수 강철사와 가죽으로 만들어진 이 코트는 뱀파이어들 사이에서 최고의 코트로 인정 받고 있다. 전신을 감싸는 형태의 코트로, 대 슬레이어와의 전투에서도 최고의 방어력 및 내구성을 자랑한다. 강한 뱀파이어들을 위한 특권이라고 칭해질 정도로, 강한 마법력을 지닌 코트이어서 섣불리 어린 뱀파이어들은 착용할 수 없다고 한다. 중량감을 느낄 수 있는 소재임에도 불구하고 가볍고 활동하기 편한 장점을 꼽을 수 있다.	Made of special steel wire and leather, this Coat is recognized among Vampires as the finest of Coats. It wraps the whole body and offers the best defense and durability even in battle against Slayers. Its magic is so strong that it is called the privilege of powerful Vampires, and young Vampires are said to be unable to wear it lightly. Although the material feels weighty, its strengths are that it is light and easy to move in.
태양과 정반대 위치의 구름, 안개에 나타나는 광 점을 상징하는 반지로, 뱀파이어가 태양의 힘 앞에 견딜 수 있는 힘을 가졌다. 개기일식때에 태양이 달에 의해 완전히 가려지게 되어 '다이아몬드 링'이 만들어 진다고 하는데, 그때 생기는 모양이 이 반지의 모양과 같게 되며 어둠의 힘으로 인해 뱀파이어의 힘이 최대가 된다. (개기일식때 태양과 달의 거리에 따라 달라지지만) 개기일식이 절정으로 보이는 최대 8분 정도의 짧은 시간동안에 사용자의 힘은 커진다 (어두워지는 것은 약 한 시간정도) 약 18년을 나타내는 1 사로스 주기동안 일식은 41회가 나타나는데, 그 중 10회의 개기일식때에 뱀파이어는 가장 큰 힘을 가질 수 있다고 한다.	A ring symbolizing the point of light that appears in clouds or mist directly opposite the sun, it gives a Vampire the strength to endure the power of the sun. During a total solar eclipse, when the moon completely covers the sun, a 'diamond ring' is said to form; the shape it makes matches that of this ring, and the power of darkness brings a Vampire's strength to its peak. (Depending on the distance between the sun and the moon during the eclipse) the wearer's power grows for the brief moment of up to about 8 minutes when totality is at its height (the darkness itself lasts about an hour). In one saros cycle of roughly 18 years, 41 solar eclipses occur, and during the 10 total eclipses among them Vampires are said to wield their greatest power.
클로스 아마의 일종으로 천으로 만들어진 갑옷의 일종으로 시대에 따라 종류가 다양하기 때문에 천으로 만든 갑옷을 아우르는 명칭이며 솜을 넣어 퀼팅한 것인데, 시대를 불문하고 오랫동안 사랑을 받았다. 이 형태의 갑옷이 효과가 컸던 것은 아니지만 타격무기 등의 충격을 완화해주는 데 충분한 효력을 발휘했다. 이러한 아퀘튼을 코트와 결합한 형태로, 가볍고 활동성 높이며, 타격감을 막아주는 효과적인 코트의 모습으로 재탄생 되었다. 	Cloth armor is armor made of fabric; since its forms varied so much through the ages, the name covers all armor made of cloth. It is quilted with cotton padding and remained popular for a long time regardless of the era. This type of armor was not especially effective, but it did a good enough job of softening the impact of blunt weapons and the like. Combining this aketon with a coat has given rebirth to an effective Coat that is light, allows great freedom of movement and blunts the force of blows.
대주교의 성력과 축복을 받은 메이스, 에슬라니아에 파견된 성직자 중 몇 안 되는 사람들만이 메이스에 축복을 더 할 수 있다. 아크비숍 메이스는 고급 기술을 수련한 성직자 슬레이어 들에게 주어지며 이 메이스에 축복을 받기 위해서는 자신만의 메이스를 직접 가공해서 "고난의 길"을 지난 다음 받을 수 있다.	A Mace bearing an archbishop's holy power and blessing; only a handful of the clergy sent to Eslania can add their blessing to a Mace. The Archbishop Mace is given to priest Slayers who have trained in advanced techniques, and to receive its blessing one must craft one's own Mace by hand and pass through the "Path of Trials".
모든 뱀파이어의 어머니인 릴리스가 죽으며 남긴 열세장의 문서로 그 안에는 마력과 뱀파이어의 계율이 적혀져 있다. 이 문서는 열두 명의 뱀파이어 마스터들에게 대대로 전해져 왔으며, 12장의 성서조각을 모두 모으면 13번째 피의 성서가 남겨진 장소를 알 수 있다고 한다. 최후의 성서까지 손에 넣게 되면 불멸의 마법과 영생의 비밀에 범접할 수 있다고 전해진다.	Thirteen pages left by Lilith, mother of all Vampires, at her death, setting down magic power and the laws of the Vampires. They have been handed down through the generations to the twelve Vampire Masters, and it is said that gathering all 12 Bible fragments reveals where the 13th, the Blood Bible, was left. Whoever obtains that final Bible is said to come close to the magic of immortality and the secret of eternal life.
아이템의 종류와 단계가 동일한 아이템 두 개를 하나로 변환시켜주는 특수 기능을 지닌 인첸트 아이템입니다. 두 개의 아이템이 하나로 변환 될 때 이전 아이템의 옵션을 그대로 적용시켜 하나의 아이템에 두 개의 옵션이 붙게 됩니다. 아머 믹싱 포지로 인챈트 할 수 있는 아이템은 갑옷 상의, 갑옷 하의, 장갑, 신발, 벨트, 방패, 코트, 서클릿, 밴드, 부츠 아이템 입니다.	An enchant item with the special ability of turning two items of the same type and grade into one. When the two items become one, the options of the original items carry over unchanged, so the single item ends up with two options. Items that can be enchanted with an Armor Mixing Forge are armor tops, armor bottoms, gloves, shoes, belts, shields, Coats, Circlets, bands and boots.
퓨리타스 아이템은 레어 아이템의 옵션 중에 필요로 하지 않는 옵션을 제거해 주는 아이템 입니다. 아머 퓨리타스 아이템은 아머류 아이템에만 인챈트가 가능 합니다. 	A Puritas item removes unwanted options from a rare item. An Armor Puritas can only be used to enchant armor items.
특이한 문양이 새겨져 있는 팔찌이다. 팔찌에 양각으로 그림을 새겨넣은 것으로, 창세 이전 빛의 종족과 어둠의 종족간의 전쟁을 그리고 있는데, 어둠의 종족이 빛의 종족을 이긴다는 주제이다. 이 팔찌의 그림을 자세히 보면, 전쟁의 시작과 끝을 알리는 '피의 의식'을 행하는 장면이 보인다. 여기서 사용한 의식의 제물은 음력 보름달이 뜨는 날에 받은 순수한 처녀의 피였으며, 처녀의 몸은 조각조각 내서 야생동물, 특히 늑대의 먹거리가 되었다는 이야기가 있다.	A bracelet engraved with an unusual pattern. The picture is carved in relief and depicts the war between the race of light and the race of darkness before the creation of the world, with the race of darkness defeating the race of light as its theme. Look closely and you can see a scene of the 'Blood Rite' that marks the beginning and end of the war. The offering in the rite was the pure blood of a virgin taken on the night of the full moon, and it is told that her body was cut to pieces and fed to wild animals, wolves above all.
뱀파이어의 몸은 그 자체로 마법력이 담긴 그릇이라 할 수 있다. 때문에 그들에게 있어서마법이란 자연스러운 행동의 결과물이라 할 수 있다. 이런 그들의 몸에 마법의 문장을 새기는 것은 더욱 강력한 마법을 구사할 수 있는 증폭제의 역할을 한다. 물론 강한 마력을 사용할 수 있는 만큼 더 많은 피를 소모하게 되기 때문에 일정 수준 이상의 능력을 갖추지 못한 경우 얼마 안가 온몸의 피가 말라버릴 수 있다는 점에 유의해야 한다.	A Vampire's body can be called a vessel that holds magic power in itself, so for them magic is simply the natural result of their actions. Engraving magic sigils onto such a body acts as an amplifier that allows even more powerful magic. Of course, wielding stronger magic power consumes more blood, so be careful: without a certain level of ability, all the blood in your body may soon run dry.
아스프는 생물을 잠들게 하는 불가사의한 눈빛을 지닌 코브라와 유사한 뱀의 일종이다. 어떤 생물이든 아스프를 보는 것만으로도 잠들어 버린다고 한다. 희귀한 뱀으로 이 뱀을 사냥 할 경우 그 눈으로 장신구를 만들면, 항시 맑은 정신을 유지하며, 몸에 활력이 넘친다고 한다.	The asp is a cobra-like snake with a mysterious gaze that puts living things to sleep. It is said any creature falls asleep merely by looking at an asp. It is a rare snake, and it is said that if you hunt one and make jewelry from its eyes, you will always stay clear-headed and your body will brim with vigor.
아스피스는 그리스의 도리스 지방이 기원인 원형 방패로 기원전7세기 이전으로 거슬러 올라갈 수 있다. 키프로스 섬에서 발견된 아스피스의 방패심은 원추형의 돌기이며 이것을 옴팔로스(omphalos)라고 한다. 방패의 크기는 다양했으며, 표면을 금으로 정교하게 도금하고 여러가지 무늬를 새겨넣은 후기의 것들은 현재도 남아 있어, 그 모양을 본타 방어와 공격을 동시에 할수 있는 형태로 변형되어 현재 사용되고 있다.	The aspis is a round shield that originated in the Doris region of Greece and dates back to before the 7th century BC. The boss of an aspis found on the island of Cyprus is a conical protrusion called the omphalos. The shields came in various sizes, and later examples, finely gilded and engraved with various patterns, survive today; modeled on them, the shield has been adapted into a form that allows both defense and attack, and is still in use.
군대의 정통 전투화로 군대에서 흔히 사용되던 군화이다. 군화의 초기모델로, 사용되었던 군화를 있는 그대로 E.V.E 내에서 제작했다. 이 부츠는 끈으로 묶어야 하는 불편함이 따른다. 부드러운 가죽을 사용한 기존의 레더부츠와는 재질만 다를뿐, 겉모양은 같다. 두터운 가죽을 사용해서 착용감이 불편하다는 단점은 있으나, 내구성과 방어면에서는 높다.	Genuine military combat boots, of the kind commonly used in the army. An early model of combat boot, made by E.V.E exactly as the originals were. They have the inconvenience of needing to be laced. They differ from the existing soft-leather boots only in material; the outside looks the same. The thick leather makes them uncomfortable to wear, but they are high in durability and protection.
17세기 프랑스 남부 어느 고성의 지하통로에서 다른 많은 보물과 함께 발견된 아름다운 귀걸이이다. 12개의 다이아몬드가 두줄로 빼곡히 박혀 있으며, 이 귀걸이를 손에 넣은 사람은 대개 10년을 넘기지 못하고 세상을 떴다고 한다. 이로 인해 이 귀걸이는 300년 동안 유럽 전역을 떠돌았고, 그 주인은 무려 50번 넘게 바뀌었다. 인간으로는 견뎌낼 수 없는 저주가 담긴 이 귀걸이는 결국 뱀파이어의 손에 들어가게 되었다. 	A beautiful earring found with many other treasures in an underground passage of an old castle in southern France in the 17th century. It is set with 12 diamonds packed in two rows, and it is said that most who came to own it died within 10 years. Because of this it drifted across Europe for 300 years, changing owners more than 50 times. Carrying a curse no human could endure, it finally fell into the hands of Vampires.
몸의 한계를 넘어선 자들이 산화할 때 남긴 기운은 특수하게 제작된 오오라 크리스탈에 저장할 수 있는데 이 기운은 다른사람이 사용할 경우 오라에 반영되어 나타난다고 한다.	The energy left behind when those who have surpassed the limits of the body perish can be stored in a specially made Aura Crystal, and when someone else uses it, that energy is said to show in their aura.
순 황금을 제련하여 만든 고급스럽고 튼튼한 팔찌이다. 중세의 성 기사단에서 사용하던 것이 전해져 내려온 것으로, 이것을 착용한 기사단이 전쟁에 나가기 전, 교황으로부터의 은총을 받고 출전했다고 한다. 중세시대부터 태양을 상징하는 황금으로 된 이 팔찌를 착용하면, 오러스 링과 마찬가지로 황금의 빛이 착용한 부분을 감싼다고 한다.	A luxurious, sturdy bracelet made of refined pure gold. Handed down from those used by a medieval order of holy knights, it is said that the knights who wore it received the Pope's grace before going to war. Made of gold, a symbol of the sun since the Middle Ages, this bracelet is said to wrap the part of the body it is worn on in golden light, just like the Aurous Ring.
황금 장식이 달린 목걸이이다. 오러스 링과 마찬가지로 100%순 황금으로 된 펜던트의 목걸이이다. 중세 성기사단이 사용했던 장신구 중 하나로, 착용하게 되면 앞에 말했던 두 가지와 같은 반응이 나타난다. 성스러운 펜던트이며, 펜던트의 문양은 성기사단의 방패에 새겨졌던 모양과 일치한다고 한다.	A necklace with a golden ornament. Like the Aurous Ring, it is a necklace whose Pendant is 100% pure gold. One of the ornaments used by a medieval order of holy knights; when worn, it produces the same effect as the other two. It is a holy Pendant, and its pattern is said to match the emblem once engraved on the knights' shields.
제 1의 100%순수 황금으로만 만들어져 있으며, 외관상으로는 평범한 반지이지만, 이 반지를 착용함과 동시에 착용한 부분이 은은한 황금 빛으로 싸이게 된다. 그 빛은 황금의 빛으로 가장 순수한 결정체이며 빛이 일어난 부분을 보호한다고 한다. 중세 성 기사단이 사용했던 장신구 중에 하나이다.	Made of nothing but the finest 100% pure gold, it looks like an ordinary ring, but the moment it is put on, the part of the body where it is worn is wrapped in a soft golden glow. That glow is the purest essence of golden light and is said to protect the part where it shines. One of the ornaments used by a medieval order of holy knights.
대각선 직선 10타일까지 레이저가 나가며 이 선을 건드리고 지나간 적들에게 대미지를 가하는 터렛으로 한번 가동되면 주변에 사정없이 발칸포를 발사한다.	A turret that fires lasers up to 10 tiles in straight diagonal lines, damaging any enemy that crosses them. Once activated, it fires its Vulcan cannon mercilessly at everything around it.
투척과 타격 무기이기에 챠크람의 본 기능에 대한 외형은 기본 모습이 한정 될 수 밖에 없자, 아우스터즈들은 다른 방도로 계량 하기 시작하였다. 외형을 보석등으로 화려하게 치장하거나 외형의 일부를 개조하고, 주술이 담긴 문양을 넣는 등의 방법이 그 방편이었다. 아베스 챠크람은 마노 칼세도니로 장식한 챠크람을 말한다. 마노는 동서양에서 예부터 애용되어 이것으로 만들어진 고대 장신구가 세계 도처에서 발견되고 있다. 종류는 크게 두 가지로 나누어지는데 색이 비교적 고르게 퍼져있는 칼세도니와 줄무늬를 가진 아게이트가 그것이다. 그 중 칼세도니는 강력한 힘을 가진 부적으로 생각되었다. 3~4세기 그리스 항해사들은 물에 빠지는 것을 피하기 위해 칼세도니로 만든 부적을 목에 걸고 다녔다. 18세기에는 마늘이 흡혈귀를 막아주듯 칼세도니는 밤에 유령을 막아주는 것으로 생각했다.	As a throwing and striking weapon, the Chakram's basic shape was bound by its function, so the Ousters began improving it in other ways: adorning it lavishly with gems, reshaping parts of it, or adding patterns imbued with spells. The Aves Chakram is a Chakram decorated with chalcedony agate. Agate has been prized in East and West since ancient times, and ancient ornaments made of it are found all over the world. It falls broadly into two kinds: chalcedony, whose color is fairly even, and banded agate. Of these, chalcedony was thought to be a powerful amulet. Greek sailors of the 3rd and 4th centuries wore chalcedony amulets around their necks to keep from drowning. In the 18th century, people believed chalcedony warded off ghosts at night, just as garlic wards off vampires.
인도 힌두교의 분파 가운데 하나인 탄트라에서 유래한 쿤달리니 뱀 상징하고 있는 암스 밴드 이다.쿤달리니는 힌두교에서 우리 인간 안에 숨겨진 힘, 일종의 잠재력을 의미한다. 쿤달리니라는 말 자체도 '감겨진', '숨어있는'이라는 뜻이다. 이 숨겨진 힘은 일종의 정신에너지라고 하며, 이 정신에너지를 일깨우게 되면 여태껏 불가능해 보였던 많은 일들을 할 수 있게 된다. 이것은 힌두교의 신비주의적 일파인 탄트라(Tantra)에서 나온 단어이다. 탄트라에서는 '쿤달리니'라고 불리는 뱀이 생명력과 정신적 에너지를 상징하여, 이들을 상징하는 문양을 방어구나 악세서리 등에 넣는다.	An Armsband symbolizing the Kundalini serpent, which comes from Tantra, one of the branches of Indian Hinduism. In Hinduism, Kundalini means a power hidden within us humans, a kind of latent potential. The word Kundalini itself means 'coiled' or 'hidden'. This hidden power is said to be a kind of spiritual energy, and awakening it lets one do many things that once seemed impossible. The word comes from Tantra, the mystical school of Hinduism. In Tantra, the serpent called 'Kundalini' symbolizes life force and spiritual energy, and patterns representing them are worked into armor and accessories.
컴팩트 형의 INTER 시리즈 중의 하나로, L자형 노리 쇠를 이용해 세계적으로 성공을 거둔 이 총은 주로 일급 보디가드들이나 특수 부대 원들이 요인들을 경호할 때 애용하는 총 중의 하나이다. 전체 길이가 44cm임에도 불구하고 총열 길이는 무려 27cm이나 되었다. 소음기 장착도 용이하며, 빠른 발사 속도가 자랑거리라고 할 수 있다.	One of the compact INTER series. A worldwide success thanks to its L-shaped bolt, it is one of the guns favored by top bodyguards and special forces members guarding VIPs. Though only 44 cm long overall, its barrel is a full 27 cm. It readily takes a suppressor, and its high rate of fire is its pride.
BFG-50은 카빈 소총의 개조형으로 스코프를 달아 저격용 소총으로 발전시킨 형태. 저격총으로는 비교적 경량화 되었으며, 카빈 형태의 단점인 떨어지는 명중률을 보완, 개선하였다. 휴대가 간편하고 심플한 외관를 가져 많은 저격수들의 숙원을 풀어주는 듯 하였다. 그러나 제조공정상의 문제로 소량생산에 그친 이 총은 매니아들 사이에서 상상하기조차 어려운 고가에 거래되고 있다고 한다.	The BFG-50 is a modified carbine, developed into a sniper rifle by adding a scope. It is relatively light for a sniper rifle and makes up for the poor accuracy that is the weakness of the carbine form. Easy to carry and simple in appearance, it seemed to fulfill the long-held wish of many snipers. However, production problems limited it to a small run, and it is said to trade among enthusiasts at prices hard even to imagine.
BFG-50 카빈 소총의 개조형이다. 스코프를 달아 저격용 소총으로 발전시킨 형태. 비교적 경량화 되었으며, 카빈 형태의 단점인 떨어지는 명중률을 보완, 개선하였다. 휴대가 간편하고 심플한 형태의 저격용 총으로 많은 저격수들의 숙원을 풀어주는 듯 하였으나, 소량생산에 그쳐 현재 이 저격총의 모습은 거의 찾아볼 수 없다고 한다. 	A modified version of the BFG-50 carbine, developed into a sniper rifle by adding a scope. It is relatively light and makes up for the poor accuracy that is the weakness of the carbine form. As an easy-to-carry, simple sniper rifle it seemed to fulfill the long-held wish of many snipers, but it was produced only in small numbers, and today it is said to be almost impossible to find.
종이를 사용하지 않던 때에 쓰여진 것으로, 세로로 긴 조각의 대나무를 엮어 스크롤처럼  말아놓은 것이다. 동양에서 전해 내려오는 것으로, 각 대나무 조각에는 동양에서 출몰했던 뱀파이어의 시초로 보이는 생물체와 그 지역 사람들이 그들을 어떻게 대응했는지에 대해서 그림과 글로 상세하게 적혀 있다.	Written in the days before paper, it is made of long vertical strips of bamboo bound together and rolled up like a scroll. Handed down in the East, each bamboo strip records in detail, in pictures and writing, creatures that appear to be the first Vampires seen in the East and how the local people dealt with them.
원어의 의미는 '사자의 꼬리'이다. 그 이름이 사자에서 유래한 만큼 왕족을 의미하는 심벌로도 사용되었다. 시미터는 페르시아의 대표적인 검이다. 그리고 세이버의 기원이 되는 검으로도 알려져 있다.	The original word means 'lion's tail'. As its name comes from the lion, it was also used as a symbol of royalty. The scimitar is the representative sword of Persia, and it is also known as the sword from which the saber originated.
형태상 특징으로 초승달 같이 유연하게 휘어져 있는 몸체와, 검 날과는 반대로 휘어져 있는 손잡이를 들 수 있다. 검 날이 휘어져 있을수록 베기에 더 큰 위력을 보인다. 초기의 시미터는 검 날이 직선으로 되어 있었다. 그런데 페르시아에서 주로 나타난 검술이 내려쳐서 적을 베는 것이다 보니 그 목적에 맞도록 검의 모양이 유연한 곡선을 그리게 되었다.	Its distinctive features are a body curved as gracefully as a crescent moon and a hilt that curves the opposite way from the blade. The more curved the blade, the more powerful its cuts. Early scimitars had straight blades, but since the swordsmanship common in Persia was about cutting enemies down with downward strokes, the sword took on a supple curve to suit that purpose.
이 바실리스크 소드는 사하라 사막 북부에서 발견된 지휘관용 검을 본 따 만든 모조품이다. 허나 진품이 단지 지휘를 위한 장식품에 불과했던 것에 비해 이것은 상대에게 치명적인 고통을 안겨주기 위해 개량된 실용성 위주의 무기이다. 날의 상단은 찌르기와 배기에 적합하게 되어있으며, 하단은 크리스의 날과 닮아 상대방에게 살갗이 찢겨지는 상처를 남겨준다고 한다.	The Basilisk Sword is a replica modeled on a commander's sword found in the northern Sahara. But whereas the original was merely a decorative piece for command, this is a practical weapon refined to inflict deadly pain on an opponent. The upper part of the blade is made for thrusting and cutting, while the lower part resembles a kris blade and is said to leave wounds that tear the skin.
기형적으로 큰 이 박쥐의 날개는 뱀파이어들이 박쥐로 변신할 때 매개체로 사용하는 것으로 알려져 있다.	This abnormally large bat wing is known to be used by Vampires as a medium when they turn into bats.
고대 뱀파이어 마스터들은 주체할 수 없이 넘쳐흐르는 자신의 마력을 비축할 방법을 꾸준히 연구해왔다. 그러던 중 기원전 2세기 이집트의 연금술사 마르쿠스는 마력을 자유롭게 저장하고 꺼내 쓸 수 있는 새로운 금속을 만들어낸다. 그는 영원한 생명과 마력을 얻고자 뱀파이어 마스터들에게 목걸이를 선물하였다. 그러나 비법을 감춰가며 과한 욕심을 부렸던 마르쿠스는 마스터 챠스파의 손에 목숨을 잃는다. 이 목걸이의 제조법은 마스터들 사이에 대대로 전해져 왔으며, 마법을 연구하는 이들에게는 황금보다 귀한 재료로 알려져 있다.	The ancient Vampire Masters long searched for a way to store the magic power that overflowed from them beyond control. Then, in the 2nd century BC, the Egyptian alchemist Marcus created a new metal from which magic power could be freely stored and drawn. Hoping to gain eternal life and magic power, he presented necklaces to the Vampire Masters. But Marcus, who guarded his secrets and grew too greedy, lost his life at the hands of Master Chaspa. The method of making these necklaces has been passed down among the Masters for generations, and to those who study magic it is known as a material more precious than gold.
이 귀걸이는 거꾸로 매달린 박쥐가 원형 금속에 둘러싸인 형태로 박쥐가 상징하는 흡혈귀 자신을 보호하는 의미를 담고 있습니다. 귀걸이 전체가 금으로 되어 있으며, 특히 박쥐 모형은 가공 기술이 놀라울 정도로 얇고 정밀한 부조로 조각 되어 있는 것이 특징입니다. 이 귀걸이를 착용한 착용자는 공격자가 휘두르는 검의 공격으로부터 보이지 않는 힘에 의해 보호받는 느낌을 받는다고 전해지고 있습니다.	This earring shows an upside-down bat surrounded by a ring of metal, signifying protection of the vampire himself, whom the bat symbolizes. The whole earring is gold, and the bat in particular is carved in astonishingly thin, precise relief. Those who wear it are said to feel protected by an unseen force from the sword strokes of attackers.
바탈리온은 원래 P-3000이란 명칭으로 러시아의 유명한 개인화기 디자인 사무실의 최신작으로 발표될 제품이었다. 그러나 대인화기 라기에는 과도한 파괴력으로 허가승인이 다년간 묶여버리며 그대로 사장될 상태였다. 하지만 뱀파이어라는 특수한 집단을 상대하는 EVE로서는 그 파괴력은 매력적인 것으로 받아들여졌고 국제기구의 묵인 하에 소수가 도입되었다.	The Battalion was originally to be released as the P-3000, the latest product of a famous Russian small-arms design bureau. But its firepower was excessive for an anti-personnel weapon, and its approval was held up for years, leaving it on the verge of being shelved. For EVE, however, which faces the unusual foe that is the Vampires, that firepower was an attraction, and a small number were acquired with the tacit consent of international bodies.
일체형의 TA/FCS 시스템을 갖추고 있기 때문에 야간이나 악천후에서 타겟을 발견하고 조준에 필요한 수치를 계산해 사용자의 단말기에 표시가 가능하다.	With its integrated TA/FCS system, it can spot targets at night or in bad weather, calculate the figures needed for aiming and show them on the user's terminal.
강화 세라믹사로 만들어진 이 남성용 전투복은 E.V.E 의 장교급 대원들에게만 지급되는 특수전 대비 전투바지이다. 세라믹사로 만들어져서 활동하기 편하고 내구성이 높다는 장점을 가지고 있다. 특수전을 위해 특별 제작된 티타늄 방탄 플레이트는 방어력을 보강해주었다.	Made of reinforced ceramic fiber, these men's combat trousers are special-warfare gear issued only to E.V.E officers. The ceramic fiber makes them easy to move in and highly durable. Titanium ballistic plates made specially for special warfare reinforce their defense.
강화 세라믹사로 만들어진 이 여성용 전투 하의는 E.V.E 의 장교급 대원들에게만 지급되는 특수전 대비 전투바지이다. 세라믹사로 만들어져서 활동하기 편하고 내구성이 높다는 장점을 가지고 있다. 특수전을 위해 특별 제작된 티타늄 방탄 플레이트는 방어력을 보강해주었다.	Made of reinforced ceramic fiber, these women's combat trousers are special-warfare gear issued only to E.V.E officers. The ceramic fiber makes them easy to move in and highly durable. Titanium ballistic plates made specially for special warfare reinforce their defense.
충격감을 더욱 최소화하기 위해 강화 플라스틱 특수사로 제작된 남성용 강화 전투복이다. 각 관절부위에 플레이트 보호대를 착용하여 대 뱀파이어전의 근거리 공격에 대한 높은 방어도와 최소화의 충격감을 지향하였다. 슬레이어들은 부족한 탄창 포켓 등을 착용하기도 한다.	Men's reinforced combat wear made of special reinforced-plastic fiber to minimize impact even further. Plate guards are fitted at each joint, aiming for high defense and minimal impact against close-range attacks in battle with Vampires. Slayers sometimes add extra magazine pouches to them.
충격감을 최소화하기 위해 강화 플라스틱 특수사로 제작된 여성용 강화 전투복이다. 각 관절부위에 플레이트 보호대를 착용하여 대 뱀파이어전의 근거리 공격에 대한 높은 방어도와 최소화의 충격감을 지향하였다. 슬레이어들은 부족한 탄창 포켓 등을 착용하기도 한다.	Women's reinforced combat wear made of special reinforced-plastic fiber to minimize impact. Plate guards are fitted at each joint, aiming for high defense and minimal impact against close-range attacks in battle with Vampires. Slayers sometimes add extra magazine pouches to them.
특수사로 만들어진 이 남성용 전투복은 E.V.E의 장교급 대원들에게만 특별 지급되는 전투복이다. 특수사로 만들어진 전투 자켓 위에 티타늄 같은 강화 금속제를 사용하여 방어도를 높인 조끼이다. 이 전투 조끼는 방어력이 높은 대신 활동성이 떨어지는 단점이 있다.	Made of special fiber, this men's combat wear is issued exclusively to E.V.E officers. It is a vest worn over a special-fiber combat jacket, with reinforced metal such as titanium adding to its defense. This combat vest offers high defense at the cost of mobility.
특수사로 만들어진 이 여성용 조끼는 E.V.E의 장교급 대원들에게만 특별 지급되는 전투복이다. 특수사로 만들어진 전투 자켓 위에 티타늄 같은 강화 금속제를 사용하여 방어도를 높인 조끼이다. 이 전투 조끼는 방어력이 높은 대신 활동성이 떨어지는 단점이 있다.	Made of special fiber, this women's vest is combat wear issued exclusively to E.V.E officers. It is a vest worn over a special-fiber combat jacket, with reinforced metal such as titanium adding to its defense. This combat vest offers high defense at the cost of mobility.
대테러 돌격부대에 지급되는 남성용 전투복으로, 타격시의 충격을 최소화하기 위해 특수 섬유를 사용하여 제작된, 자켓 위에 덧 입는 조끼이다. 강화 플라스틱을 사용한 플레이트 방탄 조끼는 대 뱀파이어전의 근거리 공격에도 거뜬히 막아낼 수 있도록 제작되었으며, 자신의 구미에 맞게 관절 부위에 보호대를 착용하기도 하여 마법 공격에 대한 자기 방어도를 한껏 높일 수 있게 했다.	Men's combat wear issued to counter-terrorism assault units: a vest worn over the jacket, made of special fibers to minimize the shock of blows. The reinforced-plastic plate body armor was built to withstand even close-range attacks in battle with Vampires, and wearers can add guards to the joints to suit themselves, raising their own defense against magic attacks as far as possible.
대테러 돌격부대에 지급되는 여성용 전투조끼로, 타격시의 피해를 최소화하기 위해 특수 섬유를 사용하여 제작된, 자켓 위에 덧 입는 조끼이다. 강화 플라스틱을 사용한 플레이트 방탄 조끼는 대 뱀파이어전의 근거리 공격에도 거뜬히 막아낼 수 있도록 제작되었으며, 자신의 구미에 맞게 관절 부위에 보호대를 착용하기도 하여 마법 공격에 대한 자기 방어도를 한껏 높일 수 있게 했다.	A women's combat vest issued to counter-terrorism assault units, worn over the jacket and made of special fibers to minimize damage from blows. The reinforced-plastic plate body armor was built to withstand even close-range attacks in battle with Vampires, and wearers can add guards to the joints to suit themselves, raising their own defense against magic attacks as far as possible.
로딘산 북부지방에 EVE의 보급기지 건설을 위해 지하터널을 굴착 하던 중 암벽이 무너지는 참사가 발생하였다. 구조작업을 진행하던 중 수천구에 달하는 시체와 함께 고대 언어로 쓰여진 대량의 주문서를 발견하였다.	While an underground tunnel was being dug to build an EVE supply base in the north of Mount Rodin, a rock wall collapsed in a disaster. During the rescue work, a large number of scrolls written in an ancient language were found together with thousands of corpses.
제작연대가 14C말로 추정되는 이 스크롤은 흑마법연구가 요벨에 의해 특수한 마법 능력을 갖고 있는 사실이 보고된다. 이 스크롤은 모든 생물에게 똑 같은 영향을 준다고 한다. 	Thought to date from the late 14th century, this scroll was reported by the black magic researcher Yobel to hold special magical power. It is said to affect every living creature in exactly the same way.
중세 마녀들이 하늘을 날아다닐 때 사용하던 식물로 악마를 불러낼 수 있다고 전해진다. 이 식물의 아름다운 검정색 열매에서는 여자 마법사인 메데가 특히 좋아했던 아트로핀이라는 성분이 추출되는데, 지나치게 섭취 할 경우에는 매우 위험한 독극물이니 조심해야 한다고 한다. 이러한 벨라돈나의 아트로핀을 추출하여, 금속으로 된 팔찌에 문양을 새길때 사용하면, 마력을 증폭 된다고 한다. 	A plant medieval witches used to fly through the sky, said to be able to summon demons. Its beautiful black berries yield atropine, a substance the sorceress Medea was especially fond of, but it is said to be a very dangerous poison if taken in excess. Belladonna's atropine, extracted and used when engraving patterns into a metal bracelet, is said to amplify magic power.
포켓의 수가 4개로 라이트 벨트에서 포켓수가 늘어난 형태이다. 역시 퀵 아이템을 최대 4개까지 올려 놓고 사용할 수 있다.	With 4 pockets, it has more pockets than the Light Belt. Likewise, you can place up to 4 quick items on it and use them.
그리스도를 따르던 사람들이 역사를 통해 그리스도가 해온 업적과 말씀, 따르던 사람들의 자기고백과 증언을 적은 책으로, 성서는'하느님의 말씀'이며, 하느님의 계시이자 증언이다. 그리스도교의 성전인 성서는 구약 39권과 신약 27권으로 나뉘어져 있다. `구`는 그리스도 이전을 가리키고 `신`은 그리스도 이후의 내용이며 `약`은 인간에 대한 신의 구원의 계약을 의미한다. 역사, 시가, 예언, 서간문 등으로 되어있으며, 현존하는 것은 15세기까지 양피지로 쓰여있던 것을 종이에 옮겨 놓은 것이다.	A book in which Christ's followers set down, through history, the works and words of Christ and their own confessions and testimony. The Bible is 'the Word of God', God's revelation and testimony. The Bible, the scripture of Christianity, is divided into 39 books of the Old Testament and 27 of the New. 'Old' refers to before Christ and 'New' to after Christ, while 'Testament' means God's covenant of salvation with humanity. It is made up of history, poetry, prophecy, epistles and more, and the surviving text was copied onto paper from what had been written on parchment until the 15th century.
앵크는 이집트의 십자가라고 한다. 원래 이집트에서 사용하는 것은 하얀 색이고 영생을 뜻하는데 여기서의 블랙 앵크는 죽음, 즉 영생의 반대의 이미지를 의미한다. 십자가 아래부분의 손잡이는 나무로 만들어져 있다. 이 나무 손잡이에는 고대 이집트 상형문자가 그려져 있다. 죽음을 상징하는 상징물들이 그려져 있으며, 블랙 앵크는 어둠의 집단이 장례의식을 치를 때 사용했다고 한다.	The ankh is said to be the Egyptian cross. The original Egyptian ankh is white and signifies eternal life, but this Black Ankh signifies death, the opposite of eternal life. The handle at the bottom of the cross is made of wood and painted with ancient Egyptian hieroglyphs depicting symbols of death. The Black Ankh is said to have been used by a cult of darkness in its funeral rites.
검은 가죽으로 만들어진 장갑으로 슬레이어의 손을 보호하기 위한 가장 기본적인 장비이다. 검은 가죽으로 만들어졌지만 어느 정도의 긁힘이나 베임은 방어할 수 있다. 기본적인 장비이므로, 방어력과 내구성은 낮다.	A glove of black leather, the most basic equipment for protecting a Slayer's hands. Though it is only black leather, it can ward off some scratches and cuts. Being basic equipment, its defense and durability are low.
우리민족의 대 명절인 설날을 맞이하여 다크에덴에서 마련한 이벤트 아이템으로, 옵션이 없는 아이템에 옵션을 부여할 수 있다.	An event item prepared by DarkEden for Seollal, the great Korean Lunar New Year holiday. It can add an option to an item that has none.
프리미엄 사용자만 사용가능하고, 사용, 거래, 양도, 상점에 판매가 가능하다.	Only premium users can use it. It can be used, traded, handed over and sold to shops.
검은 떡국은 옵션이 없는 아이템에 Damage+1을 부여할수있는 인첸트 송편으로 아이템 종류에 상관없이 무조건 인첸트에 성공할 수 있다.	The Black Rice Cake Soup is an enchant item that adds Damage+1 to an item with no option, and the enchant always succeeds regardless of item type.
한민족의 축제인 추석을 맞이하여 다크에덴에서 마련한 이벤트 아이템으로, 옵션이 없는 아이템에 옵션을 부여할 수 있다.	An event item prepared by DarkEden for Chuseok, the Korean harvest festival. It can add an option to an item that has none.
검은 송편은 옵션이 없는 아이템에 Damage+1을 부여할수있는 인첸트 송편으로 아이템 종류에 상관없이 무조건 인첸트에 성공할 수 있다.	The Black Rice Cake is an enchant rice cake that adds Damage+1 to an item with no option, and the enchant always succeeds regardless of item type.
검은 광석의 재질로 만들어진 반지이며, 줄이 꼬여있는 형태의 반지이다. 반지의 중앙에는 반아 투명의 빛깔을 띠고 있는 묘안석이라는 광석을 사용하고 있으며, 그렇게 부르기도 한다. 고양이의 눈은 달의 차고 이지러짐과 밤의 광채를 의미한다. 이 묘안석은 고양이 눈 모양이던 원석으로 밤이 되면 원석 안에 붉은색의 고대문자가 새겨지는 특징을 가지고 있다. 이 묘안석은 장수와 부적의 의미로 사용된다.	A ring of black ore, shaped like a twisted cord. Set in its center is a translucent stone called cat's eye, and the ring goes by that name too. A cat's eye signifies the waxing and waning of the moon and the radiance of the night. This cat's eye, a raw stone shaped like a cat's eye, has the peculiarity that red ancient letters appear inside it at night. It is used as a charm for long life and protection.
블랙 루비아떼 오토바이를 불러내기 위해 필요한 아이템이다. 루비아떼 오토바이를 불러내기 위해서는 루비아떼 키를 소지한 상태에서 오토바이 판매NPC에게 “제 오토바이를 찾고 싶습니다” 라고 말을 건네면 된다. 단, 유료 사용자일 경우 안전지대를 제외한 나머지 장소에서 루비아떼키를 오른마우스로 클릭하여 루비아떼 오토바이를 소환할 수 있다.	An item needed to call up the Black Rubiate Motorcycle. To call up a Rubiate Motorcycle, carry the Rubiate Key and say "I would like to collect my motorcycle" to the Motorcycle dealer NPC. Premium users, however, can summon the Rubiate Motorcycle anywhere except safe zones by right-clicking the Rubiate Key.
(슬레이어 전용)	(Slayers only)
Black Star 아이템은 이벤트 아이템으로써 운영자에게 가족사진 촬영권으로 교환할 수 있다.	The Black Star is an event item that can be exchanged with a GM for a family photo voucher.
용도 : 5월 가정의 달을 맞이하여, 가족들이 함께 정겨운 사진을 찍을 수 있는 가족사진 촬영권(상품권) 과 교환할 수 있다. 5월 15일까지 보관했다가 운영자에게 반납을 하면 가족사진 촬영권을 집으로 배송받을 수 있다. 소중히 보관해 뒀다가 모처럼 가족들과 함께 좋은 추억을 만들어 보자.	Use: To celebrate May, the month of the family, it can be exchanged for a family photo voucher (gift certificate) so your family can take a warm photo together. Keep it until May 15 and hand it in to a GM, and the family photo voucher will be delivered to your home. Keep it safe, and make some good memories with your family.
교환담당 운영자 : 운영자1	GM in charge of exchanges: GM1
타원형의 투명한 보석으로 그림처럼 잘 제련된 느낌 보다는 좀더 거칠게 표현된 느낌의 보석 입니다.	An oval, transparent gem that looks rough-hewn rather than finely polished like a picture.
다우징을 만들 수 있는 광물로 마력의 힘을 가지고 있습니다.	A mineral from which a dowsing rod can be made. It holds magical power.
일본에서 들어온 도로 타도(打刀, Katana)이다. 말 뜻대로 내려 "친다"의 의미를 지닌 도이다. 에슬라니아에는 한 동양 소년이 가지고 들어와 그 만의 도법으로 한 때 에슬라니아 북쪽에 뱀파이어들을 다 휩쓸어 버리기도 했었다. 전체적으로 견고한 날과 균형 있게 휘어진 이 도는 강도가 높고 예리하다.	An uchigatana (Katana), a blade that came from Japan. As the name says, it is a blade for striking down. A young man from the East brought it into Eslania and, with his own swordsmanship, once swept all the Vampires out of northern Eslania. With its sturdy edge and balanced curve, the whole blade is strong and keen.
사람마다 특별한 제련법이 있어 도의 장인에 따라 시세가 매겨지며 희귀성을 가져 누구나 한 번쯤이 소유하기를 열망했다. 한 슬레이어는 "이 도를 손안에 쥐고 있으면 도와 한 몸을 이룬다는 느낌이 들 정도로 안정감이 있으며 그 위력은 어떠한 것도 베어버린다."라고 말할 정도. 이 도로 새로운 공격법과 방어법이 나오기도 했다.	Each smith had his own special forging method, so prices were set by the master who made the blade, and its rarity made everyone long to own one at least once. One Slayer went so far as to say, "When I hold this blade I feel so steady it is as if the blade and I are one body, and its power cuts through anything." New methods of attack and defense were even developed with this blade.
블레져 LRS(180)은 30등급 이상의 슬레이어가 사용할 수 있는 저격총입니다. 이 아이템은 기존 승직 저격총에 올드 드롭을 인첸트 함으로써 얻을 수 있습니다.	The Blaser LRS (180) is a sniper rifle usable by Slayers of Advancement grade 30 and above. It can be obtained by enchanting an existing Advancement sniper rifle with an Old Drop.
< 히든 옵션 >	< Hidden Option >
생명력(HP) : +150	HP : +150
회피율 : +50	Evasion : +50
블레져 LRS(195)은 45등급 이상의 슬레이어가 사용할 수 있는 저격총입니다. 이 아이템은 기존 승직 저격총에 올드 드롭을 인첸트 함으로써 얻을 수 있습니다.	The Blaser LRS (195) is a sniper rifle usable by Slayers of Advancement grade 45 and above. It can be obtained by enchanting an existing Advancement sniper rifle with an Old Drop.
생명력(HP) : +300	HP : +300
회피율 : +100	Evasion : +100
블레져 LRS(215)은 65등급 이상의 슬레이어가 사용할 수 있는 저격총입니다. 이 아이템은 기존 승직 저격총에 올드 드롭을 인첸트 함으로써 얻을 수 있습니다.	The Blaser LRS (215) is a sniper rifle usable by Slayers of Advancement grade 65 and above. It can be obtained by enchanting an existing Advancement sniper rifle with an Old Drop.
생명력(HP) : +750	HP : +750
회피율 : +200	Evasion : +200
블레져 LRS(230)은 80등급 이상의 슬레이어가 사용할 수 있는 저격총입니다. 이 아이템은 기존 승직 저격총에 올드 드롭을 인첸트 함으로써 얻을 수 있습니다.	The Blaser LRS (230) is a sniper rifle usable by Slayers of Advancement grade 80 and above. It can be obtained by enchanting an existing Advancement sniper rifle with an Old Drop.
생명력(HP) : +1200	HP : +1200
블레져 LRS(250)은 100등급 이상의 슬레이어가 사용할 수 있는 저격총입니다. 이 아이템은 기존 승직 저격총에 올드 드롭을 인첸트 함으로써 얻을 수 있습니다.	The Blaser LRS (250) is a sniper rifle usable by Slayers of Advancement grade 100 and above. It can be obtained by enchanting an existing Advancement sniper rifle with an Old Drop.
생명력(HP) : +1800	HP : +1800
박쥐류는 매년 가을이 되면 똑같은 장소에 가서 동면을 한 후 먼 거리를 날아서 다시 똑같은 장소로 돌아오는 귀소본능이 있다. 뱀파이어들은 이를 이용하고 훈련시켜 자신의 피와 자신들이 뿜어내는 독특한 초음파를 통해 박쥐들을 다루어 비밀지령과 정보를 공유하였다고 한다.	Every autumn, bats go to the same place to hibernate, and they have a homing instinct that brings them back to that same place after flying great distances. Vampires exploited this and trained them, handling the bats through their own blood and the distinctive ultrasound they emit, and so shared secret orders and information.
고대 높은 마력을 연마한 뱀파이어들이 즐겨 착용하였다고 전해지는 뱀파이어용 슈트이다. 그들은 오랫동안 마법에 정진하면서 심약해진 육체를 보완해줄 마력이 담긴 보호구를 필요로 하였고, 그러한 요구를 해소하기 위해 특별 제작되었다고 한다. 무려 수 천년 동안이나 물려 내려와 언 듯 보기에는 낡아빠진 슈트 같지만 이를 보유한 뱀파이어들은 오히려 이것을 수많은 전장 속을 해치고 온 상징으로 여긴다고 한다.	A Vampire suit said to have been favored by ancient Vampires who honed great magic power. After long devotion to magic, they needed protective gear holding magic power to make up for their weakened bodies, and this suit is said to have been specially made to meet that need. Handed down for thousands of years, it may look like a worn-out suit at first glance, but the Vampires who own it regard it instead as a symbol of having fought through countless battlefields.
'피의 십자가'라 불리 운다. 전체적으로 붉은 색으로 되어 있으며, 빈 십자가 펜던트 안에는 성수로 채워져 있다. 겉모양이 화려한 편으로, 여기서의 blood는 그리스도의 피, 예수 그리스도의 성스러운 성혈을 의미한다. 성혈을 상징하지만, 실제 그 안에 들어있는 것은 성수이다.	Known as the 'Cross of Blood'. It is red all over, and the hollow cross pendant is filled with holy water. It is rather showy, and 'blood' here means the blood of Christ, the sacred holy blood of Jesus Christ. It symbolizes the holy blood, but what it actually holds is holy water.
슬레이어의 야전병원에서 빼앗아 온 싱싱한 피 이다. 팩에 잘 보관된 이 피는 온몸의 기운을 다시 생생하게 살릴 수 있다. 귀여운 Strige 들이 좋아하는 별식이다.	Fresh blood taken from a Slayer field hospital. Kept well in its pack, this blood can bring the whole body back to full vigor. A special treat loved by the cute Striges.
고대 높은 마력을 연마한 뱀파이어들이 즐겨 착용하였다고 전해지는 뱀파이어용 코트이다. 그들은 오랫동안 마법에 정진하면서 심약해진 육체를 보완해줄 마력이 담긴 보호구를 필요로 하였고, 그러한 요구를 해소하기 위해 특별 제작되었다고 한다. 무려 수 천년 동안이나 물려 내려와 언 듯 보기에는 낡아빠진 코트 같지만 이를 보유한 뱀파이어들은 오히려 이것을 수많은 전장 속을 해치고 온 상징으로 여긴다고 한다.	A Vampire Coat said to have been favored by ancient Vampires who honed great magic power. After long devotion to magic, they needed protective gear holding magic power to make up for their weakened bodies, and this Coat is said to have been specially made to meet that need. Handed down for thousands of years, it may look like a worn-out Coat at first glance, but the Vampires who own it regard it instead as a symbol of having fought through countless battlefields.
핏빛 붉은 색의 돌의 반지로, 붉은 빛은 생명의 원리, 영혼과 강함을 의미한다고 한다. 피를 흡수한 듯한 붉은 빛을 띤 Tugtupite(터그투파이트)라는 원석을 지닌 이 반지는 계속 보고 있으면 반지 속으로 빨릴듯한 마력을 지니고 있다. 뱀파이어의 피를 흡수한 어떤 광물이 화학적 변성과정을 거쳐 광물의 색깔이 붉게 변했으며, 사람의 피를 흡수 할 때마다 그 빛깔이 점점 더 붉어진다는 전설을 가지고 있는 반지이다.	A ring of blood-red stone; red is said to signify the principle of life, the soul and strength. Set with a raw tugtupite stone that glows red as if it had soaked up blood, this ring has a magic that makes you feel you will be sucked into it if you keep looking. Legend says some mineral that absorbed Vampire blood turned red through chemical transformation, and that its color grows redder each time it absorbs human blood.
잔혹한 6월의 대학살이라 불렸던 뱀파이어들의 축제를 기념하기위해 제작된 귀걸이이다. 이 날 희생당한 사람들의 뼈와 피로 만들어진 블러디 피스트에는 5만명의 원한이 담겨져있으며 그들의 저주와 원한을 담긴 이 귀걸이를 착용하는 자는 언제나 마음이 흥분되고 흡혈의 욕구가 생긴다고 한다. 뼈로 만들어진 기본 틀 위에 구리색 염료로 색을 냈으며 사각형처럼 생긴 잔에는 응고된 피가 루미처럼 굳어있다. 그날을 기억하는 사람들에게는 공포의 귀걸이지만 뱀파이어들에게는 파티의 기념품으로 수집되고있다. 	An earring made to commemorate the Vampire festival known as the cruel June massacre. Made from the bones and blood of those who died that day, the Bloody Feast holds the grudges of 50,000 people, and whoever wears this earring, steeped in their curses and grudges, is said to be always excited and to crave Blood Drain. Its bone frame is colored with copper dye, and in the square-looking cup, clotted blood has hardened like a ruby. To those who remember that day it is an earring of terror, but Vampires collect it as a party souvenir.
다소 복잡한 형태의 이 뱀이 또아리를 특고 있는 것은 연금술의 중요 상징중에서도 연금술의 핵심개념 및 신념을 나타내는 아우로보로스 뱀이다. 이 기괴한 모양은 마치 꽃이 핀듯한 모양과도 흡사하기도 하여 블라즘 이라고도 불리기도   한다. 연금술 철학의 핵심을 나타내주는 아우로보로스(자기 입으로 자기 꼬리를 물고 있는 뱀)라는 매우 오래된 상징은 연금술에 대한 어떠한 대가들의 저작보다 훨씬 더 물질의 단일성에 대해 잘 표현하고 있는 상징이다. 위의 상징은 전형적인 아우로보로스의 모습을 띄고 있지는 않으며, 다소 복잡한 매듭의 형태와 아우로보로스 뱀을 결합시킨 것으로 끊을 수 없는 매듭의 의미가 덧붙여져 영원한 결속과 하나됨을 의미하는 상징이 된다.	Coiled in this somewhat intricate form is the ouroboros serpent, which among the key symbols of alchemy stands for its core concepts and beliefs. Its strange shape also resembles a flower in bloom, so it is sometimes called the Blossom. The ouroboros (a serpent biting its own tail), a very old symbol expressing the heart of alchemical philosophy, conveys the unity of matter far better than the writings of any alchemical master. The symbol here does not take the classic ouroboros form; it combines the ouroboros serpent with a rather intricate knot, adding the meaning of an unbreakable knot so that it becomes a symbol of eternal bond and oneness.
푸른 빛의 새싹이라는 의미의 블루 버드는 아담이 릴리스가 뱃 속에 남기고 간 딸 이브를 위해 올린 기도에서 유래되었다. 이는 훗날 인류의 씨앗이 된 이브에게 내려진 축복의 증거라고 한다. 사용시 옵션이 두 개 이상인 레어 아이템의 능력을 더욱 강화시켜 주는 기능이 있다.	The Blue Bird, whose name means a sprout of blue light, comes from a prayer Adam offered for his daughter Eve, whom Lilith left behind in her womb. It is said to be proof of the blessing bestowed on Eve, who later became the seed of humankind. When used, it further strengthens the abilities of a rare item with two or more options.
기존 블루드롭을 개량하여 보다 높은 확률로 아이템을 Enchant 할 수 있는 아이템이다. 하지만 아이템 옵션이 내려가거나 아이템 자체가 사라지는 경우도 존재하니 명심해야 한다.	An improved version of the original Blue Drop that can Enchant items with a higher probability. Keep in mind, however, that the item's options may be lowered or the item itself may vanish.
기존 블루드롭2를 더욱 더 개량하여 매우 높은 확률로 아이템을 Enchant 할 수 있는 아이템이다. 하지만 아이템 옵션이 내려가거나 아이템 자체가 사라지는 경우도 존재하니 명심해야 한다.	A further improved version of Blue Drop 2 that can Enchant items with a very high probability. Keep in mind, however, that the item's options may be lowered or the item itself may vanish.
아담의 눈물이라고도 불리며 푸른빛이 감도는 크리스탈 색을 띄고 있다. 	Also called Adam's Tears, it has a bluish crystal color.
전설에 의하면 먼 옛날 모든 뱀파이어의 어머니이자 지모신 릴리스가 듀의 모함에 의해 12인의 장로들에게 살해당하는 사건이 있었다. 이 사건으로 인해 뱀파이어족은 릴리스를 중심으로 꾸준히 번영을 이루던 시대에 종지부를 찍고 서서히 몰락해 가고 말았다. 그 때 아담은 아내 릴리스의 시신을 가슴에 안고 절규하며 눈물을 흘렸고, 그 눈물이 굳어 이루어진 것이 블루 드롭이라고 전해지고 있다. 아담의 눈물이라고도 불리는 블루 드롭은 에슬라니안 동부의 일부 지역에서만 극소량 발견되고 있으며, 그 가치는 다이아몬드를 웃돈다고 한다. 자연상에서도 작은 결정 상태로만 분포되어 있어, 눈물이라는 이름이 붙어있는 듯 하다. 특별한 힘을 가진 자가 이 보석을 손에 넣으면 그 힘을 이끌어내는데 도움을 준다고도 전해지나 아직 이를 확인한 자는 없다.	Legend says that long ago Lilith, mother of all Vampires and earth mother goddess, was murdered by the 12 Elders after being falsely accused by Dew. This ended the age in which the Vampire race had steadily prospered around Lilith, and the race slowly fell into decline. Then Adam, holding his wife Lilith's body to his chest, cried out and wept, and it is said that his tears hardened into the Blue Drop. Also known as Adam's Tears, the Blue Drop is found in tiny quantities only in parts of eastern Eslania, and its value is said to exceed that of diamonds. Even in nature it occurs only as small crystals, which seems to be why it bears the name of tears. It is also said to help anyone of special power who obtains it draw out that power, but no one has yet confirmed this.
나선모양의 차가운 금속이 푸른 돌을 감싸고 있는 모양의 팔찌이다. 여기서 나선은 뱀파이어, 죽음의 영역 안에 있는 자의 어두운 힘을 의미한다. 푸른빛을 띠는 돌은 보는 사람으로 하여금 우울하고 무기력하게 만든다고 한다. 뱀파이어가 이것을 사용해서 사람들을 무기력하게 만든다고 해서 'paralysis'라는 이름으로도 불린다.	A bracelet in which a spiral of cold metal wraps around a blue stone. The spiral stands for the dark power of the vampire, one who dwells in the realm of death. The bluish stone is said to make those who look at it gloomy and listless. Because Vampires use it to drain people of their will, it is also known by the name 'paralysis'.
파란색 떡국은 옵션이 없는 아이템에 INT+1을 부여할수있는 인첸트 송편으로 아이템 종류에 상관없이 무조건 인첸트에 성공할 수 있다.	The Blue Rice Cake Soup is an enchant item that adds INT+1 to an item with no option, and the enchant always succeeds regardless of item type.
파란색 송편은 옵션이 없는 아이템에 INT+1을 부여할수있는 인첸트 송편으로 아이템 종류에 상관없이 무조건 인첸트에 성공할 수 있다.	The Blue Rice Cake is an enchant rice cake that adds INT+1 to an item with no option, and the enchant always succeeds regardless of item type.
블루 루비아떼 오토바이를 불러내기 위해 필요한 아이템이다. 루비아떼 오토바이를 불러내기 위해서는 루비아떼 키를 소지한 상태에서 오토바이 판매NPC에게 “제 오토바이를 찾고 싶습니다” 라고 말을 건네면 된다. 단, 유료 사용자일 경우 안전지대를 제외한 나머지 장소에서 루비아떼키를 오른마우스로 클릭하여 루비아떼 오토바이를 소환할 수 있다.	An item needed to call up the Blue Rubiate Motorcycle. To call up a Rubiate Motorcycle, carry the Rubiate Key and say "I would like to collect my bike" to the Motorcycle dealer NPC. Premium users, however, can summon the Rubiate Motorcycle anywhere except safe zones by right-clicking the Rubiate Key.
청 사파이어가 가운데 박힌 반지이다. 이 사파이어는 '마법사의 사파이어' 라 불리 우는 것으로, 밤낮으로 색이 변하는 주야변색 석의 특징을 가지고 있다. 보는 사람을 끌어들이는 마력을 지닌 사파이어로, 이것의 푸른빛을 보는 순간, 반지의 노예가 된다고 한다. 마치 무언가에 홀린듯한 표정을 지으며, 누군가가 옆에서 풀어주지 않는 한 영영 깨어나지 못할 수도 있다고 한다.	A ring with a blue sapphire set in its center. This sapphire, known as the 'wizard's sapphire', has the property of changing color between day and night. It holds a magic that draws in whoever looks at it, and it is said that the moment you see its blue light you become the ring's slave. You take on an entranced look, and unless someone beside you breaks the spell, you may never wake again.
선명한 푸른빛의 원석이 박힌 슬레이어용 목걸이이다. 푸른색은 지혜를 나타내는 색으로, 이것은 착용한 사람에게 지혜를 가져 다 준다는 팬던트이다. 지혜의 여신인 아테네와 관련 있는 반지이다. 전설에 의하면 여신 아테네가 가장 아꼈던 보석 중 하나라고 한다.	A Slayer necklace set with a vivid blue stone. Blue is the color of wisdom, and this pendant is said to bring wisdom to its wearer. It is associated with Athena, the goddess of wisdom. Legend says it was one of the gems the goddess Athena treasured most.
청색은 뭐니뭐니 해도 젊음을 상징하는 색이다. 젊음은 체력과 지식면에서 가장 왕성한 활동을 하는 때이며 특히 두뇌회전에 있어서는 가장 월등한 효과를 발휘할 때이다.	Blue, above all, is the color of youth. Youth is the time of peak activity in both body and knowledge, and above all the time when the mind works at its sharpest.
Blue Star 아이템은 이벤트 아이템으로써 종족과 위치에 따라서 아래의 NPC 에게서 아이템 혹은 돈으로 교환할 수 있다. 	The Blue Star is an event item that can be exchanged for items or money with the NPCs below, depending on your race and location.
 야전사령부 NPC : 카이저	 Field Headquarters NPC : Kaiser
 무사 길드 NPC : 코난	 Warrior Guild NPC : Conan
 군인 길드 NPC : 스미스	 Soldier Guild NPC : Smith
 성직자 길드 NPC : 스토야노프	 Priest Guild NPC : Stoyanov
 뱀파이어 마을 NPC : 브리콜라카스	 Vampire Village NPC : Vrykolakas
용도 : 별의 갯수가 20 / 40 / 60 / 80 / 100 개 일때 교환이 가능하며, Int 옵션이 붙은 고급 아이템 혹은 돈으로 교환할 수 있다. 	Use: It can be exchanged when you have 20 / 40 / 60 / 80 / 100 stars, for high-grade items with an Int option or for money.
* 본 아이템을 돈으로 교환할 시에는 반드시 같은 종류의 별을 쌓아놓은 후 카이저, 코난, 스미스, 스토야노프, 브리콜라카스 등에게 가셔서 '별을 돈으로 교환하고 싶습니다'를 선택하신 후 마우스 왼쪽 버튼을 클릭하여 교환하셔야 가능합니다.	* To exchange this item for money, you must first collect stars of the same kind, then go to Kaiser, Conan, Smith, Stoyanov, Vrykolakas or the like, select 'I want to exchange my stars for money' and left-click to make the exchange.
뱀파이어용 팔찌이다. 팔찌 가운데에 있는 청 보라색의 아이올라이트는 연마하면 청색 사파이어와 유사하여 물 사파이어라고 불리워 왔다. 평소에는 여러 가지 색깔을 띠고 있으나, 가로로 볼 때는 무색으로 보이는 특징을 가지고 있다. 양면적인 모습을 보여주는 이 원석은 죽음과 생명의 순환을 상징하는 바다를 뜻하기도 한다. 이 팔찌는 빛에 의해 제약 받지 않는, 유한한 생명을 원하는 태초의 뱀파이어가 만든 것이라고 전해지고 있다.	A bracelet for Vampires. The blue-violet iolite in its center resembles a blue sapphire when polished and has long been called the water sapphire. It usually shows several colors, but looks colorless when viewed side-on. This two-faced stone also stands for the sea, symbol of the cycle of death and life. The bracelet is said to have been made by a primordial Vampire who longed for a finite life, free of the constraints of light.
우리 민족의 대 명절인 설날을 맞이하여 다크에덴에서 마련한 이벤트 아이템으로서, 옵션이 없는 아이템에 옵션을 부여 할 수 있다.	An event item prepared by DarkEden for Seollal, the great Korean Lunar New Year holiday. It can add an option to an item that has none.
프리미엄 사용자만 사용 가능하고 거래, 양도, 상점에 판매가 가능한 아이템이다.	An item only premium users can use. It can be traded, handed over and sold to shops.
청녹 떡국은 옵션이 없는 아이템에 모든 능력치+1 옵션을 부여할 수 있는 인챈트 떡국으로 아이템 종류에 상관없이 무조건 인챈트가 가능하다.	The Blue-Green Rice Cake Soup is an enchant item that adds an All Stats+1 option to an item with no option, and it can always be enchanted regardless of item type.
어린 뱀파이어들을 위해 특수 제작된 여자용 슈트이다. 일체형인 이 슈트는 어린 뱀파이어들이 훈련하기에 알맞은 슈트로, 전세계의 마법 교육을 맡은 뱀파이어들은 이 슈트를 적극 권장한다. 어린 뱀파이어들은 이 슈트를 입고 고된 훈련을 통해 자신의 능력을 키울 수 있다. 슬레이어의 날카로운 무기에 대한 방어력과 내구력은 낮지만, 민첩한 행동과 중량을 거의 느낄 수 없어 어린 뱀파이어들이 애용하는 슈트이다.	A women's suit specially made for young Vampires. This one-piece suit is ideal for young Vampires to train in, and the Vampires who oversee magical education around the world strongly recommend it. Wearing this suit, young Vampires can build up their abilities through hard training. Its defense and durability against Slayers' sharp weapons are low, but it allows nimble movement and weighs almost nothing, so young Vampires love it.
본 클레이브(180)는 30등급 이상의 뱀파이어가 사용할 수 있는 무기입니다. 이 아이템은 기존 승직 무기에 올드 드롭을 인첸트 함으로써 얻을 수 있습니다.	The Bone Cleave (180) is a weapon usable by Vampires of Advancement grade 30 and above. It can be obtained by enchanting an existing Advancement weapon with an Old Drop.
본 클레이브(195)는 45등급 이상의 뱀파이어가 사용할 수 있는 무기입니다. 이 아이템은 기존 승직 무기에 올드 드롭을 인첸트 함으로써 얻을 수 있습니다.	The Bone Cleave (195) is a weapon usable by Vampires of Advancement grade 45 and above. It can be obtained by enchanting an existing Advancement weapon with an Old Drop.
본 클레이브(215)는 65등급 이상의 뱀파이어가 사용할 수 있는 무기입니다. 이 아이템은 기존 승직 무기에 올드 드롭을 인첸트 함으로써 얻을 수 있습니다.	The Bone Cleave (215) is a weapon usable by Vampires of Advancement grade 65 and above. It can be obtained by enchanting an existing Advancement weapon with an Old Drop.
본 클레이브(230)는 80등급 이상의 뱀파이어가 사용할 수 있는 무기입니다. 이 아이템은 기존 승직 무기에 올드 드롭을 인첸트 함으로써 얻을 수 있습니다.	The Bone Cleave (230) is a weapon usable by Vampires of Advancement grade 80 and above. It can be obtained by enchanting an existing Advancement weapon with an Old Drop.
본 클레이브(250)는 100등급 이상의 뱀파이어가 사용할 수 있는 무기입니다. 이 아이템은 기존 승직 무기에 올드 드롭을 인첸트 함으로써 얻을 수 있습니다.	The Bone Cleave (250) is a weapon usable by Vampires of Advancement grade 100 and above. It can be obtained by enchanting an existing Advancement weapon with an Old Drop.
부메랑 모양의 날카로운 장식이 달린 목걸이이다. 신변의 위협을 받을 때 펜던트를 떼어내서 무기로 사용할 수도 있으며, 인간의 목을 딸 때도 쓰일 수 있다. 피를 많이 머금은 것일수록 '중립'이었던 성향이 '악'으로 바뀐다고 한다.	A necklace with a sharp boomerang-shaped ornament. When your life is threatened, the pendant can be detached and used as a weapon, and it can also serve to cut a human throat. It is said that the more blood it has soaked up, the more its Alignment turns from 'neutral' to 'evil'.
새로운 희망을 불러일으켜 주는 하이사 인디언들의 상징을 형상화한 챠크람이다. 이 상징은 북아메리카 하이사(Haisa) 인디언의 문신에서 유래한 것이다. 하이사 사람들에게 생명의 근원으로 여겨지던 '달'을 형상화한 것이다. 달은 태양과는 달리, 그믐 무렵의 사흘 동안은 마치 죽은 것처럼 그 모습을 감췄다가 다시 모습을 드러내는 존재이다. 그래서 하이사 인들은 이러한 달을 새로운 생명을 탄생시키는 생명의 근원으로 여겼다. 달의 상징은 절망의 죽음 뒤에도, 새로운 탄생과 행복한 삶이 찾아오리라는 하이사 인디언의 희망을 담고 있다.	A Chakram shaped after a symbol of the Haisa Indians that awakens new hope. The symbol comes from the tattoos of the Haisa Indians of North America and depicts the 'moon', which the Haisa regarded as the source of life. Unlike the sun, the moon hides itself for three days around the new moon as though dead, then shows itself again. So the Haisa saw the moon as the source of life that gives birth to new life. The moon symbol carries the Haisa Indians' hope that even after the death of despair, new birth and a happy life will come.
불투명한 검은 색 돌 안에, 하얀 색으로 글이 적혀 있는 슬레이어 용 팔찌이다. 러시아정교회에서 새긴 것으로, 성서 내용의 일부인 그리스도의 부활에 대한 내용이 흰 글씨로 깨알같이 적혀 있다. 이 팔찌는 16세기 말, 러시아 정교회 초대 총대주교로 취임한 욥에 의해 제작되어 현재까지 전해 내려오는 것이라고 한다.	A Slayer bracelet with writing in white inside an opaque black stone. Engraved by the Russian Orthodox Church, it bears part of the Bible, the account of Christ's resurrection, in tiny white letters. This bracelet is said to have been made at the end of the 16th century by Job, who became the first Patriarch of the Russian Orthodox Church, and handed down to the present day.
일반적인 레이피어는 검 폭이 좁고 매우 길다. 레이피어는 찌르기 위한 검이기 때문에 운만 좋다면 뱀파이어의 심장을 한번에 찔러 들어 갈 수도 있는 검이다. 어설프게 베는 것 보다는 일격필살을 노릴 수도 있어 한때 애용되기도 했으나 난투전이나 특히 체력이 좋은 뱀파이어 와 의 싸움에서는 검에 손상이 심했다 이 단점을 보완하여 조금 넓으며 강도를 가진 검으로 브로드 레이피어가 나오게 되었다.	An ordinary rapier has a very long, narrow blade. Because the rapier is a thrusting sword, with luck it can pierce a Vampire's heart in one stroke. Since it could go for a single killing blow instead of clumsy cuts, it was popular for a time, but in melees, and especially in fights against hardy Vampires, the blade suffered heavy damage. To remedy this weakness came the Broad Rapier, a slightly wider and sturdier sword.
레이피어 전체에 은도금이 가능하고 심장을 찌를 경우 큰 대미지를 입힐 수 있다. 주로 검술에 능한 슬레이어 사이에서 사용되었다.	The whole rapier can be silver-plated, and it deals great damage when it pierces the heart. It was used mainly by Slayers skilled in swordsmanship.
스피드와 파워에서 균형을 이룬 검, 워 소드 보다는 다소 길이가 작고 검 폭을 넓혀서 튼튼하다. 전쟁 도중에 검의 손상을 막기위해 검 폭만이 아니라 두께 또한 보통 검보다 두껍게 제작되었다. 많은 검들이 브로드 소드에 변형 되어 나왔으며, 검으로 어느 정도 고급기술을 연마 하고자 하는 슬레이어들이 주로 사용한다.	A sword balanced between speed and power: a little shorter than the War Sword, with a wider blade that makes it sturdy. To keep the sword from being damaged in battle, not only its width but also its thickness was made greater than an ordinary sword's. Many swords were derived from the Broad Sword, and it is used mainly by Slayers who want to master fairly advanced sword techniques.
고대 뱀파이어들로부터 대대로 이어져내려온 구리로 만들어진 귀걸이이다. 원래는 가운데 부분에 피의 눈물이라는 보석이 달려있었지만 긴 세월의 그늘에 가려져 이젠 완전한 피의 눈물은 찾아볼수 없게 되었다. 하지만 이제 막 시작하는 뱀파이어들에게는 과거 피의 눈물이 가지고있던 명성이나 능력 보다는 하나의 상징적인 의미로 인해 브론즈 이어링을 권하고 싶다.	A copper earring handed down through the generations from ancient Vampires. A gem called the Tear of Blood originally hung in its center, but it has been lost in the shadow of long ages, and a complete Tear of Blood can no longer be found. Even so, I would recommend the Bronze Earring to Vampires just starting out, for its symbolic meaning rather than the fame or power the Tear of Blood once had.
청동 판금을 사용하여 만든 장갑으로 손목 부위까지 보호해준다. 청동 판 갑을 사용함으로써 방어력은 강해졌지만 무게가 나가 활동하기 불편해 졌다. 관절과 마디마디를 편하게 사용할 수 없다는 가장 큰 단점을 안고 있다. 구리와 주석의 합금으로 색깔은 노르스름한 빛을 띠고 있으며, 손등에는 각 슬레이어의 성향을 나타내는 문양이 새겨져 있다.	A glove made of bronze plate that protects up to the wrist. The bronze plate makes it stronger in defense, but its weight makes it awkward to move in. Its biggest drawback is that the joints and knuckles cannot move freely. Being an alloy of copper and tin, it has a yellowish sheen, and the back of the hand is engraved with a pattern showing each Slayer's Alignment.
청동으로 만들어진 반지로, 오랜 세월을 거치면서 그 빛이 퇴색되었다. 이 청동반지 중앙에 박힌 보석은 납 황색을 띤 amber(호박)로, 호박 중에서 최상급으로 여겨지는 에슬라니아 도나우 지방의 해변에서 산출된 것으로 투명하고 그 빛깔이 또한 선명하다. 호박은 그 원석 안에 응축된 빛을 품고 있으며, 이 빛은 뱀파이어에게 치명적이라고 한다.	A ring made of bronze whose luster has faded over long years. The gem set in its center is a lead-yellow amber from the shores of the Danube region of Eslania, considered the finest of all ambers, clear and vivid in color. Amber holds condensed light within the stone, and this light is said to be deadly to Vampires.
슬레이어 검 계열을 위한 기본적인 실전 방어구라고 할 수 있겠다. 구리-주석합금(청동)으로 제작되어 색깔이 누런빛을 띠고 있다. 청동 주조여서 가볍고 최소한의 방어가 가능한 정도의 방어력을 지녔으나, 판금이 아니라 주조로 제작되었기 때문에 내구성이 떨어진다는 단점을 가지고 있다.	It could be called the basic practical armor for sword-line Slayers. Made of a copper-tin alloy (bronze), it has a yellowish color. Cast in bronze, it is light and gives just a minimal level of defense, but because it is cast rather than made of plate, its durability is poor.
뱀파이어의 전설적인 마법사 베네피쿠스는 소멸 직전 자신의 힘의 일부를 오브에 가두는 마법을 개발하였다. 그는 뱀파이어의 육신이 소멸되더라고 그힘만은 영속적이기를 원했으나, 마법은 그의 소멸과 함께 미완으로 남겨졌다. 베네피쿠스의 피를 이어받은 일부 뱀파이어들은 소멸 직전 룬 문자가 새겨진 오브를 남기기도 하며, 이 오브는 뱀파이어에게 보다 강인한 힘을 불어넣는다. 대마법사 베네피쿠스가 남긴 룬은 아직까지 발견되지 않은 것으로 알려져 있으나, 어느 뱀파이어 마스터의 수중에 들어갔다는 소문도 세간에 돌고 있다.	Beneficus, the legendary Vampire mage, developed a spell to seal part of his power in an orb just before his destruction. He wished that power alone to last forever even if his Vampire body perished, but the spell was left unfinished when he was destroyed. Some Vampires who inherited Beneficus' blood leave behind an orb inscribed with runes just before their destruction, and these orbs instill greater strength in Vampires. The rune left by the archmage Beneficus is believed never to have been found, but rumor has it that it fell into the hands of a Vampire Master.
Bulls 가 해체된 상태. 원통 모양의 철제 외관을 사용하고 있으며, 안에는 다량의 납선이 들어있다. 안전핀, 뇌관 및 손잡이등으로 구성되어 있다.	The Bulls in dismantled form. It uses a cylindrical steel casing filled with a large amount of lead wire, and consists of a safety pin, a primer, a lever and so on.
에이서의 발전된 형태로 파괴력이 더 세다. 내부에 다량의 납선을 함유하여 파편을 많이 생성시킨다. 소련에서 주로 사용된 것으로, 주철제 몸통에 TNT가 사용됐었으나, 현재는 TNT 대신에 C4 를 사용하고 있다. 투척거리는 30m 정도이며, 살상반경은 15 ~ 20m 정도이다.	An advanced form of the Acer with greater destructive power. It contains a large amount of lead wire, producing many fragments. Used mainly in the Soviet Union, it once had a cast-iron body filled with TNT, but now uses C4 instead of TNT. It can be thrown about 30 m, and its lethal radius is about 15-20 m.
버거넷은 16세기 초에 기병용으로 개발된 투구이며, 스컬은 공 모양이며 닭벼슬 모양도 달려 있지만, 야구모자처럼 햇빛 가리개와 비버가 있다. 이들은 일체화되어 있는데 스컬 양쪽에서 리벳으로 고정되어 있지만 양쪽 고리를 빼내면 위로 열 수도 있다. 현재는 과거의 버거넷을 확장하여, 시아와 통신기 등을 부착한 형태로 얼굴 전체를 보호하는 헬멧으로 사용 되고 있다.	The burgonet is a helmet developed for cavalry in the early 16th century. Its skull is ball-shaped with a crest like a cockscomb, but it also has a peak like a baseball cap and a bevor. These are joined together, riveted on both sides of the skull, but can be opened upward by releasing the hooks on both sides. Today the old burgonet has been extended into a helmet that protects the whole face, fitted with sights, communications gear and the like.
부라와 메이스는 오랫동안 유럽 여러 나라에서 사용된 '양파형'메이스의 원형으로, 의식에 사용 되던 제구(祭具), 또는 성직자들의 호신용 무기나, 플레이트 갑옷을 입고 싸우는 기사들에게 가장 위력적인 무기였다.	The bulawa mace is the prototype of the 'onion-shaped' maces used for a long time in many European countries; it served as a ritual implement, as a self-defense weapon for the clergy, and as the most powerful weapon for knights fighting in plate armor.
가장 널리 알려진 플라스틱 폭약으로 폭약 중에서 상당히 강력한 폭발력을 가지고 있다. RDX (Cyclonite)와 가소제(plastilizer)가 사용되는 것으로, 군용 폭약으로 쓰인다. 고무찰흙 같은 폭약으로 모양을 만들 수 있으며, 포장된 채로 뇌관만 꼽아서 사용하기도 한다. 보통 길이 약28cm, 가로 세로 약 5cm의 사각 덩어리로 되어 있다. 위력계수가 1.34로 TNT(트리니트로톨루엔)에 비해 34%나 더 강하고, C4의 폭발 속도 8300m/s이다.	The best-known plastic explosive, with considerable explosive power even among explosives. Made with RDX (Cyclonite) and a plasticizer, it is used as a military explosive. As a putty-like explosive it can be molded into shape, and it is sometimes used still in its wrapping with just a detonator inserted. It usually comes as a rectangular block about 28 cm long and about 5 cm wide and high. Its relative effectiveness factor is 1.34, a full 34% stronger than TNT (trinitrotoluene), and C4 detonates at 8300 m/s.
슬레이어에게 필요한 정보가 대용량으로 집합되어 있는 것으로, 주로 기술과 무기에 관한 방대한 데이터가 저장되어 있다. 컴퓨터 룸에서 사용한다.	A large collection of the information Slayers need, mainly vast data on skills and weapons. It is used in the computer room.
카발(180)은 30등급 이상의 슬레이어가 사용할 수 있는 소총입니다. 이 아이템은 기존 승직 소총에 올드 드롭을 인첸트 함으로써 얻을 수 있습니다.	The Cabal (180) is an assault rifle usable by Slayers of Advancement grade 30 and above. It can be obtained by enchanting an existing Advancement assault rifle with an Old Drop.
카발(195)은 45등급 이상의 슬레이어가 사용할 수 있는 소총입니다. 이 아이템은 기존 승직 소총에 올드 드롭을 인첸트 함으로써 얻을 수 있습니다.	The Cabal (195) is an assault rifle usable by Slayers of Advancement grade 45 and above. It can be obtained by enchanting an existing Advancement assault rifle with an Old Drop.
카발(215)은 65등급 이상의 슬레이어가 사용할 수 있는 소총입니다. 이 아이템은 기존 승직 소총에 올드 드롭을 인첸트 함으로써 얻을 수 있습니다.	The Cabal (215) is an assault rifle usable by Slayers of Advancement grade 65 and above. It can be obtained by enchanting an existing Advancement assault rifle with an Old Drop.
카발(230)은 80등급 이상의 슬레이어가 사용할 수 있는 소총입니다. 이 아이템은 기존 승직 소총에 올드 드롭을 인첸트 함으로써 얻을 수 있습니다.	The Cabal (230) is an assault rifle usable by Slayers of Advancement grade 80 and above. It can be obtained by enchanting an existing Advancement assault rifle with an Old Drop.
카발(250)은 100등급 이상의 슬레이어가 사용할 수 있는 소총입니다. 이 아이템은 기존 승직 소총에 올드 드롭을 인첸트 함으로써 얻을 수 있습니다.	The Cabal (250) is an assault rifle usable by Slayers of Advancement grade 100 and above. It can be obtained by enchanting an existing Advancement assault rifle with an Old Drop.
그리스도 성혈의 잔인 성배의 모양을 본따 만든 성배의 메이스는 바티칸 시국내의 공의회에서 보관하고 있던 것으로, 정확한 연대는 밝혀지지 않았으나 1900년대 교황 요하네스 1세가 자신의 제위 기간 중에 제작하기 시작해서 10년간의 수차례의 수정 끝에 탄생되었다고 한다. 칼릭스 메이스는 교황의 세례를 받은 몇몇 성직자들만이 사용하고 있다고 한다.	Modeled on the Holy Grail, the cup of Christ's holy blood, this Grail Mace was kept by a council in Vatican City. Its exact date is unknown, but it is said that Pope John I began making it during his reign in the 1900s and that it took its final form after ten years of repeated revisions. The Calix Mace is said to be used only by a few clergy baptized by the Pope.
아람어 굴고타에서 나온, 갈바리아 언덕을 나타내는 십자가. 그리스도가 본시오 빌라도에 의해 십자가에 못 박혀 돌아가신 것을 기리기 위해 바티칸 내의 몇몇 교황에 의해서 제작되었다고 한다. 그리스도가 진 십자가와 머리에 쓴 가시 면류관의 모양을 본따 만든 것이다. 예수살렘의 성직자들은 이 십자가를 하늘높이 들고 그리스도가 십자가 지신 길을 따라 언덕까지 오르는 것을 쉬지 않는다고 한다. 이것을 사용하면서 성직자들은 핍박받던 그리스도의 고통을 몸소 체험한다고 한다.	A cross representing the hill of Calvary, whose name comes from the Aramaic Golgotha. It is said to have been made by several popes in the Vatican to commemorate Christ's death on the cross under Pontius Pilate. It is modeled on the cross Christ bore and the crown of thorns he wore. The clergy of Jerusalem are said never to cease raising this cross high to the sky and climbing the hill along the path where Christ bore his cross. By using it, the clergy are said to experience for themselves the suffering of the persecuted Christ.
나폴레옹의 인장의 재질 카넬이안은 성서에도 '오뎀'이라는 이름으로 나오는 적색의 보석이며, 이 보석을 몸에 지니면 사람은 모든 원하는 일이 이루어진다고 한다. 카넬리안이라는 명칭은 '신선(新鮮)'이라는 의미의 라틴어 카넴에서 유래되었고, 그 이름대로 적색 계통인 이 카넬리안은 기력, 활력을 만들어내는 힘이 있으며, 심신에 신선한 에너지를 제공한다고 하여 애용되었다. 후에 이슬람교의 교조가 된 예언자 마호메트도 언제나 조각된 카넬리안 인장을 호신부로서 오른손 새끼손가락에 끼고 다녔다. 이 카넬리안에 대해서는 이슬람 교도로서 유명한 쟈홀이 카넬리안을 몸에 지닌 사람은 모든 소원이 이루어진다고 말해 더욱 더 절대적인 것이 되었고, 이슬람교도 사이에는 극히 신성시 되어지고 있다.	Carnelian, the stone of Napoleon's seal, is a red gem that appears in the Bible under the name 'odem', and it is said that whoever carries it will have all their wishes come true. The name carnelian comes from the Latin carnem, meaning 'fresh', and true to its name this red stone was prized for its power to create energy and vitality and to give fresh energy to body and mind. The prophet Muhammad, later founder of Islam, always wore a carved carnelian seal as an amulet on the little finger of his right hand. When the famous Muslim Jafar declared that anyone who carries carnelian will have every wish come true, its standing became all the more absolute, and it is held extremely sacred among Muslims.
Cascade는 다수의 뱀파이어와 마주쳤을 때 효과적이다. 펌프액션 식 Cascade는 관통력과 산탄 각에 있어 다른 샷건에 비해 매우 뛰어난 성능을 보인다. Cascade의 다수의 탄환은 짧은 시간에 탄막을 만들어 적에게 타격을 줄 수 있으며 아군이 제대로 반격 할 수 있을 동안 시간을 벌어준다.	The Cascade is effective when you face many Vampires at once. A pump-action gun, the Cascade far outperforms other shotguns in penetration and spread. Its many pellets throw up a barrage in a short time to hit the enemy, buying time for allies to mount a proper counterattack.
예티 크로우의 개량형으로 보급된 이 크로우는 이전의 빠른 공격력을 희생하여 보다 강력한 공격력을 보장하였다. 칼날의 개수와 길이를 늘려 공격력을 확보하였고, 날 끝을 일일이 수공으로 처리하였다. 이 칼날 위에 머리카락 한올을 그저 올려놓기만 해도 잘라질 정도의 날카로움을 자랑한다.  	Issued as an improved version of the Yeti's Craw, this craw gives up the earlier speed of attack to guarantee stronger attack power. The blades were made more numerous and longer to secure that power, and every blade tip was finished by hand. It is so sharp that a single hair merely laid on the blade is cut in two.
카톨릭의 성녀(축일 11 25일)인 카타리나의 생애에 대해서는 전설적인 자료밖에 없다. 귀족 출신으로 훌륭한 교육을 받고 18세 때 황제 막센티우스 앞에서 이교도 철학자 50명과 토론하여 그들을 개종시켰다. 또 황후를 그리스도교도가 되도독 권유한 탓으로 차열형(車裂刑)을 받게 되었는데, 기도로써 그 차의 수레바퀴가 부서지자 참수형을 당해 순교했다고 전해진다. 그녀에 대한 존숭(尊崇)은 일찍이 동방교회에서 비롯되었는데, 10세기 이후 로마 교회에서도 크게 숭배되었다. 그리고 그녀가 평상시 지니고 다녔던 십자가에는 그녀의 성령이 담겼다고 하여, 많은 이들이 자신을 수호하고 수련을 쌓는일에 찾는다고 한다.   	Only legendary accounts remain of the life of Catharina, a saint of the Catholic Church (feast day November 25). Of noble birth and well educated, at 18 she debated 50 pagan philosophers before the Emperor Maxentius and converted them. She also urged the empress to become a Christian, for which she was sentenced to the wheel; when the wheel shattered at her prayer, she was beheaded and died a martyr, so it is told. Her veneration began early in the Eastern Church, and from the 10th century she was widely venerated in the Roman Church as well. The cross she always carried is said to hold her holy spirit, and many seek it to protect themselves and to further their training.
셀레스타 악기를 만들 때 사용되는 광물을 원료로 만들어진 링이다.악기 표면에 각인하는 문양을 그대로 살려 세공한 셀레스타 반지는 링을 끼고 있는 동안 은은한 첼레스타 소리가 울려 퍼진다고 한다.	A ring made from the mineral used in making the celesta. Crafted to keep the patterns engraved on the instrument's surface, the Celesta Ring is said to make a soft celesta sound ring out while you wear it.
아람어로 반석을 뜻하는 케파는 그리스도가 그의 12제자 중 한사람인 베드로에게 지어준 이름으로, 세상에 널리 퍼질 교회의 반석이라는 의미를 담고 있다. 이 반석의 십자가는 그리스도의 은총을 전 세계에 널리 펴기 위해 아우구스티노회안에 있는 도미니크 수도회의 수도자들에 의해 처음 제작되었다. 그리스도의 은총이 널리 퍼지기는 기원하는 의미에서 그리스도 부활 이후 정확히 천년이라는 세월 후에 제작되었다.	Cephas, meaning 'rock' in Aramaic, is the name Christ gave to Peter, one of his 12 disciples, signifying the rock of the Church that would spread across the world. This cross of the rock was first made by monks of the Dominican order within the Augustinians to spread the grace of Christ throughout the world. In the hope that Christ's grace would spread far and wide, it was made exactly a thousand years after Christ's resurrection.
튼튼한 소가죽으로 손 모양을 만들고 판금 작업을 한 쇠를 덧붙힌 후에 마무리로 손 등에 돌기를 만들어서 방어와 공격이 둘 다 가능하게 만든 장갑이다. 물론 팔목의 보호에도 신경을 써서 만들었기 때문에 전체적으로 방어력은 매우 높은 편이다. 단 가죽과 판금으로 만들어 져서 내구성이 떨어지는 면이 있지만 공격과 수비를 할 수 있다는 점에서 매우 인기가 있는 장갑이다. 무기를 지니지 않은 접근 전에서 유용한 건틀렛으로 상대방에게 주는 타격이 크다.	A glove shaped from tough cowhide into the form of a hand, reinforced with worked iron plate, and finished with studs on the back of the hand so that it can both defend and attack. Care was also taken to protect the wrist, so its overall defense is very high. Being made of leather and plate, its durability is somewhat poor, but it is a very popular glove because it can both attack and defend. A useful gauntlet in unarmed close combat, it hits the opponent hard.
이 트리를 오른 클릭으로 사용하고 하고 싶은 말을 쓰면 예쁜 크리스마스 트리를 세울 수 있습니다.	Right-click this tree to use it and write what you want to say, and you can put up a pretty Christmas tree.
잠긴 문을 열어주는 부적인 달의 인장이 담긴 서클릿이다. 이 인장은 매우 실용적인 목적을 가지고 있다. 즉 달의 정령을 불러내어 잠긴 문을 열게 해준다. 이들 인장 전체는 태양과 달 그리고 다섯 개의 태양계의 행성의 이름이 붙여진 7가지 종류가 있으며, 점성술, 마법 등에 따르면 이들 일곱 개의 별들은 사람의 인생에 있어 특정한 부분을 관할한다. 그러므로 각각의 인장들은 그러한 부분에 있어서 효력을 낸다고 한다.	A Circlet bearing the seal of the moon, a talisman that opens locked doors. This seal serves a very practical purpose: it summons the spirit of the moon to open locked doors. There are 7 kinds of these seals in all, named after the sun, the moon and five planets of the solar system, and according to astrology and magic these seven stars each govern a particular part of a person's life. Each seal is therefore said to take effect in its own area.
알베르투스에 의하여 만들어진 점토인형 입니다. 이 인형은 어떠한 질문에도 대답할 수 있는 신비한 능력을 갖고 있다고 합니다.	A clay doll made by Albertus. It is said to have the mysterious power to answer any question.
모양은 꼭 네모난 도시락통 같이 생겼고 반달모양 곡선으로 구부러진 것입니다. 국방색 플라스틱으로 된 용기로 된 것인데 여기에 고성능 폭약을 가득 채우고 그 윗면에 콩알만한 철구 700여개를 가득 깔아놓은 것입니다. 화약이 폭발하면 이 철구가 60도 각도로 앞으로 튀어나가게 됩니다. 전깃줄(30m)로 길게 연결하고 그 끝에 발파장치를 매달고 이 발파장치를 누르면 전기가 발생해서 터지게 되어있습니다. 위력은 대단합니다.	It looks just like a square lunch box bent into a half-moon curve. It is an olive-drab plastic case packed with high explosive, its top face lined with some 700 steel balls the size of peas. When the charge explodes, these balls fly forward in a 60-degree arc. It is connected by a long electric wire (30 m) to a firing device at the end, and pressing the device generates a current that sets it off. Its power is tremendous.
E.V.E. 에 오랜 시간 몸담고 있던 전투원들의 요구사항을 취합해 개발된 전투복으로 신소재의 사용으로 무게가 가볍고 신축성이 좋은 것으로 알려져 있다. 하지만 정식 군납업체의 제품이 아니기 때문에 일반 전투원들의 경우 사용이 금지되어 왔다. 그러나 점점 강해지는 적들에게 대항하기에는 정식 업체의 방어구 만으로는 부족하다는 걸 알고 있는 고참병들은 이 제품을 선호했고 노련한 전사들의 요구를 억누를 수만은 없다고 판단한 지도부도 제한적으로 이 제품의 사용을 허가하기에 이르게 되었다.	Combat wear developed by gathering the requests of fighters who had served long in E.V.E.; thanks to new materials it is known to be light and flexible. But since it is not the product of an official military supplier, ordinary fighters have been forbidden to use it. Veterans, however, knew that official armor alone was not enough to stand against ever stronger enemies and favored this product, and the leadership, judging that it could not keep suppressing the demands of seasoned warriors, eventually granted limited permission to use it.
그물 조직의 뇌관을 가진 지뢰로 복잡한 뇌관의 설치로 다루기는 어려우나 아주 강한 파괴력을 가진 폭탄이다. 가벼운 충격에도 쉽게 폭발하며, 일단 폭탄이 터지면 반경 50m 주변의 생물체는 깨끗이 사라지는 강한 폭탄이다.	A mine with a net-like detonator; the complex detonator setup makes it hard to handle, but it is a bomb of very great destructive power. It goes off easily at the slightest shock, and once it blows, every living thing within a 50 m radius is wiped out.
생긴 모양이 마치 톱니바퀴 같다고 하여 붙여진 이름이다. 이 메이스는 중세 유럽의 사제들이 사용하던 몽둥이 모양의 메이스를 날카로운 톱니로 바꿔 제작하였다. 바티칸에서 대 뱀파이어전에 사용하기 위해 아이언 메이스에서 톱니를 덧붙여 공격무기로 발전시켰다. 상대방에게 많은 상흔을 주는 메이스이다.	Named because it looks just like a cogwheel. This Mace replaces the club-shaped mace used by medieval European priests with sharp teeth. For use in war against the Vampires, the Vatican developed it into an offensive weapon by adding teeth to the Iron Mace. A Mace that leaves many wounds on its target.
냇가의 퍼밀리어를 담고 있는 서클릿이다. 술사의 명령에 따라 일을 하는 정령이나 동물의 총칭을 퍼밀리어라고 한다. 퍼밀리어 중에서도 실체가 없는 정령들은 특히 아가디온이라 불린다. 이는 아라비안 나이트에 등장하는 램프의 요정처럼 병이나 반지 등에 봉인되어 있는 것으로, 필요한 때에 불러내어 사용할 수 있었다. 여하튼 무슨 일에나 쓸 수 있기 때문에 마녀들은 퍼밀리어에게 시중도 들게 했다고 한다. 하지만 현재 그 마법은 소실되었으며, 그저 서클릿에 담긴 퍼밀리어의 마력의 가호만으로 그 역할을 다하고 있다.	A Circlet holding a brook familiar. Familiar is the general name for the spirits or animals that work at a sorcerer's command. Among familiars, spirits without physical form are specifically called agathions. Like the genie of the lamp in the Arabian Nights, they are sealed in bottles, rings and the like and could be called out when needed. Since they could be used for anything, witches are said to have even had familiars wait on them. That magic has since been lost, however, and the Circlet now serves only through the protective power of the familiar held within it.
특수 임무를 맡은 에이전트에게 지급되는 남성용 전투복으로, 강화 티타늄 금속을 사용하여 제작된 방탄 플레이트는 대 뱀파이어전의 필수 요소 중 하나인 내구성과 방어도를 극대화시킨 제품이다. 전량 주문 제작에 의존하며 모든 공정이 수동으로 이루어진 것으로 유명하다. 강화 티타늄 금속을 사용했음에도 불구하고 무게를 최대한으로 줄이고 활동성을 좋게 만든 뛰어난 제품이다.	Men's combat wear issued to agents on special missions; its ballistic plates of reinforced titanium maximize durability and defense, essentials in battle against Vampires. It is famous for being entirely custom-made, with every step done by hand. Despite using reinforced titanium, it is an outstanding product that keeps weight to a minimum and allows good mobility.
특수 임무를 맡은 에이전트에게 지급되는 여성용 전투복으로, 강화 티타늄 금속을 사용하여 제작된 방탄 플레이트는 대 뱀파이어전의 필수 요소 중 하나인 내구성과 방어도를 극대화시킨 제품이다. 전량 주문 제작에 의존하며 모든 공정이 수동으로 이루어진 것으로 유명하다. 강화 티타늄 금속을 사용했음에도 불구하고 무게를 최대한으로 줄이고 활동성을 좋게 만든 뛰어난 제품이다.	Women's combat wear issued to agents on special missions; its ballistic plates of reinforced titanium maximize durability and defense, essentials in battle against Vampires. It is famous for being entirely custom-made, with every step done by hand. Despite using reinforced titanium, it is an outstanding product that keeps weight to a minimum and allows good mobility.
특수전을 위한 전투복으로, 세라믹사로 만들어져서 활동하기 편하고 극도로 높은 내구성을 장점으로 가지고 있다. 특별 제작된 티타늄 방탄 플레이트를 덧대어 방어력을 보강해 준 특수전 전투복이다. 극도로 높은 내구성을 자랑하는 이 전투 바지는 가격이 높아 수요자들의 불만을 사왔다.	Combat wear for special warfare, made of ceramic fiber for ease of movement and extremely high durability. Specially made titanium ballistic plates are added to reinforce its defense. These combat trousers, which boast extremely high durability, have drawn complaints from buyers over their high price.
에이전트에게 특별 제공되는 남성용 전투바지로, 전신을 티타늄 금속으로 덧대어 방어도를 극대화 시킨 제품이다. 외부에 강화 티타늄 보호대 및 방탄 플레이트를 붙였음에도 불구하고 무게를 최대한으로 줄이고 활동성을 좋게 만든 뛰어난 제품이다. 전량 주문 제작에 의존하여 모든 공정이 사람의 손을 거쳐 제작되어 엄청난 값을 지불하고 사야하는 단점이 있다.	Men's combat trousers specially supplied to agents, lined with titanium all over to maximize defense. Despite reinforced titanium guards and ballistic plates on the outside, it is an outstanding product that keeps weight to a minimum and allows good mobility. Because it is entirely custom-made, with every step done by human hands, it has the drawback of costing an enormous price.
에이전트에게 특별 제공되는 여성용 전투바지로, 전신을 티타늄 금속으로 덧대어 방어도를 극대화 시킨 제품이다. 외부에 강화 티타늄 보호대 및 방탄 플레이트를 붙였음에도 불구하고 무게를 최대한으로 줄이고 활동성을 좋게 만든 뛰어난 제품이다. 전량 주문 제작에 의존하여 모든 공정이 사람의 손을 거쳐 제작되어 엄청난 값을 지불하고 사야하는 단점이 있다.	Women's combat trousers specially supplied to agents, lined with titanium all over to maximize defense. Despite reinforced titanium guards and ballistic plates on the outside, it is an outstanding product that keeps weight to a minimum and allows good mobility. Because it is entirely custom-made, with every step done by human hands, it has the drawback of costing an enormous price.
이전의 헬멧에서 나타났던 문제점들을 보완한 형태로, 헬멧 자체의 경량화와 적외선 시스템적인 문제들이 재고되어 제작되었다. 정확한 사물 인식 시스템을 사용하여, 특히 체열을 발생하지 않는 뱀파이어를 잘 인식하지 못했던 것을 보완하였다. 충격 분산의 다이나믹한 디자인과 사물의 위치를 정확하게 포착하여 슬레이어들로부터 높은 만족도를 얻기도 했다. 적외선 스캐닝 시스템이 수동으로 이루어진다는 단점이 있다. ISS (Infrared Scanning System) 탑재.	Designed to fix the problems of earlier helmets, it was built with a rethink of the helmet's weight and of its infrared system. It uses a precise object recognition system that makes up in particular for the earlier difficulty in recognizing Vampires, which give off no body heat. Its dynamic shock-dispersing design and precise pinpointing of objects earned it high satisfaction among Slayers. Its drawback is that infrared scanning is done manually. Fitted with ISS (Infrared Scanning System).
에임 헬멧의 강점을 보다 강화한다는 개념으로 개발이 된 헬멧이다. 모든 면에서 에임 헬멧보다 우수한 헬멧이다. 	A helmet developed with the idea of further strengthening the Aim Helmet's strong points. It is superior to the Aim Helmet in every respect.
티타늄과 강화 플라스틱의 신소재를 사용하여 내구성과 충격 흡수력, 방어력을 모두 겸비했고, 보호 받는 범위를 넓히기 위해 귀 부분까지 커버할 수 있게 제작했다. 	It uses new materials, titanium and reinforced plastic, to combine durability, shock absorption and defense, and it was made to cover the ears as well to widen the protected area.
ADD(Advanced Dynamic Design)이 적용되어 완벽한 충격의 분산이 이루어져 머리 부분 최강의 방어구로 인정 받고 있다.	With ADD (Advanced Dynamic Design) applied for complete shock dispersion, it is recognized as the strongest head armor.
특수사로 만들어진 이 남성용 전투복은 E.V.E의 장교급 대원들에게만 특별 지급되는 전투복이다. 높은 강도에서도 쉽게 찢어지거나 변형되지 않아 내구성 및 방어도에서 높은 점수를 받은 전투용 자켓이다. 티타늄 같은 강화 금속제를 외부에 붙여, 방어력이 높은 대신 활동성이 떨어지는 단점이 있다.	Made of special fiber, this men's combat wear is issued exclusively to E.V.E officers. A combat jacket that scores high in durability and defense, since it does not easily tear or deform even under great stress. With reinforced metal such as titanium attached on the outside, it offers high defense at the cost of mobility.
특수 임무를 맡은 에이전트에게 지급되는 여성용 전투복으로, 전신이 티타늄 금속의 재질을 사용하여 내구성과 방어도를 극대화시켰다. 전량 주문 제작에 의존하며 모든 공정이 수동으로 이루어진 제품으로 유명하다. 강화 티타늄 금속을 사용했음에도 불구하고 무게를 최대한으로 줄이고 활동성을 좋게 만든 뛰어난 제품이다.	Women's combat wear issued to agents on special missions; titanium throughout maximizes its durability and defense. It is famous for being entirely custom-made, with every step done by hand. Despite using reinforced titanium, it is an outstanding product that keeps weight to a minimum and allows good mobility.
군인들이 신고 다니는 튼튼한 강철 장화이다. 레더 부츠가 재질면에서만 달라진 형태이다. 전체적으로 강철로 만들어졌지만, 각 부분에 따라서 중량과 두께를 달리해서 제작했다. 다른 부분에 비해 발목부분은 발목에 무리를 주지 않게 하기 위해서 좀 부드럽게 제작되었다. 이 컴벳 부츠는 스나이퍼의 민첩성을 기르기 위해서 침투연습 시에 쓰였던 신발을 개조한 것이라고 한다. 무릎아래까지 올라오는 길이이며, 부츠의 안쪽부분은 가죽을 덧대서 불편함을 덜었다. 현재 있는 신발 아이템들의 취약점을 보완한 최상의 아이템이다.	Sturdy steel boots worn by soldiers. They differ from leather boots only in material. Though made of steel throughout, their weight and thickness vary by part. The ankle is made somewhat softer than the rest so as not to strain it. These combat boots are said to be modified from shoes used in infiltration drills to build a sniper's agility. They come up to just below the knee, and the inside is lined with leather to make them less uncomfortable. The best item of its kind, making up for the weaknesses of the footwear items now available.
대테러 돌격부대에 지급되는 남성용 전투복으로, 타격시의 충격을 최소화하기 위해 강화 플라스틱으로 된 특수 섬유를 사용하여 제작되었다. 플레이트 방탄 조끼와 함께 착용하면 대 뱀파이어전의 근거리 공격에 대한 방어도를 높일 수 있다. 자신의 구미에 맞게 관절 부위에 보호대를 착용하기도 한다.	Men's combat wear issued to counter-terrorism assault units, made of special reinforced-plastic fiber to minimize the shock of blows. Worn with a plate body armor vest, it raises defense against close-range attacks in battle with Vampires. Wearers sometimes add guards to the joints to suit themselves.
대테러 돌격부대에 지급되는 여성용 전투복으로, 타격시의 충격을 최소화하기 위해 강화 플라스틱으로 된 특수 섬유를 사용하여 제작되었다. 플레이트 방탄 조끼와 함께 착용하면 대 뱀파이어전의 근거리 공격에 대한 방어도를 높일 수 있다. 자신의 구미에 맞게 관절 부위에 보호대를 착용하기도 한다.	Women's combat wear issued to counter-terrorism assault units, made of special reinforced-plastic fiber to minimize the shock of blows. Worn with a plate body armor vest, it raises defense against close-range attacks in battle with Vampires. Wearers sometimes add guards to the joints to suit themselves.
금속 재질의 중세 투구를 연상케 하는 이 전투용 헬멧은 본래TISA에서 폭도 진압용으로 개발한 것이었다. 그러나 군사용으로 더 적합하다는 평가를 받고 일부를 개량해 EVE에 납품하게 되었다. 적외선 카메라와 무선 통신 장비를 기본 장착하고 있으며, 옵션으로 네비게이션 장치를 부착할 수 있다.	Reminiscent of a metal medieval helm, this combat helmet was originally developed by TISA for riot control. But it was judged better suited to military use, and after some improvements it was supplied to EVE. It comes with an infrared camera and wireless communications gear as standard, and a navigation device can be fitted as an option.
반복되는 난전 속에서 뱀파이어의 지휘관은 언제나 은빛 탄환의 표적물이 되어왔다. 이로 인해 전세가 기우는 일이 종종 발생하면서 뱀파이어들은 그들의 지휘관을 보호할 특수한 방어구의 필요성을 자각한다. 화이트 울프의 가죽에 99명의 뱀파이어가 마법력을 부여하고 탄소섬유를 덧대 만든 이 남성용 코트는 전장속에서 지휘관을 철저히 보호하면서 공격 능력을 최대로 이끌어내 준다.	In one chaotic battle after another, Vampire commanders have always been the targets of silver bullets. As this often turned the tide of battle, the Vampires realized they needed special armor to protect their commanders. Made of White Wolf hide imbued with magic power by 99 Vampires and lined with carbon fiber, this men's Coat protects the commander thoroughly on the battlefield while drawing out his full attack power.
반복되는 난전 속에서 뱀파이어의 지휘관은 언제나 은빛 탄환의 표적물이 되어왔다. 이로 인해 전세가 기우는 일이 종종 발생하면서 뱀파이어들은 그들의 지휘관을 보호할 특수한 방어구의 필요성을 자각한다. 화이트 울프의 가죽에 99명의 뱀파이어가 마법력을 부여하고 탄소섬유를 덧대 만든 이 여성용 코트는 전장속에서 지휘관을 철저히 보호하면서 공격 능력을 최대로 이끌어내 준다.	In one chaotic battle after another, Vampire commanders have always been the targets of silver bullets. As this often turned the tide of battle, the Vampires realized they needed special armor to protect their commanders. Made of White Wolf hide imbued with magic power by 99 Vampires and lined with carbon fiber, this women's Coat protects the commander thoroughly on the battlefield while drawing out her full attack power.
폭탄 및 지뢰 제작, 설치, 지뢰 탐지, 제거 시에 필요한 도구를 담은 툴킷으로, 검은 사각상자 안에 LCD및 검사용 전선과 버튼,장비 등을 장착하고 있다.	A toolkit holding the tools needed to make and set bombs and mines and to detect and remove mines: a black square case fitted with an LCD, test leads, buttons and other equipment.
검(Sword)과 도(Blade)는 접근 전을 주로 하는 전사 계열의 슬레이어들이 애용하는 무기들이다. 전사 계열로 캐릭터를 키우려면 힘(STR)을 올리는데 많은 투자를 해야 한다. 보다 좋은 검/도를 사용하기 위해서도 역시 힘을 올려야 한다.	Swords and Blades are weapons favored by warrior-type Slayers who fight mainly at close range. To raise a warrior-type character you must invest heavily in raising STR. You must also raise STR to use better swords and blades.
검(Sword)은 인류가 사용해오던 가장 오래된 무기중의 하나인, 양쪽 날을 가진 칼을 지칭하는 단어이다. 주로 적을 찌르고 베는 용도로 사용되었으며 수 천년동안 전사들의 사랑을 받았던 검은, 화약을 사용한 총과 대포가 전면적으로 사용되기 시작했던 16세기말 이후부터는 점차 그 효용가치가 떨어지게 되고, 현대에 이르러서는 장식용, 의식용을 제외하고는 거의 쓰이지 않게 되었다. 	The Sword, one of the oldest weapons humanity has used, is the word for a double-edged blade. Used mainly to thrust at and cut enemies, the sword was beloved by warriors for thousands of years, but from the late 16th century, when guns and cannon using gunpowder came into widespread use, it steadily lost its usefulness, and in modern times it was hardly used except for decoration and ceremony.
그러나, 일반적인 총으로는 뱀파이어에게 일시적인 충격 이외의 피해를 주지 못한다는 사실이 알려지게 되자, 슬레이어들은 총을 버리고 뱀파이어를 일격에 베고 찌르는 기술을 연마하기 시작하게 되었다. 그러면서, 뱀파이어와의 싸움에서 승기를 잡기 위해, 역사 속에서 이름을 떨친 위대한 명검을 찾아 나서게 된다. 	However, once it became known that ordinary guns could do Vampires no harm beyond a temporary shock, Slayers abandoned their guns and began to master the art of cutting and stabbing Vampires in a single stroke. And to gain the upper hand in the fight against Vampires, they set out in search of the great swords renowned in history.
검은 도에 비해서 가볍고 빠르며, 보조적으로 방패를 착용해서 방어력을 높일 수 있다. 그러나, 한번에 줄 수 있는 대미지의 양이 도에 비해서 낮다는 단점이 있다.	Swords are lighter and faster than blades, and you can also equip a shield to raise your defense. However, they have the drawback of dealing less damage per hit than blades.
메이스(Mace)는 축복(Enchant) 계열에 입문한 성직자들이 주로 사용하는 접근전용 보조 무기이다. 메이스는 원래 힘이 센 전사들이 상대방의 두꺼운 갑옷을 찌그러뜨리고 직접 몸에 강한 충격을 주기 위해서 사용하던 무기인데, 비록 검이나 도에 비해서 뱀파이어에게 줄 수 있는 대미지가 낮긴 하지만, 성력이 고갈된 성직자가 자신의 몸을 지키기 위한 마지막 수단으로 사용된다.	The Mace is a close-combat secondary weapon used mainly by priests who have entered the Enchant Domain. The mace was originally used by strong warriors to crush the thick armor of their foes and deliver a heavy blow straight to the body; though it deals less damage to Vampires than a sword or blade, it serves as a last resort for a priest whose holy power is exhausted to defend himself.
방어구(Armor)는 슬레이어들이 착용하는 헬멧, 방탄조끼, 장갑, 바지, 신발 등의 보호용 갑옷들을 지칭하는 말이다. 방어구를 살 때 주의 깊게 살펴봐야 할 속성은 바로 디펜스(Defense)와 프로텍션(Protection)이다. 디펜스는 상대방의 명중률에 대응되는 방어 속성이며 프로텍션은 상대방의 대미지에 대응되는 방어 속성이다. 즉 디펜스가 높으면 상대방의 공격에 잘 맞지 않게 되며 프로텍션이 높으면 상대방으로부터 맞더라도 그 피해가 현저하게 감소하게 된다. 그러나, 이 값이 둘 다 높은 방어구는 가격이 매우 비싸다는 점을 꼭 알아두어야 할 것이다.	Armor refers to the protective gear Slayers wear: helmets, bulletproof vests, gloves, trousers, shoes and so on. The attributes to look at carefully when buying armor are Defense and Protection. Defense is the defensive attribute set against the opponent's To Hit, and Protection is the one set against the opponent's Damage. In other words, high Defense means you are rarely hit by attacks, and high Protection means that even when you are hit, the damage is greatly reduced. Bear in mind, though, that armor high in both is very expensive.
헬멧(Helmet)은 슬레이어의 머리를 보호하기 위해서 착용하는 방어구이다.	A Helmet is armor worn to protect a Slayer's head.
방탄조끼(Vest)는 슬레이어의 상반신을 보호하기 위해서 입는 방어구이다.	A Vest is armor worn to protect a Slayer's upper body.
바지(Trouser)는 슬레이어의 하반신을 보호하기 위해서 착용하는 방어구이다.	Trousers are armor worn to protect a Slayer's lower body.
방패(Shield)의 방어력은 다른 어떤 방어구들보다 높다. 그러나, 대부분의 무기들이 양손으로 사용되어야 하기 때문에, 오직 검을 사용하는 슬레이어들만이 착용이 가능하다. 만약 당신이 검을 사용한다면, 가능하면 방패를 들고 다니는 편이 이로울 것이다.	A Shield offers more defense than any other armor. But since most weapons must be used with both hands, only Slayers who use swords can equip one. If you use a sword, you are better off carrying a shield whenever you can.
장갑(Glove)는 뱀파이어의 독과 산으로부터 손을 보호하기 위해서 착용하는 방어구이다.	Gloves are armor worn to protect the hands from Vampire poison and acid.
벨트(Belt)는 허리와 어깨에 둘러매는 띠로, 아이템을 빠르고 쉽게 사용할 수 있는 퀵 아이템 기능을 한다. 최대 8개의 슬랏을 제공하며, 물약 같은 몇몇 아이템들을 한 칸에 쌓을 수도 있다.	A Belt is a strap worn around the waist and shoulders that serves as quick item storage, so items can be used quickly and easily. It provides up to 8 slots, and some items such as potions can be stacked in one slot.
신발(Shoes)은 슬레이어의 발을 보호하기 위해서 착용하는 방어구이다.	Shoes are armor worn to protect a Slayer's feet.
슬레이어들은 바티칸에서 제공하는 마법적인 힘을 가진 반지와 목걸이, 팔찌를 착용함으로써 신체적인 능력을 극한까지 끌어올리게 된다. 이런 악세서리들은 대체로 중세 때 만들어진 것으로, 백마법 또는 흑마술의 놀라운 힘을 가지고 있다. 뱀파이어들 역시 사악한 힘에 의해 만들어진 마법적인 악세서리를 착용하고 있다고 한다.	By wearing rings, necklaces and bracelets with magical power supplied by the Vatican, Slayers push their physical abilities to the limit. Most of these accessories were made in the Middle Ages and hold the astonishing power of white or black magic. Vampires are also said to wear magical accessories created by evil powers.
도(Blade)는 양쪽 날을 모두 세운 검과는 달리, 한쪽 날이 매우 발달되어 주로 베기 용도로 사용되었다. 중국과 일본, 한국 등 극동 지방에서 뛰어난 재질의 도가 아직까지도 제작되고 있으며, 중동 지방과 유럽에서도 다양한 도들이 많이 만들어졌었다. 	Unlike the double-edged sword, the Blade has one highly developed edge and was used mainly for cutting. Blades of superb quality are still made in the Far East, in China, Japan and Korea, and a wide variety of blades were also made in the Middle East and Europe.
도는 검에 비해서 무겁고 느리지만, 일격에 뱀파이어를 두 동강 내어버릴 수 있을 정도로 그 파괴력이 크다. 다크에덴에 등장하는 도들은 거의 대부분 양손으로 사용해야 하기 때문에 방패를 함께 착용할 수는 없다는 단점이 있다. 주로 공격 지향적인 무사들이 도를 애용한다.	Blades are heavier and slower than swords, but powerful enough to cut a Vampire in two with a single stroke. Almost all the blades in DarkEden must be used with both hands, so they have the drawback that you cannot equip a shield with them. They are favored mainly by attack-minded warriors.
목걸이(Necklace), 아뮬렛(Amulet)은 목에 거는 악세서리들이다. 어떤 목걸이들은 마법적인 힘을 지니고 있기 때문에 슬레이어의 능력을 강화시켜준다고 한다.	Necklaces and Amulets are accessories worn around the neck. Some necklaces hold magical power and are said to enhance a Slayer's abilities.
팔찌(Bracelet)는 팔에 차는 악세서리를 가리키는 말이다. 어떤 팔찌는 마법적인 힘을 지니고 있기 때문에 착용자의 능력을 강화시켜준다고 한다.	A Bracelet is an accessory worn on the arm. Some bracelets hold magical power and are said to enhance the wearer's abilities.
반지(Ring)는 손가락에 끼는 악세서리를 가리키는 말이다. 한 손에는 최대 3개까지 낄 수 있으며, 양손에 총 6개까지의 반지를 착용할 수 있다.	A Ring is an accessory worn on the finger. You can wear up to 3 on each hand, for a total of 6 rings on both hands.
이 분류는 총탄, 폭탄과 지뢰, 성수와 물약 등 무기나 방어구, 악세서리를 제외한 모든 종류의 아이템들을 포괄한다.	This category covers every kind of item other than weapons, armor and accessories, such as ammunition, bombs and mines, holy water and potions.
슬레이어는 상처를 치료하고 집중력(또는 성력)을 회복하는데 앰플(Ampul)을 사용하게 된다. 앰플은 치료 앰플(Healing Ampul)과 마나 앰플(Mana Ampul)로 나눠지는데, 치료 앰플은 상처를 치료해주며 마나 앰플은 마나를 회복시켜준다.	Slayers use Ampuls to heal wounds and restore concentration (or holy power). Ampuls are divided into Healing Ampuls and Mana Ampuls: Healing Ampuls heal wounds and Mana Ampuls restore mana.
축복(Enchant) 계열의 성직자들은 마법을 사용해서 평범한 물을 성수를 변화시킬 수 있다. 성수는 뱀파이어에게 쉽게 회복할 수 없는 피해를 입히거나, 축복 마법을 행할 때 필요하다.	Priests of the Enchant Domain can use magic to turn ordinary water into holy water. Holy water inflicts damage on Vampires that they cannot easily recover from, and it is needed to perform blessing magic.
AR, SMG, SG, SR 마다 서로 다른 총알 또는 탄창을 사용해야 한다. 만약 어울리지 않는 탄창을 끼우려고 시도하면 항상 실패할 것이다. 은도금 된 특별한 총알들은 뱀파이어에게 쉽게 재생되지 않는 상처를 입힐 수 있으나, 가격이 비싸다는 것이 흠이다.	AR, SMG, SG and SR each need different bullets or magazines. If you try to load a magazine that does not match, it will always fail. Special silver-plated bullets can inflict wounds that Vampires cannot easily regenerate, but their drawback is the high price.
폭탄(Bomb)은 군인들이 뱀파이어에게 던져 폭발 시키는 무기이며, 지뢰(Mine)는 매설한 상태에서 누군가가 밟고 지나가면 넓은 지역에 피해를 주는 폭발성 무기이다. 툴킷(Toolkit)은 폭탄과 지뢰를 만들 때 사용하는 제작 도구이다.	Bombs are weapons soldiers throw at Vampires to explode, and Mines are explosive weapons that, once laid, damage a wide area when someone steps on them. A Toolkit is the crafting tool used to make bombs and mines.
자질구레한 아이템들이 이 분류에 속한다.	Miscellaneous items belong to this category.
총은 원거리 전투를 주로 하는 군인 계열의 슬레이어들이 애용하는 무기이다. 총은 거리, 화력, 속도 등에 따라서 소총(AR, Assasult Rifle), 서브 머신 건(SMG, Sub-Machine Gun), 산탄 총(SG, Shot-Gun), 스나이퍼 건(SR, Sniper Rifle)으로 나뉘어진다. 보다 좋은 총을 사용하기 위해서는 민첩성(DEX)을 높여야 한다.	Guns are the weapons favored by soldier-type Slayers who fight mainly at range. Guns are divided by range, firepower and speed into Assault Rifles (AR), Sub-Machine Guns (SMG), Shotguns (SG) and Sniper Rifles (SR). To use better guns you must raise DEX.
서브 머신 건(SMG,Sub-Machine Gun)은 대테러 부대, 특수부대 원들이 주로 사용하는 가볍고 휴대가 간편한 작은 총들을 가리키는 말이다. 소총에 비해서 작고 가볍지만 명중률과 대미지가 다른 총에 비해서 낮은 편이다. 서브머신건은 소총과 마찬가지로 거의 대부분의 기술을 사용할 수 있다.	Sub-Machine Guns (SMG) are small, light, easy-to-carry guns used mainly by counter-terrorism and special forces troops. They are smaller and lighter than assault rifles, but their accuracy and damage are lower than other guns'. Like assault rifles, SMGs can use almost every skill.
소총(AR, Assault Rifle)은 대부분의 군인들이 애용하는 총이다. 높은 파괴력과 명중률을 자랑하는 이 무기는 비교적 긴 총신과 개머리판이 특징이다. 소총은 Quick Fire, Multi Shot, Head Shot, Piercing 등 대부분의 기술을 사용할 수 있는 무기이다.	Assault Rifles (AR) are the guns most soldiers favor. Boasting high firepower and accuracy, these weapons are marked by a relatively long barrel and a stock. Assault rifles can use most skills, such as Quick Fire, Multi Shot, Head Shot and Piercing.
산탄 총(SG,Shot Gun)은 작은 탄환을 한꺼번에 발사하는 폭발적인 파괴력을 가진 총이다. 그러나, 이 파괴력은 단지 근거리에서만 의미가 있으며 거리가 멀리 떨어질 경우 뱀파이어에게 거의 피해를 주지 못하게 된다. 따라서, 이 총을 사용하려면 항상 적과 근접해야만 한다는 단점이 있다. 산탄 총을 들었을 때에는 Quick Fire/Piercing 같은 기술을 사용할 수 없다.	Shotguns (SG) fire many small pellets at once with explosive destructive power. But that power only counts at close range; at a distance they do almost no harm to Vampires. So they have the drawback that you must always stay close to the enemy to use them. With a shotgun in hand you cannot use skills such as Quick Fire/Piercing.
스나이퍼 라이플(SR, Sniper Rifle)은 스나이퍼들이 원거리에서 뱀파이어의 머리나 심장을 날려 버릴 때 사용하는 무기이다. 발사속도가 매우 느리지만, 명중률과 파괴력은 그 어떤 총보다도 뛰어나다. 가장 긴 사정거리를 가진 무기이지만, 이 무기를 들고 있을 때에는 Quick Fire/ Multi Shot/ Head Shot 등의 기술을 사용할 수 없다는 단점이 있다.	Sniper Rifles (SR) are the weapons snipers use to blow off a Vampire's head or heart from long range. Their rate of fire is very slow, but their accuracy and destructive power beat any other gun. They have the longest range of any weapon, but the drawback that while holding one you cannot use skills such as Quick Fire/ Multi Shot/ Head Shot.
십자가(Cross)와 메이스(Mace)는 성직자 계열의 슬레이어들이 보조 무기로 사용하곤 한다. 검이나 도에 비해서 줄 수 있는 대미지가 높지 않지만, 힘이 비교적 낮은 성직자들이 최후의 순간 자신의 몸을 방어하기 위해서 사용한다. 보다 좋은 십자가/메이스를 사용하려면 지식(INT)을 높여야 한다.	Crosses and Maces are used as secondary weapons by priest-type Slayers. They do less damage than swords or blades, but priests, whose strength is relatively low, use them to defend themselves in the final moment. To use better crosses and maces you must raise INT.
십자가(Cross)는 치료(Heal) 계열에 입문한 성직자들이 주로 사용하는 접근전용 보조 무기이다. 일반적인 십자가를 대형화한 무기로, 신심 깊은 성직자들이 모든 성력을 담은 채로 전투에 임하게 되면, 아무리 뱀파이어라 할지라도 두려움에 떨지 않을 수 없을 것이다.	The Cross is a close-combat secondary weapon used mainly by priests who have entered the Heal Domain. It is an enlarged version of an ordinary cross, and when devout priests enter battle with all their holy power poured into it, even Vampires cannot help trembling in fear.
두 사람의 사랑을 증명해주는 커플링.	A couple ring that proves the love between two people.
과거 아랍의 사형 집행인들이 사용했다고 알려지는 가면으로 사형 당하는 자의 원망이 자신에게 돌아오는 것을 막아주는 것으로 여겨졌다. 오랜 세월에 걸쳐 수많은 사형 집행인에게 사용된 이 가면에는 수없이 많은 사형당한 자의 원망과 공포심이 담겨져 있다. 가면에서 배어 나오는 공포심은 이를 보는 자를 속박하여 전의를 상실케 한다고 알려지고 있다.	A mask said to have been used by Arab executioners of old, believed to keep the resentment of the executed from coming back upon them. Used by countless executioners over long years, this mask holds the resentment and terror of countless people put to death. The terror seeping from the mask is said to bind whoever sees it and rob them of the will to fight.
달의 기운을 받아 만든 초승달 모양의 황금 줄무늬 장식이 달린 목걸이로, '달의 여신'이라고도 부른다. 이 목걸이는 달의 주기에 영향을 받기 때문에, 초승달이 나타나는 월령(月齡) 3의 달, 즉 음력 초사흗날 저녁에는, 팬던트가 불그스름한 빛을 띤다. (음력 초사흗날, 초승달이 지구로부터 반사된 빛으로 인해 불그스름하게 보인다고 한다.) 방어력과 내구성면에서 가장 월등한 팬던트이다.	A necklace imbued with the energy of the moon, bearing a crescent-shaped ornament with golden stripes; it is also called the 'Moon Goddess'. Because the necklace is influenced by the lunar cycle, on the evening of the third day of the lunar month, when the moon is 3 days old and appears as a crescent, the pendant takes on a reddish glow. (On the third day of the lunar month, the crescent is said to look reddish because of light reflected from the Earth.) It is the most superior pendant in defense and durability.
서구의 신비종교단체 중의 하나인 황금여명회의 상징으로, 창조적 의지와 의식의 집중을 위한 서클릿이 될 수 있다. 이 상징은 '황금여명 헤르메스 교단(Hermetic Order of the Golden Dawn)'이라는 신비주의 종교단체의 상징물이다. 이 교단은 서양 근대의 마술적 신비단체 중에서 가장 큰 영향력을 가지고 있으며, 오늘날까지도 이 단체에 근거를 둔 여러 신비단체들이 존재한다. 황금 여명회는 고대의 신화와 상징에 큰 관심을 가져서 그들의 상징체계에도 이러한 고대적 요소들이 많이 섞여 들어가 있다. 여기 보이는 상징의 형상도 기본적으로는 이집트의 아톤 신의 상징인 날개달린 태양 원반과 성사(聖蛇) 우라에우스가 결합되어 만들어진 것이다. 	The symbol of the Golden Dawn, one of the West's esoteric religious societies; it makes a Circlet for creative will and focus of mind. This symbol is the emblem of the mystical society called the Hermetic Order of the Golden Dawn. The order was the most influential of the modern Western magical and mystical societies, and many mystical groups based on it still exist today. The Golden Dawn took a great interest in ancient myths and symbols, and many ancient elements found their way into its own symbolism. The symbol shown here is essentially a combination of the winged sun disc, symbol of the Egyptian god Aten, and the sacred serpent, the uraeus.
크룩 엣서(180)는 30등급 이상의 슬레이어가 사용할 수 있는 메이스입니다. 이 아이템은 기존 승직 메이스에 올드 드롭을 인첸트 함으로써 얻을 수 있습니다.	The Crook Asser (180) is a Mace usable by Slayers of Advancement grade 30 and above. It can be obtained by enchanting an existing Advancement Mace with an Old Drop.
크룩 엣서(195)는 45등급 이상의 슬레이어가 사용할 수 있는 메이스입니다. 이 아이템은 기존 승직 메이스에 올드 드롭을 인첸트 함으로써 얻을 수 있습니다.	The Crook Asser (195) is a Mace usable by Slayers of Advancement grade 45 and above. It can be obtained by enchanting an existing Advancement Mace with an Old Drop.
크룩 엣서(215)는 65등급 이상의 슬레이어가 사용할 수 있는 메이스입니다. 이 아이템은 기존 승직 메이스에 올드 드롭을 인첸트 함으로써 얻을 수 있습니다.	The Crook Asser (215) is a Mace usable by Slayers of Advancement grade 65 and above. It can be obtained by enchanting an existing Advancement Mace with an Old Drop.
크룩 엣서(230)는 80등급 이상의 슬레이어가 사용할 수 있는 메이스입니다. 이 아이템은 기존 승직 메이스에 올드 드롭을 인첸트 함으로써 얻을 수 있습니다.	The Crook Asser (230) is a Mace usable by Slayers of Advancement grade 80 and above. It can be obtained by enchanting an existing Advancement Mace with an Old Drop.
크룩 엣서(250)는 100등급 이상의 슬레이어가 사용할 수 있는 메이스입니다. 이 아이템은 기존 승직 메이스에 올드 드롭을 인첸트 함으로써 얻을 수 있습니다.	The Crook Asser (250) is a Mace usable by Slayers of Advancement grade 100 and above. It can be obtained by enchanting an existing Advancement Mace with an Old Drop.
가운데 십자가 모양은 라틴식 십자가를 사용하고 있다. 팔찌 주위에는 의미를 알 수 없는 복잡한 문양이 그려져 있으며, 마치 주변의 것들이 십자가를 감싸고 있는 듯한 모양이다. 십자가를 싸고 있는 둥근 원모양은 세계이고, 주위의 작은 원들은 종족, 인종 등 그 외의 것들을 뜻하며, 카톨릭이 세계의 중심이라는 것을 의미한다. 카톨릭 세계관에 기원한 팔찌이다.	The cross in the center is a Latin cross. Around the bracelet runs a complex pattern of unknown meaning, as if everything around it were enfolding the cross. The round circle surrounding the cross is the world, and the small circles around it stand for races, peoples and everything else, signifying that Catholicism is the center of the world. A bracelet rooted in the Catholic worldview.
구리로 만든 붉은 십자가가 달린 목걸이이다. 십자가의 표면은 그리스도의 성혈인 붉은색을 띠고 있다. 붉은 색은 그 나름대로의 마력을 지니고 있어서 그것을 사용하는 사람에 따라서 그 힘의 세기가 달라진다고 한다. 크로스 펜던트의 특징은 그 펜던트 자신이 자신의 주인을 고를 수 있다. 사용자가 펜던트에 깃든 힘보다 세면 사용자의 의지에 따라 사용할 수 있지만, 반대의 경우엔, 펜던트의 의지에 따라서 행동하게 된다. 폭주할 가능성도 있다고 한다.	A necklace with a red cross made of copper. The surface of the cross is the red of Christ's holy blood. Red holds a magic power of its own, and its strength varies with the person who uses it. The distinctive trait of the Cross Pendant is that the pendant itself can choose its master. If the user is stronger than the power within the pendant, it can be used at the user's will, but in the opposite case the user acts at the pendant's will. It is said it may even run wild.
Crossbow 가 해체된 상태. 뇌관과 C4 가 들어갈 철제로 된 원통과 긴 손잡이, 안전 마개 및 뇌관, 격발기등으로 구성되어 있다. 	The Crossbow in dismantled form. It consists of a steel cylinder to hold the primer and C4, a long handle, a safety cap, a primer, a firing mechanism and so on.
다량의 C4가 담긴 폭탄으로, 무식하게 생긴 만큼 높은 파괴력을 자랑한다. 생긴 모양때문에 '방망이 수류탄'으로도 불리며 정확하게 목표물에 명중하고 멀리 날아가긴 하지만, 무게가 무겁고 휴대하기는 불편하다는 단점을 가지고 있다. 독일군이 쓰던 수류탄으로, 안전용의 마개를 열고 고리모양의 추가 달린 격발끈을 잡아당겨 마찰에 의해 신관을 작동시킨다. 이 수류탄은 파편발생이 적기 때문에 탄두부분에 파편형성용 금속판을 달아 사용하기도 한다.	A bomb packed with a large amount of C4; as crude as it looks, it boasts high destructive power. Because of its shape it is also called the 'stick grenade', and though it flies far and hits its target accurately, it has the drawbacks of being heavy and awkward to carry. A grenade used by the German army: you open the safety cap and pull the firing cord with its ring-shaped weight, which sets off the fuse by friction. Since this grenade produces few fragments, a metal fragmentation sleeve is sometimes fitted to the warhead.
크루시스(180)는 30등급 이상의 슬레이어가 사용할 수 있는 십자가입니다. 이 아이템은 기존 승직 십자가에 올드 드롭을 인첸트 함으로써 얻을 수 있습니다.	The Crucis (180) is a Cross usable by Slayers of Advancement grade 30 and above. It can be obtained by enchanting an existing Advancement Cross with an Old Drop.
크루시스(195)는 45등급 이상의 슬레이어가 사용할 수 있는 십자가입니다. 이 아이템은 기존 승직 십자가에 올드 드롭을 인첸트 함으로써 얻을 수 있습니다.	The Crucis (195) is a Cross usable by Slayers of Advancement grade 45 and above. It can be obtained by enchanting an existing Advancement Cross with an Old Drop.
크루시스(215)는 65등급 이상의 슬레이어가 사용할 수 있는 십자가입니다. 이 아이템은 기존 승직 십자가에 올드 드롭을 인첸트 함으로써 얻을 수 있습니다.	The Crucis (215) is a Cross usable by Slayers of Advancement grade 65 and above. It can be obtained by enchanting an existing Advancement Cross with an Old Drop.
크루시스(230)는 80등급 이상의 슬레이어가 사용할 수 있는 십자가입니다. 이 아이템은 기존 승직 십자가에 올드 드롭을 인첸트 함으로써 얻을 수 있습니다.	The Crucis (230) is a Cross usable by Slayers of Advancement grade 80 and above. It can be obtained by enchanting an existing Advancement Cross with an Old Drop.
생명력(HP) : +900	HP : +900
크루시스(250)는 100등급 이상의 슬레이어가 사용할 수 있는 십자가입니다. 이 아이템은 기존 승직 십자가에 올드 드롭을 인첸트 함으로써 얻을 수 있습니다.	The Crucis (250) is a Cross usable by Slayers of Advancement grade 100 and above. It can be obtained by enchanting an existing Advancement Cross with an Old Drop.
마스터 수준에 오른 자들은 몸에서 발산하는 기운으로 자신의 능력을 외부적으로 표현한다. 이때 수 백년에 걸쳐 정제된 마법석을 사용하면 기운이 변화되며 특유의 색상이 오오라에 반영된다고 한다.	Those who have reached the level of a Master express their ability outwardly through the energy their bodies give off. It is said that using a magic stone refined over hundreds of years changes this energy and gives the aura its own distinctive color.
쿼러시어 쿼스는 17세기 초반에 등장했던 갑옷의 하의 부분으로, 전쟁터에서 기동성을 높이기 위해 하반신과 가동 부분을 가능한 배제시킨 갑옷이다. 총기가 발달했던 근세에 주류를 이룬 서유럽 마지막 갑옷이였으나, 최근 뱀파이어들과의 전쟁에서, 그들의 마법을 방어하기에 적절한 형태로 다시 개량하여 사용되고 있다.	The Cuirassir cuisse is the lower part of an armor that appeared in the early 17th century, an armor that did away with as much of the lower-body and moving parts as possible to increase mobility on the battlefield. It was the last major armor of Western Europe in the early modern age, when firearms were developing, but it has recently been improved again into a form suited to defending against Vampire magic in the war against them.
쿼러시어 갑옷의 건틀릿 부분으로, 전쟁터에서 기동성과 공격성을 높이기 위해 손가락 마디 관절의 움직임에 제한을 최소한 시킨 건틀릿이다. 총기가 발달했던 근세에 주류를 이룬 서유럽 마지막 건틀릿이였으나, 최근 뱀파이어들과의 전쟁에서, 그들의 마법을 방어하기에 적절한 형태로 다시 개량하여 사용되고 있다.	The gauntlet of the Cuirassir armor, designed to restrict the finger joints as little as possible to increase mobility and offensive power on the battlefield. It was the last major gauntlet of Western Europe in the early modern age, when firearms were developing, but it has recently been improved again into a form suited to defending against Vampire magic in the war against them.
쿼러시어 아머는 17세기 초반에 등장했던 갑옷으로, 전쟁터에서 기동성을 높이기 위해 하반신과 가동 부분을 가능한 배제시킨 갑옷이다. 총기가 발달했던 근세에 주류를 이룬 서유럽 마지막 갑옷이였으나, 최근 뱀파이어들과의 전쟁에서, 그들의 마법을 방어하기에 적절한 형태로 다시 개량하여 사용되고 있다.	The Cuirassir armor appeared in the early 17th century, an armor that did away with as much of the lower-body and moving parts as possible to increase mobility on the battlefield. It was the last major armor of Western Europe in the early modern age, when firearms were developing, but it has recently been improved again into a form suited to defending against Vampire magic in the war against them.
피가 베인 뱀파이어의 송곳니가 달린 목걸이이다. 피의 계약으로 이루어진 펜던트로 뱀파이어가 된 후 맨 먼저 피를 흡혈한 인간의 송곳니를 뽑아 그의 피를 적셔서 만든다. 축하의 기념으로 만드는 목걸이. 뱀파이어가 된 '피의 목걸이'또는 '축복의 목걸이'라고 불리 운다.	A necklace bearing a blood-soaked fang. A pendant born of a blood pact, it is made after one becomes a Vampire by pulling a canine tooth from the first human whose blood one drained and soaking it in that person's blood. A necklace made in celebration, it is called the 'Necklace of Blood' or the 'Necklace of Blessing', marking one's birth as a Vampire.
뱃사람들이 주로 사용한 검이 커틀러스이다. 도의 길이는 50~60cm, 무게는 1.2~1.4kg 폭은 3~5cm 커틀래스는 초기의 행거와 같은 형태를 가지고 있던 검으로, 18세기경 뱃사람들에 의해 널리 사용되었다. 군함이나 해적선에는 적군의 배로 갈아타거나 쳐들어 갈 때 중요한 무기가 되었다.	The cutlass was the sword mainly used by sailors. Blade length 50-60 cm, weight 1.2-1.4 kg, width 3-5 cm. The cutlass, which had the same form as the early hanger, was widely used by sailors around the 18th century. On warships and pirate ships it was an important weapon for boarding or storming enemy vessels.
가장 흔하게 구할 수 있는 도로 슬레이어 들이 본격적인 도를 다루기 전에 사용한다.	The most commonly available blade, used by Slayers before they take up proper blades.
푸른 창공을 날아다는 새의 날렵함은 여느 동물보다 단연 으뜸일 것이다. 하늘을 유유히 날아다니다가 목표물이 정해지면 매우 빠른 속도로 먹이를 잡아 먹는 독수리가 그것이다.	Surely no animal matches the agility of a bird flying through the blue sky. The eagle is such a bird: it soars leisurely through the sky, and once it picks a target it swoops at great speed to seize its prey.
Cyan Star 아이템은 이벤트 아이템으로써 종족과 위치에 따라서 아래의 NPC 에게서 아이템 혹은 돈으로 교환할 수 있다. 	The Cyan Star is an event item that can be exchanged for items or money with the NPCs below, depending on your race and location.
용도 : 별의 갯수가 20 / 40 / 60 / 80 / 100 개 일때 교환이 가능하며, 공격속도 옵션이 붙은 고급 아이템 혹은 돈으로 교환할 수 있다.	Use: Stars can be exchanged once you have 20 / 40 / 60 / 80 / 100 of them, for high-grade items with an Attack Speed option or for money.
적의 발목에 휘감겨 폭발하는 폭탄으로 크기에 비해 센 파괴력을 자랑하는 폭탄이다. 파편이 많이 발생되는 폭탄이며, 몸통이 파편수류탄의 형태로, 파편이 다량으로 생성될 수 있게 만들었다. 상대방의 발목에서 폭발하기 때문에 이것을 감은 상대방은 살아남 지 못한다. 적의 발목에 감아야 하는 설치의 어려움이 따른다.	A bomb that winds around an enemy's ankle and explodes, with destructive power far beyond its size. Its body is built like a fragmentation grenade so that it throws out a great deal of shrapnel. Because it detonates at the ankle, no one it is wrapped around survives. Its drawback is that it is hard to set: it has to be wound around the enemy's ankle.
오각형 별 모양에 해골이 있는 펜던트로, 전체가 검은색이다. 검은색과 해골이라는 것으로 어둠과 죽음을 나타내고 있으며, 또한 시, 공간적 영원성을 나타내고 있으며, 그것을 초월하는 뱀파이어를 상징하기도 한다. 역 오각형 별꼴은 악, 요술, 검은 마술을 나타내며, 또한 <악마의 염소>와 마녀의 발을 나타낸다.	A pendant in the shape of a five-pointed star bearing a skull, black all over. The black and the skull stand for darkness and death, and also for eternity in time and space, and so symbolise the Vampires who transcend them. The inverted pentagram stands for evil, sorcery and black magic, and also depicts the "Goat of the Devil" and the witch's foot.
뱀파이어의 태양 내성을 강화하기 위해 고안된 귀걸이이다. 아무리 내성이 있다고는 해도 강렬한 태양아래에서는 어느정도 힘이 약해지는 것이 사실이다. 하지만 이 데쓰 썬 이어링은 일정 반경아래 내려쬐는 태양빛을 모두 흡수해 다시 하늘로 반사시키거나 일정방향으로 반사시킬수가 있다. 재질은 은으로 되어있으며 태양 문양의 메달 가운데에는 빨간색의 루비가 박혀있다. 	An earring designed to strengthen a Vampire's resistance to the sun. However resistant they may be, it is true that Vampires grow somewhat weaker under a blazing sun. The Death Sun Earring, however, can absorb all the sunlight falling within a certain radius and reflect it back into the sky or in a chosen direction. It is made of silver, with a red ruby set in the center of a sun-patterned medallion.
뱀파이어의 답답해 보일 정도로 두꺼운 코트는 빛에 약한 자신들의 신체를 보호하는 동시에 품위를 내세우는 뱀파이어 마스터들이 고집스럽게 유지해온 전통적인 것이었다. 하지만 빛에 대한 두려움이 사라진 에슬라니아 지역에서 이런 무거운 코트는 거추장스러운 것이었다. 젊은 뱀파이어들은 마스터들이 내세우는 품위보다는 활동성에 초점을 맞춘 복장을 선호하게 되었고 이런 복장에는 그들의 마음 속에 마스터의 그늘에서 벗어나고자 하는 욕망이 자리잡고 있음을 나타내는 것이다. 	The Vampires' coats, so thick they look stifling, were a tradition stubbornly kept by the Vampire Masters, protecting bodies vulnerable to light while displaying their dignity. But in Eslania, where the fear of light has vanished, such heavy coats became a burden. Young Vampires came to prefer clothing built for mobility over the dignity the Masters insist on, and this taste reveals a desire in their hearts to step out of the Masters' shadow.
희망의 정령인 데지리쉬는 신이 인간에게 부여한 판도라의 상자에 담겨있던 최후, 최고의 신의 선물이라고도 불린다. 좌절에 빠진 자들에게 희망을 주어 어떠한 어려움도 헤쳐나갈수있게 한다라는 말이 있어, 이 정령을 만난다는 곳은 최고의 행운이라고 여기어 지기도 한다. 데지리쉬의 기운이 깃든 물건을 만든다는 것은 자신의 평생의 행운을 다 소모해야 될 만큼 힘든 일이여서, 고대부터 지금까지 이를 소유하고 있는 이들은 극소수라고 한다. 	Desirish, the spirit of hope, is also called the last and greatest gift of the gods, kept in the Pandora's box the gods gave to mankind. It is said to give hope to those in despair so that they can overcome any hardship, and meeting this spirit is thought to be the greatest of fortunes. Making an object imbued with Desirish's energy is so hard that it would use up a whole lifetime's luck, so from ancient times to this day only a very few have ever owned one.
담피르는 뱀파이어와 인간 사이에 태어난 아이들을 지칭하는 말로, 이들의 대부분은 성장하여 뱀파이어를 퇴치하는 직업을 행하였다고 한다. 이들이 인간들과 함께 살기 위해서 그들의 주체할수 없는 뱀파이어의 본성을 자제하기 위하여 제작된 팔찌이다. 보통의 인간이 착용할 경우는 담피르의 내제된 마력의 힘을 받을 수 있다고 한다.	"Dhampir" is the word for children born of a Vampire and a human; most of them are said to have grown up to become vampire hunters. This bracelet was made to help them restrain their uncontrollable vampire nature so that they could live among humans. When an ordinary human wears it, it is said to grant the magic power latent in a dhampir.
고대 이집트에서 태양의 신이자 세계의 신성한 지배자로 섬겨졌던 아톤의 서클릿이다. 이 상징은 앙크나 스카라베우스 만큼 자주 등장하는 이집트 상징은 아니지만, 그에 못지 않을 만큼 대표적인 이집트의 상징이다. 이집트 신화 속의 아톤(Aton)신을 나타낸다. 이유는 정확히 밝혀져 있지 않지만 아케나텐 파라오는 이집트의 다른 모든 신들에 대한 숭배를 금지하고 오로지 아톤만을 숭배할 것을 명령한 것이다. 이른바 이집트 종교가 유일신 종교로 전환된 것이다. 이 때의 아톤신은 태양의 지배자, 하늘의 지배자, 세계의 창조주 등으로 묘사되었으며, 신성과 완전함, 힘을 상징하게 된다. 즉 가장 위대한 권력의 상징인 것이다. 하지만 아케나텐 파라오가 죽은 후 몇 년 뒤 즉위한 소년왕 투탄카멘 때에 이르러 이러한 아톤 신앙은 쇠퇴하고 아톤신앙의 중심지였던 아케타텐이라는 도시도 몰락하고 말았다고 한다.	The circlet of Aton, worshipped in ancient Egypt as the sun god and the divine ruler of the world. This symbol does not appear as often as the ankh or the scarab, but it is no less representative of Egypt. It represents the god Aton of Egyptian myth. For reasons that remain unclear, the pharaoh Akhenaten banned the worship of every other Egyptian god and ordered that Aton alone be worshipped; Egyptian religion, in other words, became monotheistic. Aton was then depicted as ruler of the sun, ruler of the heavens and creator of the world, and came to symbolise divinity, perfection and power: in short, the symbol of the greatest authority. But under the boy king Tutankhamun, who took the throne a few years after Akhenaten's death, the worship of Aton declined, and Akhetaten, the city at the heart of that faith, fell into ruin.
Diamond Back 가 해체된 상태. 납작한 원통형의 철제 외관과 상단에 부착될 촉발 스위치로 구성되어 있다. 철제 외관의 안에는 다량의 화약과 신관 및 뇌관으로 구성되어 있다.	A disassembled Diamond Back. It consists of a flat cylindrical steel casing and a trigger switch to be fitted on top. Inside the steel casing are a large charge of explosive, a fuse and a detonator.
위에 부착된 뇌관을 밟으면 터지는 스위치식 지뢰로, 조작법이 간단하고 소지하기 편하여 많이 쓰인다. 납작한 원통형 모양으로, 지하에 매설해서 사용하며 수직방향의 폭발효과가 나타난다. 숨기기엔 가장 간편해서 널리 이용되나, 매설한 후 매설된 곳을 잘 몰라서 밟고 터지는 경우가 허다하다고 한다. 대전차 지뢰로 많이 쓰였으며, 적군의 근접통과 시에 폭발하도록 만들어졌다.	A switch-type mine that goes off when the detonator fitted on top is stepped on; simple to operate and easy to carry, it is widely used. Flat and cylindrical, it is buried underground and blasts straight upward. Being the easiest mine to hide, it is used everywhere, but it is said that people often lose track of where they buried it and set it off themselves. It was often used as an anti-tank mine and was made to explode when enemy troops passed close by.
컴퓨터 룸에서 사용되는 물건이다. 뱀파이어에 대한 체계적인 정리가 되어 있는 것으로, 현재까지 알려진 뱀파이어에 관한 정보 이외의 것들이 적혀 있다. 전투를 마치고 본부로 돌아온 슬레이어가 전투 후의 상황을 정리하여 보고한 것을 토대로 만들어진 것이다. 임시로 만들어 놓은 파일 자료를 토대로, 뱀파이어의 서식 및 출몰지역 등의 유용한 자료가 정리되어 있다.	An item used in the computer room. It holds a systematic record of the Vampires, including information beyond what has been known about them so far. It was compiled from the reports of Slayers who returned to headquarters and wrote up the situation after battle. Based on provisional files, it organizes useful data such as the Vampires' habitats and the areas where they appear.
축제용 폭죽입니다. 오른 클릭으로 폭죽을 사용하면 밤 하늘을 아름답게 수놓아줍니다. 드래곤 폭죽은 용의 모양을 형상화한 거대 폭죽 입니다.	A festival firecracker. Right-click to set it off and it will paint the night sky beautifully. The Dragon Firecracker is a huge firework shaped like a dragon.
용의 문양이 방패에 양각되어 있다. 방패의 중앙은 나무로 장식이 되어 있지만 방패의 후면과 테두리는 판금으로 작업이 되어 있기 때문에 강한 내구성과 충격 흡수력을 지니고 있다. 드래곤 실드는 강철로 제작되었다. 무게가 강철을 사용한 것에 비해 무거운 편은 아닌데, 합금강을 특수 제작했기 때문이라고 한다. 이 드래곤 쉴드의 특징은 뱀파이어 마스터의 한명인 블라드 테페즈 가문에서 전해 내려오는 방패라고 한다. 그가 뱀파이어로 변하기 전에 전쟁에 나갈 때 사용하던 것이다. 이 방패를 사용한다고 해서 뱀파이어가 되는 것은 물론 아니라고 한다. 그런데 이 방패가 어떤 경로로 이곳에 있는지는 아무도 모른다고 한다. 블라드의 성을 침투했던 슬레이어가 전리품으로 가져온 것일지도.	A shield with a dragon emblem embossed on it. The center of the shield is decorated with wood, but the back and rim are worked in sheet metal, giving it great durability and shock absorption. The Dragon Shield is made of steel, yet it is not heavy for a steel shield, reportedly because it is made of a specially produced alloy steel. What sets it apart is that it is said to have been handed down in the family of Vlad Tepes, one of the Vampire Masters. He carried it into war before he became a vampire. Using this shield does not, of course, turn you into a vampire. Yet no one knows how it came to be here. Perhaps a Slayer who infiltrated Vlad's castle brought it back as a trophy.
갈수록 강력해져가는 뱀파이어의 무서운 공격력에 견뎌내기 위해 특별 주문된 남성용 전투복이다. 내열성 나일론에 그물 모양의 탄소 섬유를 겹쳐 만든 슈츠에 티타늄 합금의 금속제 갑옷을 덧씌워 만들었다. 위성 항법 장치 등의 특수 장비를 옵션으로 부착할 수 있다. 뛰어난 방어력과 활동성을 겸비한 최고의 방어구로 평가받고 있다.	A men's combat suit specially ordered to withstand the fearsome, ever-growing attack power of the Vampires. A suit of heat-resistant nylon layered with carbon-fiber mesh is covered with titanium-alloy metal armor. Special equipment such as a satellite navigation system can be fitted as an option. It is regarded as the finest armor, combining superb defense with mobility.
갈수록 강력해져가는 뱀파이어의 무서운 공격력에 견뎌내기 위해 특별 주문된 여성용 전투복이다. 내열성 나일론에 그물 모양의 탄소 섬유를 겹쳐 만든 슈츠에 티타늄 합금의 금속제 갑옷을 덧씌워 만들었다. 위성 항법 장치 등의 특수 장비를 옵션으로 부착할 수 있다. 뛰어난 방어력과 활동성을 겸비한 최고의 방어구로 평가받고 있다.	A women's combat suit specially ordered to withstand the fearsome, ever-growing attack power of the Vampires. A suit of heat-resistant nylon layered with carbon-fiber mesh is covered with titanium-alloy metal armor. Special equipment such as a satellite navigation system can be fitted as an option. It is regarded as the finest armor, combining superb defense with mobility.
Dragon's cor armor의 성능이 실전을 통해 입증되면서 추가적으로 개발된 남성용 전투복이다. 같은 소재의 슈츠 위에 백금으로 코팅된 금속 갑옷을 덧대었고 순금의 무릅 보호대를 붙여 마무리했다. 시험적으로 체력과 정신력을 강화해줄 특별한 마법을 부여했으며, Dragon's cor armor와 함께 최고의 방어구 셋트가 될 것을 기대받고 있다.	A men's combat suit developed after the Dragon cor Armor proved itself in real combat. Platinum-coated metal armor is laid over a suit of the same material, finished with knee guards of pure gold. It has been experimentally imbued with a special magic that strengthens body and mind, and it is expected to form the finest armor set together with the Dragon cor Armor.
Dragon's cor armor의 성능이 실전을 통해 입증되면서 추가적으로 개발된 여성용 전투복이다. 같은 소재의 슈츠 위에 백금으로 코팅된 금속 갑옷을 덧대었고 순금의 무릅 보호대를 붙여 마무리했다. 시험적으로 체력과 정신력을 강화해줄 특별한 마법을 부여했으며, Dragon's cor armor와 함께 최고의 방어구 셋트가 될 것을 기대받고 있다.	A women's combat suit developed after the Dragon cor Armor proved itself in real combat. Platinum-coated metal armor is laid over a suit of the same material, finished with knee guards of pure gold. It has been experimentally imbued with a special magic that strengthens body and mind, and it is expected to form the finest armor set together with the Dragon cor Armor.
드라이어드는 나무의 정령 중 하위정령급으로 엘프가 자주 불러 장난을 치는 엘프의 놀이상대이기도 하다. 가끔 엘프가 사는 숲을 무단으로 침입한 자의 발을 묶어두는 가드(Guard) 의 역할을 하기도 한다. 이들의 힘이 깃든 신발을 신을 경우에는 숲에서 길을 잃지 않으며, 지치지 않고 걸을 수 있다고 한다. 	The dryad is a lesser tree spirit and a playmate the elves often summon for fun. At times it also acts as a guard, binding the feet of anyone who trespasses into the forests where the elves live. It is said that whoever wears shoes imbued with their power never gets lost in the forest and can walk without tiring.
드라이어드는 나무에 살며 나무와 운명을 같이합니다. 외견상으로는 작은 몸집과 녹색 머리를 가진 미녀인 그녀들은 정형적인 그리스 신화의 요정으로, 자신들의 특기 분야에서는 상당한 힘을 가지고 있기 때문에 보기보다는 훨씬 위험한 존재입니다. 이런 드라이어드를 사로잡기 위해서는 그들이 사는 나무의 줄기로 그들을 결박하는 방법뿐입니다. 이렇게 결박당한 드라이어드는 그 줄기에 깃들게 되고 그 힘을 이용할 수 있게 된다고 합니다.	Dryads live in trees and share their trees' fate. Outwardly they are beauties with small bodies and green hair, typical nymphs of Greek myth, but within their own domain they hold considerable power, which makes them far more dangerous than they look. The only way to capture a dryad is to bind her with a shoot of the very tree she lives in. A dryad bound this way comes to dwell in the shoot, and her power can then be used.
무기 상인은 이 헬멧이 백년 전쟁때 프랑스의 어느 귀족이 사용하던 것이라며 너스레를 떨지만, 외관과는 달리 독일 HAC사에서 제작된 최신형 전투 헬멧이다. 대 뱀파이어용으로 개량되어 충격에 강한 특수 ABS 외피에 은을 도금한 뒤 다시 금으로 마무리하였다. 가상현실 디스플레이, GPS 수신기, 360도 관측 비디오 카메라, 야간투시장비, 헤드폰과 음성인식 마이크 등의 특수 장비가 부착되어 있다.	Arms dealers like to spin a tale that this helmet belonged to a French noble in the Hundred Years' War, but despite its looks it is the latest combat helmet made by Germany's HAC. Modified for use against Vampires, its shock-resistant special ABS shell is plated in silver and then finished in gold. It is fitted with special equipment such as a virtual reality display, a GPS receiver, a 360-degree observation video camera, night-vision gear, headphones and a voice-recognition microphone.
거의 사람 키에 육박하는 거대한 칼로 두 손으로 사용할 수 밖에 없기 때문에 듀오카포라 불리 운다. 날의 폭이 넓고 두껍기 때문에 무게가 상당하며 단순히 휘두르는 것만으로도 엄청난 파괴력을 낼 수 있다. 하지만 그만큼 사용할 수 있는 사람이 많지 않기 때문에 대량으로 생산되지는 못했다. 	A huge sword almost as tall as a man; since it can only be wielded with both hands, it is called the Duocarpo. Its blade is wide and thick, so it is very heavy, and merely swinging it unleashes tremendous destructive force. But since few people can wield it, it was never mass-produced.
최첨단 레이저 조준장치와 소음기를 겸한 소염기, 그리고 현재 남은 탄환의 숫자를 표시해주는 LED까지 장비하고 야시경 겸용 망원렌즈를 탑재하여 인간들에게 불리한 밤에도 완벽한 작전 수행을 가능하게 만든 최고의 소총이다. 자동으로 남은 탄의 숫자가 표시됨으로써 교전중에 탄환이 떨어지기 전에 미리 대처할 수 있고 새로운 5.56mm탄환 채용으로 기존 AR보다 더욱 강력해진 위력을 자랑한다.	The finest rifle of its kind, equipped with a state-of-the-art laser sight, a flash hider that doubles as a suppressor and even an LED display of the rounds remaining, and carrying a telescopic lens that doubles as a night-vision scope, making flawless operations possible even at night, when humans are at a disadvantage. The automatic round counter lets you act before running dry in the middle of a firefight, and a new 5.56mm round makes it even more powerful than existing ARs.
뱀파이어의 영원한 생명을 상징하는 귀걸이로 아래의 매달에는 시간의 추가 그려져있으며 태양이 저물어 어둠이 찾아오면 메달의 박힌 9개의 보석들이 희미한 빛을 발하기 시작한다. 메달에 박힌 각각의 보석에는 고대 마왕의 수호신인 어두운 별들의 영혼들이 깃들어있으며 이 귀걸이의 주위에는 항상 불길한 저주가 따른다. 같은 뱀파이어들끼리도 이 귀걸이를 착용한 뱀파이어의 주위에 가는것을 상당이 꺼리고 있다.	An earring symbolising the eternal life of the Vampires. A pendulum of time is drawn on the medallion hanging below, and when the sun sets and darkness falls, the nine gems set in the medallion begin to give off a faint light. Each gem holds the soul of one of the dark stars, the guardian spirits of the ancient demon lord, and an ominous curse always follows this earring. Even fellow Vampires are very reluctant to go near a Vampire who wears it.
우주만물이 생성되기 이전의 혼돈상태를 의미하는 카오스의 이미지를 현대적 이미지로 표현한 리스틀릿이다. 현대적 카오스라고 할 수 있는 불안과 공포속에 일상을 살아가는 현대의 젊은이들을 위한 상징이 될 수 있다.혼돈의 원은 우주 외부의 물질이 우리 세상에 들어오게 하는 통로의 역할을 하며, 말 그대로 카오스(혼돈)을 불러오는 물질이다. 혼돈의 전란을 겪고 있는 젊은이들이 그들만의 길을 찾을 수 있기를 기원하는 의미의 리스틀릿이라고 할 수 있다.	A wristlet that renders in a modern style the image of Chaos, the state of disorder before all things in the universe came into being. It can be a symbol for today's young people, who live their daily lives amid anxiety and fear, the chaos of the modern age. The circle of chaos is a passage through which matter from outside the universe enters our world, a substance that quite literally summons chaos. The wristlet carries the wish that young people living through the turmoil of chaos may find their own path.
그노시스트들이 사용하였던 아브락사스 부적을 담은 리스틀릿이다. 기독교가 생겨난지 얼마 안되었을 때인 2세기 그리스-로마세계에는 영지주의(Gnosticism)이라고 불리는 교리가 널리 퍼져있었다. 영지주의는 이성적으로 알 수 없으며 신에 의한 계시와 같이 신비적인 방식으로만 얻을 수 있다는 비밀스러운 지식 즉 그노시스를 강조했으며, 기독교에서 말하는 하느님보다 더 위대하고 전능한 신을 믿었다. 이들 영지주의자들은 특히 부적 제작에 열광하여, 이 시기에 많은 부적들이 만들어졌다. 그들은 이 아브락사스를 지니고 다니면 악령을 내쫓고 나쁜 일을 당하는 것을 피할 수 있다고 믿었다. 	A wristlet holding an Abraxas talisman of the kind used by the Gnostics. In the Greco-Roman world of the 2nd century, not long after Christianity arose, a doctrine called Gnosticism was widespread. Gnosticism stressed gnosis, a secret knowledge that cannot be grasped by reason and can only be gained in mystical ways such as divine revelation, and believed in a god greater and more almighty than the God of Christianity. The Gnostics were especially passionate about making talismans, and many were made in this period. They believed that carrying the Abraxas would drive away evil spirits and ward off misfortune.
쓴 쑥, 흔히 마녀들은 '사리풀'이라고도 부르는 식물의 원액을 넣은 리스틀릿이다. 쓴 쑥은 마녀들이 그들의 연고를 만들 때 쓰던 또 하나의 식물이다. 이 식물은 아주 오래전부터 마법에서 쓰였는데, 이미 앗시리아 인들이 최면 상태로 들어가서 예언을 하려고 이용했었던 것이다. 쓴 쑥은 마취제 성분이 함유된 독초로서, 감각을 마비시키는 건 물론이고, 과다하게 복용할 경우에는 사망할 수도 있다. 위험한 요소가 많은 식물이나, 마법 도구에 이 식물의 원액을 넣어 만들 경우, 미래에 일어날 위기를 예측 할 수 있다고 한다.	A wristlet holding the extract of wormwood, a plant witches often also call 'henbane'. Wormwood is another plant witches used to make their ointments. It has been used in magic since ancient times; the Assyrians already used it to enter a trance and prophesy. Wormwood is a poisonous herb containing narcotic substances; it not only numbs the senses but can kill in an overdose. Though the plant carries many dangers, magic tools made with its extract are said to be able to foresee crises to come.
세계의 중심에 있다는 나무, 세계수의 일부로 만들어졌다는 리스틀릿이다. 세계수는 문자 사용 이전의 여러 민족 특히 아시아 오스트레일리아 북아메리카 등지에 널리 퍼진 신화와 민담의 으로 전해지고 있다. 이 나무를 하늘과 땅을 연결하는 수직적인 중심으로 묘사하는 것이다. 성서의 용어를 빌리자면 지혜의 나무에 해당한다. 수직적인 지혜의 나무를 상징하는 전설들은 이 나무가 땅에서 하늘로 이어져 있다고 하며 이 나무는 신의 세계와 인간의 세계간의 연결점인 것이다.또한 신탁 판결 예언들이 그 나무 아래에서 이루어졌다는 민담들이 있다. 하지만 세계수의 실존은 확인된 봐 없으며, 장사속의 말이란 것을 알면서도 처음 마법을 접하는 이들은 기분 좋은 거짓말이라 생각하며 이것을 애용한다고 한다.	A wristlet said to be made from a piece of the World Tree, the tree at the center of the world. The World Tree has come down in myths and folk tales widespread among many pre-literate peoples, especially in Asia, Australia and North America. They depict the tree as the vertical axis connecting heaven and earth. In biblical terms it corresponds to the Tree of Knowledge. Legends of this vertical tree of wisdom say it reaches from the earth into the sky, the link between the world of the gods and the world of men. There are also folk tales of oracles, judgments and prophecies delivered beneath it. However, the World Tree has never been shown to exist, and although they know it is a sales pitch, those new to magic are said to be fond of this wristlet, taking it as a pleasant lie.
환상의 금속으로 알려져 있는 오리할콘으로 만든 리스틀릿이다. 오리할콘은 아틀란티스에 대한 전설에 나오는 금속으로 극강의 금속, 혹은 막대한 에너지를 가진 신비의 금속이라고 하며, 중세 연금술에서 추구하던 현자의 돌과도 관계가 있는 것으로 알려져 있다. 오리할콘은 투명한 금속으로 대단히 마법적이며, 마력의 정수라고도 할 수 있다.하지만 이 오리할콘의 자체적인 마력의 힘만 사용할 수 있을 뿐, 그 외적인 숨겨진 힘을 이끌어 낼 수 있는 방법은 그 누구도 알 수 없다고 한다.	A wristlet made of orichalcum, known as the metal of fantasy. Orichalcum is a metal from the legends of Atlantis, said to be the strongest of metals or a mysterious metal holding immense energy, and it is thought to be linked to the philosopher's stone sought by medieval alchemists. Orichalcum is a transparent metal, deeply magical, the very essence of magic power. Yet only its own inherent magic can be used; no one knows any way to draw out whatever other power it hides.
까마귀의 날개를 형상화한 리스틀릿으로, 까마귀는 켈트신화에서 갈등, 전쟁, 죽음의 상징이며, 이것을 극복하기 위한 지혜와 연결된다. 고대의 켈트인들에게 동물은 특별히 신성한 것이었다. 그들은 여러 가지 동물 상징들을 종교적 목적으로 혹은 그저 장식용으로 만들었는데, 현재 남아있는 켈트족의 무덤 등에서도 이러한 동물 상징들이 많이 보여지고 있다. 까마귀는 갈등, 전쟁, 죽음의 상징이다. 그 지혜는 속임수와 결합된 지혜이다. 까마귀는 또 성스러운 기록의 수호자이기도 하다. 이러한 까마귀를 상징한 것들은 부적의 의미로, 소유하고 있는 자에게 최상의 지혜를 가질 수 있도록 도와 준다고 여기어 진다.	A wristlet shaped like a raven's wings. In Celtic myth the raven is the symbol of strife, war and death, and is tied to the wisdom needed to overcome them. To the ancient Celts, animals were especially sacred. They made many animal symbols for religious purposes or simply as ornaments, and many such symbols can still be seen in surviving Celtic tombs. The raven is a symbol of strife, war and death. Its wisdom is a wisdom joined with trickery. The raven is also the guardian of sacred records. Objects bearing the raven's symbol serve as talismans and are believed to help their owner attain the highest wisdom.
3개의 자그마한 물결이 하나의 형상을 이루고 그것을 다시 큰 물결이 감싼 이 형상은 화합과 평화로운 조화를 담은 리스틀릿이다.3개의 요소가 하나의 형상을 이루는 것을 트라이어드(triad)라고 한다. 이런 형태의 상징은 전 세계에서 발견되는데, 해석에 따르면 이 세개의 물결은 과거, 현재, 미래의 상징이며, 이를 둘러싼 물결은 영원(Eternity)을 상징한다. 영원이라는 궁극적인 시간에 의해, 과거, 현재, 미래가 통합되는 것이다. 이 해석이 전적으로 맞거나 틀리다고 볼 수는 없으나, 이 트리아드는 세가지 요소가 하나로 화합해서 보편적인 전체를 이룬다는 의미를 포함하고 있는 상징이란 것만은 확실하다.	A wristlet of harmony and peaceful balance, bearing a design of three small waves forming one shape, encircled in turn by a larger wave. Three elements forming one shape is called a triad. Symbols of this form are found all over the world; by one interpretation, the three waves stand for past, present and future, and the wave around them for Eternity. Through eternity, the ultimate time, past, present and future are united. This interpretation cannot be called entirely right or wrong, but the triad is certainly a symbol of three elements joining as one to form a universal whole.
윤회(samsara)를 상징하는 티벳의 칼리그라피에서 유래한 상징을 담은 리스틀릿이다.윤회(輪廻, samsara)는 티벳불교에서 '돌고 도는 고통의 순환'을 의미한다. 윤회란 즉 모든 생명체가 삶과 죽음을 반복하며 다른 존재 형태로 그들의 생명을 이어가는 흐름을 말한다. 생명체들이 윤회속에서 인간으로 태어날 뿐 아니라, 보다 높은 천상에서 태어날 수도 있고, 불행하게도 동물로 혹은 지옥에 태어날 수도 있다. 불교에서는 삶 자체가 고통이라고 생각하기 때문에, 삶과 죽음이 반복되는 윤회의 삶을 고통의 순환이라고 생각한다. 그래서, 이 순환으로부터 벗어나 영원한 구원을 얻기를 원한다. 이 구원을 불교용어로는 해탈 혹은 열반이라고 부른다. 윤회를 상징하는 리스틀릿은 삶이 고통스런 윤회의 반복임을 깊게 깨닫게 하는, 그래서 열반에의 의지를 더욱 다지는 종교적 상징이라고 할 수 있다.	A wristlet bearing a symbol derived from Tibetan calligraphy that represents samsara. In Tibetan Buddhism, samsara means 'the endlessly turning cycle of suffering'. Samsara is the flow in which all living beings repeat life and death, continuing their lives in other forms of existence. Within samsara, beings may be born not only as humans but in higher heavens, or, unluckily, as animals or in hell. Because Buddhism holds that life itself is suffering, it sees samsara, the endless repetition of life and death, as a cycle of suffering, and so seeks to escape that cycle and win eternal salvation. In Buddhist terms this salvation is called liberation, or nirvana. The samsara wristlet is a religious symbol that brings a deep realization that life is a painful round of rebirth, and so strengthens the will toward nirvana.
마녀들에게 애용되었다는 벨라돈나의 넝쿨을 담은 리스틀릿이다. 벨라돈나는 중세 마녀들이 하늘을 날아다닐 때 사용하던 식물로 악마를 불러낼 수 있다고 전해진다. 이 식물의 아름다운 검정색 열매에서는 여자 마법사인 메데가 특히 좋아했던 아트로핀이라는 성분이 추출되는데, 지나치게 섭취할 경우에는 매우 위험한 독극물이 된다고 한다. 하지만 식물 자체의 마력의 힘이 강력하여 마법사들이 자신의 마법도구 등을 만들 때 이것을 넣어서 만들기도 한다. 하지만 위험한 식물이기에 이렇게 만들어진 다른 마법 도구들에 비하여 의도적으로 짧은 시간 동안만 사용하도록 제작된다. 	A wristlet holding a vine of belladonna, said to have been a favorite of witches. Belladonna is the plant medieval witches used to fly through the sky, and it is said to be able to summon demons. Its beautiful black berries yield atropine, a substance the sorceress Medea was especially fond of, but taken in excess it becomes a very dangerous poison. Yet the plant's own magic is so strong that mages sometimes add it when making their magic tools. Because it is dangerous, though, such items are deliberately made to be used for a shorter time than other magic tools.
태양의 기상을 명령하는 인디언들의 상징, 스네이크 버드를 나타낸 리스틀릿이다. 이 리스틀릿은 새와 뱀이 결합된 형태로 '새의 깃털이 달린 뱀'이라는 독특한 상징이다. 또 이 스네이크 버드는 검은색 깃털을 지녔고, 비모양의 수염을 가지고 있다. 이 뱀은 아메리카 인디언 신화에서는 일종의 구세주와 같은 존재로서, 태양이 떠서 환한 아침의 시작을 알릴 것을 명령하기 때문에 '새벽의 주님'이라고도 불린다. 이 새벽의 주님은 늦잠 없는 상쾌한 아침을 위해 태양의 에너지를 전해줄 것이다. 	A wristlet depicting the snake bird, the Native American symbol that commands the sun to rise. It combines a bird and a snake into a unique symbol, 'a snake with feathers'. The snake bird has black feathers and a rain-shaped beard. In Native American myth this snake is a kind of saviour, and because it commands the sun to rise and herald the bright start of morning, it is also called 'the Lord of Dawn'. The Lord of Dawn will deliver the sun's energy for a fresh morning without oversleeping.
정령은 영혼 불멸의 존재로, 설령 현재에 정령의 실체가 사라진다고 하더라도, 그들의 영혼은 끊임 없이 순환 한다. 이들은 다시 부활하기 위하여 정령석에 자신들의 영혼을 담고, 끊임없이 정신과 힘을 정화한다. 이 때 정령석 밖으로 흘러나오는 그들의 순수한 힘을 무기나 마법의 스펠에 깃들게 하면 그 매개체에는 지속적으로 정령의 힘이 깃들게 된다. 이 정령석은 대지의 정령 놈의 힘을 깃들게 할 수 있다.	Spirits are immortal beings; even if a spirit's physical form vanishes, its soul circulates without end. To be reborn, they place their souls in spirit stones and ceaselessly purify their minds and power. If the pure power that flows out of a spirit stone is infused into a weapon or a magic spell, that medium becomes lastingly imbued with the spirit's power. This spirit stone can infuse the power of the earth spirit Gnome.
정령은 영혼 불멸의 존재로, 설령 현재에 정령의 실체가 사라진다고 하더라도, 그들의 영혼은 끊임 없이 순환 한다. 이들은 다시 부활하기 위하여 정령석에 자신들의 영혼을 담고, 끊임없이 정신과 힘을 정화한다. 이 때 정령석 밖으로 흘러나오는 그들의 순수한 힘을 무기나 마법의 스펠에 깃들게 하면 그 매개체에는 지속적으로 정령의 힘이 깃들게 된다. 이 정령석은 대지의 정령 멀든의 힘을 깃들게 할 수 있다.	Spirits are immortal beings; even if a spirit's physical form vanishes, its soul circulates without end. To be reborn, they place their souls in spirit stones and ceaselessly purify their minds and power. If the pure power that flows out of a spirit stone is infused into a weapon or a magic spell, that medium becomes lastingly imbued with the spirit's power. This spirit stone can infuse the power of the earth spirit Mulden.
정령은 영혼 불멸의 존재로, 설령 현재에 정령의 실체가 사라진다고 하더라도, 그들의 영혼은 끊임 없이 순환 한다. 이들은 다시 부활하기 위하여 정령석에 자신들의 영혼을 담고, 끊임없이 정신과 힘을 정화한다. 이 때 정령석 밖으로 흘러나오는 그들의 순수한 힘을 무기나 마법의 스펠에 깃들게 하면 그 매개체에는 지속적으로 정령의 힘이 깃들게 된다. 이 정령석은 대지의 정령 클레이의 힘을 깃들게 할 수 있다.	Spirits are immortal beings; even if a spirit's physical form vanishes, its soul circulates without end. To be reborn, they place their souls in spirit stones and ceaselessly purify their minds and power. If the pure power that flows out of a spirit stone is infused into a weapon or a magic spell, that medium becomes lastingly imbued with the spirit's power. This spirit stone can infuse the power of the earth spirit Clay.
정령은 영혼 불멸의 존재로, 설령 현재에 정령의 실체가 사라진다고 하더라도, 그들의 영혼은 끊임 없이 순환 한다. 이들은 다시 부활하기 위하여 정령석에 자신들의 영혼을 담고, 끊임없이 정신과 힘을 정화한다. 이 때 정령석 밖으로 흘러나오는 그들의 순수한 힘을 무기나 마법의 스펠에 깃들게 하면 그 매개체에는 지속적으로 정령의 힘이 깃들게 된다. 이 정령석은 대지의 정령 노에아넨의 힘을 깃들게 할 수 있다.	Spirits are immortal beings; even if a spirit's physical form vanishes, its soul circulates without end. To be reborn, they place their souls in spirit stones and ceaselessly purify their minds and power. If the pure power that flows out of a spirit stone is infused into a weapon or a magic spell, that medium becomes lastingly imbued with the spirit's power. This spirit stone can infuse the power of the earth spirit Noeanen.
정령은 영혼 불멸의 존재로, 설령 현재에 정령의 실체가 사라진다고 하더라도, 그들의 영혼은 끊임 없이 순환 한다. 이들은 다시 부활하기 위하여 정령석에 자신들의 영혼을 담고, 끊임없이 정신과 힘을 정화한다. 이 때 정령석 밖으로 흘러나오는 그들의 순수한 힘을 무기나 마법의 스펠에 깃들게 하면 그 매개체에는 지속적으로 정령의 힘이 깃들게 된다. 이 정령석은 대지의 정령 트로웰의 힘을 깃들게 할 수 있다.	Spirits are immortal beings; even if a spirit's physical form vanishes, its soul circulates without end. To be reborn, they place their souls in spirit stones and ceaselessly purify their minds and power. If the pure power that flows out of a spirit stone is infused into a weapon or a magic spell, that medium becomes lastingly imbued with the spirit's power. This spirit stone can infuse the power of the earth spirit Trowel.
찬란하게 빛나는 황금의 새는 고대로부터 영원과 부활의 상징처럼 여겨져 왔다. 자신의 죽음이 다가오면 스스로 향나무를 쌓아 올려 타 죽고, 그 재 속에서 다시 살아난다고 하는 전설의 영조이다. 이 새의 깃털을 봉인하여 만들어진 펜던트는 착용자의 부활을 약속하는 힘을 가졌다고 한다.	The brilliantly shining golden bird has long been regarded as a symbol of eternity and rebirth. It is the legendary sacred bird that, when its death draws near, heaps up a pyre of juniper, burns itself to death and rises again from the ashes. A pendant made by sealing in one of its feathers is said to hold the power to promise its wearer rebirth.
로딘산 북부지방에 EVE의 보급기지 건설을 위해 지하터널을 굴착하던 중 암벽이 무너지는 참사가 발생하였다. 구조작업을 진행하던 중 수천구에 달하는 시체와 함께 고대 언어로 쓰여진 대량의 주문서를 발견하였다.	While an underground tunnel was being dug in the north of Mount Rodin to build an EVE supply base, a rock wall collapsed in disaster. During the rescue, thousands of corpses were found, along with a great many scrolls written in an ancient language.
제작연대가 14C말로 추정되는 이 스크롤은 흑마법 연구가 요벨에 의해 부활 마법의 비밀이 남겨져 있다는 사실이 보고된다. 또한 이 스크롤은 일반 부활 스크롤과 달리 소생하면서 일부의 이상 상태를 완전하게 회복한다는 고급 주문서이며, 인간이 아닌 뱀파이어나 동물에게도 영향을 끼치며 친다고 한다.	These scrolls, thought to date from the late 14th century, are reported to hold the secrets of resurrection magic left by the black magic scholar Yobel. Unlike an ordinary Resurrection Scroll, this is an advanced scroll that also fully cures some abnormal conditions upon revival, and it is said to work not only on humans but on Vampires and animals as well.
검은 에메랄드 장식이 달린 슬레이어 용 목걸이로, 변색되어 검은빛을 띤다. 이 펜던트는 독수리의 눈 같다하여 `이글아이`라고도 불리기도 한다. 이것을 착용하면 목표물에 대한 정확도를 높여주며, 에메랄드 원석 자체의 힘인 예지의 능력이 생긴다는 설이 있다. 목표물을 포착하면 마치 눈을 뜬 듯한 모양으로 변하게 되어, 정확도를 높여준다고 한다. 에메랄드는 불사, 희망, 청춘, 봄, 차오르는 달을 의미한다.	A necklace for Slayers with a black emerald ornament, discoloured to a dark sheen. Because it looks like an eagle's eye, this pendant is also called the 'Eagle Eye'. Wearing it raises accuracy against a target, and some say it grants foresight, the power of the emerald itself. When it locks onto a target it is said to change shape as if an eye were opening, raising accuracy. The emerald signifies immortality, hope, youth, spring and the waxing moon.
정령과 계약한 아우스터즈들중 일부는 보다 큰 힘을 위해 자신이 계약한 정령을 봉인이 아닌 그 정령의 힘만을 뽑아내 모으는 방법을 연구하였다 이 방법을 사용하면 하나의 물건에 여러 정령의 힘을 모을 수 있어서 큰 힘을 발휘할 수 있으나 일정시간이 지나면 다시 정령에게 힘이 돌아가게 되어 매일 힘을 모아야 한다는 단점이 있다.	Some of the Ousters who made pacts with spirits, seeking greater power, researched a way to extract and gather only the power of their contracted spirits instead of sealing the spirits themselves. This method gathers the power of several spirits in a single object and unleashes great power, but after a certain time the power returns to the spirits, so it has the drawback that the power must be gathered anew every day.
"그러므로 먹고 마시는 것과 절기나 월삭이나 안식일을 인하여 누구든지 너희를 평론하지 못하게 하라. 이것들은 장래 일의 그림자이나 몸은 그리스도의 것이니라"	"Let no man therefore judge you in meat, or in drink, or in respect of an holyday, or of the new moon, or of the sabbath days: which are a shadow of things to come; but the body is of Christ."
주교의 십자가 에피스코펄 크로스는 십자가 위에 하나의 선이 더 존재한다. 오랜 기간동안 자신과 악의 유혹과의 싸움에서 이겨온 주교의 성력이 충만한 십자가이다.	The Episcopal Cross, the bishop's cross, has one more bar above the crossbeam. It is a cross brimming with the holy power of bishops who have long prevailed in their struggle against themselves and the temptations of evil.
이 독특한 문양의 아름다운 반지는 존경과 영예의 의미가 담겨 있으며, 영예로운 슬레이어에게 주어지는 상징물이다. 바티칸의 성스러운 힘을 담아 만든 이 반지는 E.V.E와 함께 해마다 가장 큰 공적을 세운 슬레이어를 뽑아 하사하였다고 한다. 이 반지에는 전쟁터라는 끝없이 스쳐가는 죽음의 향기 속에서 무사히 살아 돌아오기를 기원하는 마음과 축복이 담겨있다고 한다.	This beautiful ring with its unique pattern carries the meaning of respect and honor, a token given to honored Slayers. Made with the holy power of the Vatican, it is said to have been bestowed each year, together with EVE, on the Slayer with the greatest achievements. The ring is said to carry a blessing and the wish that its wearer return safely from the battlefield, where the scent of death drifts past without end.
붉은 눈동자가 가진 아름다움에 매료되어 있다가는 자신도 모르는 사이에 혼돈의 세계로 끌려간다는 뱀파이어용 팬던트이다. 악마의 눈동자를 연상케 한다 하여 이러한 이름을 가지게 된 이 팬던트는 악마 숭배 의식에 사용되던 것이라고 전해진다. 밀교 의식 이 행해지던 현장에서는 이 눈이 그려진 휘장이 종종 발견되곤 하였다고 한다.	A Vampire pendant said to drag anyone captivated by the beauty of its red pupil into a world of chaos before they know it. Named for its resemblance to a demon's eye, the pendant is said to have been used in devil-worship rituals. Banners painted with this eye were often found at sites where occult rites had taken place.
이집트의 태양신 ‘호루스’의 눈을 형상화 하여 만들어진 아이즈 오브 호러스 펜던트는 뱀파이어의 시력을 무력화 시키는 동시에 밤에도 그들의 힘을 낮과 동일하게 만들어 버린다고 한다. 	Modelled on the eye of Horus, the Egyptian sun god, the Eye of Horus Pendant is said to blind the Vampires' sight while making their power at night no greater than by day.
요정이라고 불리는 피어리들은 원래는 정령이었으나 숲을 너무나 사랑한 나머지 정령이되 정령이 아닌 존재로 변하게 된 숲을 지키는 요정이 되었다고 한다 이들의 축복을 받은 피어리 펜던트를 착용하게 되면 숲에서만은 착용자 스스로가 정령과 비슷한 힘을 낼 수 있게 된다고 한다.	The fairies were once spirits, but they loved the forest so much that they became something that is a spirit and yet not a spirit: fairies who guard the forest. It is said that wearing the Fairie Pendant, blessed by them, lets its wearer wield power much like a spirit's, but only in the forest.
펄쳔은 한 날의 아주 무거운 검이다. 칼등은 직선이지만 날은 휘어져 있어 전체적으로 보면 칼끝으로 갈수록 폭이 커진다. 아주 무겁고 검의 크기도 커서, 전투용보다는 무엇인가를 자르는 데 많이 사용한다.(노르만인들은 전투에 사용했다.) 정글 같은 곳에서 길을 트는데 사용되는 칼이 펄쳔과 비슷하다. 동양의 흔히 오랑캐라고 불리는 이들의 검이 여기에 속한다.	The falchion is a very heavy single-edged sword. Its back is straight but its edge curves, so overall the blade widens toward the tip. Very heavy and large, it was used more for cutting things than for combat. (The Normans used it in battle.) The knives used to clear paths through jungles resemble the falchion. The swords of the Eastern peoples commonly called barbarians belong to this type.
피어 브링거(180)는 30등급 이상의 슬레이어가 사용할 수 있는 검입니다. 이 아이템은 기존 승직 검에 올드 드롭을 인첸트 함으로써 얻을 수 있습니다.	Fear Bringer(180) is a sword usable by Slayers of Advancement grade 30 or higher. This item is obtained by enchanting an existing Advancement sword with an Old Drop.
피어 브링거(195)는 45등급 이상의 슬레이어가 사용할 수 있는 검입니다. 이 아이템은 기존 승직 검에 올드 드롭을 인첸트 함으로써 얻을 수 있습니다.	Fear Bringer(195) is a sword usable by Slayers of Advancement grade 45 or higher. This item is obtained by enchanting an existing Advancement sword with an Old Drop.
피어 브링거(215)는 65등급 이상의 슬레이어가 사용할 수 있는 검입니다. 이 아이템은 기존 승직 검에 올드 드롭을 인첸트 함으로써 얻을 수 있습니다.	Fear Bringer(215) is a sword usable by Slayers of Advancement grade 65 or higher. This item is obtained by enchanting an existing Advancement sword with an Old Drop.
피어 브링거(230)는 80등급 이상의 슬레이어가 사용할 수 있는 검입니다. 이 아이템은 기존 승직 검에 올드 드롭을 인첸트 함으로써 얻을 수 있습니다.	Fear Bringer(230) is a sword usable by Slayers of Advancement grade 80 or higher. This item is obtained by enchanting an existing Advancement sword with an Old Drop.
피어 브링거(250)는 100등급 이상의 슬레이어가 사용할 수 있는 검입니다. 이 아이템은 기존 승직 검에 올드 드롭을 인첸트 함으로써 얻을 수 있습니다.	Fear Bringer(250) is a sword usable by Slayers of Advancement grade 100 or higher. This item is obtained by enchanting an existing Advancement sword with an Old Drop.
아담의 성지를 지키고 있는 성수(聖獸)중 하나인 파프니르의 힘을 받을수 있는 목걸이이다. 파프니르는 고대의 독룡으로 그와 가까이 하는 것만으로도 중독 된다는 전설이 있는 강력한 마성의 생물이다. 아직 구체적으로 어떠한 능력을 전승 받을 수 있는지 밝혀지지는 않았으나, 착용하는 것만으로도 방어력이 상승한다고 한다.	A necklace that grants the power of Fafnir, one of the sacred beasts guarding Adam's Holy Land. Fafnir is an ancient venomous dragon, a mighty demonic creature said in legend to poison anyone who merely comes near him. It is not yet known exactly what abilities it can pass on, but merely wearing it is said to raise Defense.
북구 신화에 등장하는는 거대한 이리 펜릴의 머리 모양을 본 따 만든 뱀파이어용 반지이다. 이는 몰래 흑마술을 연구하던 타락한 사제에 의해 만들어졌다고 한다. 이 반지가 뱀파이어들의 수중에 들어오면서 더 강력한 힘을 내뿜게 되었다고 한다. 이를 착용한 자는 내면에 잠재되어 있던 마력을 최대한 끌어낼 수 있게 된다고 한다.	A Vampire ring modeled on the head of Fenrir, the giant wolf of Norse myth. It is said to have been made by a fallen priest who studied black magic in secret. Once it fell into Vampire hands, it is said to have begun giving off even greater power. Whoever wears it can draw out to the fullest the magic power lying dormant within.
페오는 가축을 표현하지만, 고대 게르만인에 있어서는 가축=재산이기 때문에 화폐 경제 이전의 사회에 있어서는 가축은 귀중품이고, 손을 더하면 증가해 가는 재산이었다. 또, 비장의 기술적으로는 페오는 북구 신화의 원초의 암소 '아우즈훔라'를 상징하고 있다. 아우즈훔라는 아직 세계가 창조되기 이전의 얼음 안에서 태어나고, 원초의 거인유밀을 기르는 등했다고 말한다. 이것으로부터 페오는 성장의 원리를 표현한다고 말할 수 있다.	Feoh represents livestock. To the ancient Germanic peoples livestock meant wealth, so in societies before a money economy cattle were a valuable, a form of wealth that grew with care. In esoteric lore, Feoh also symbolises Audhumla, the primeval cow of Norse myth. Audhumla was born in the ice before the world was created and is said to have nursed the primeval giant Ymir. From this, Feoh can be said to express the principle of growth.
독특한 바람의 문양에 감싸져있는 눈물모양의 보석은 정령의 눈물이라고 불리며 자신의 소환수를 사랑한 바람의 정령이 흘린 눈물이라고 전해진다. 이 보석을 세공하여 만들어진 펜던트를 착용하게 되면 정령과의 친화력을 높힐 수 있어 보다 적은 힘으로도 정령을 부릴 수 있게 된다고 한다	The teardrop-shaped jewel wrapped in a distinctive wind pattern is called the Spirit's Tear, said to be a tear shed by a wind spirit who loved its summoner. Wearing a pendant cut from this jewel is said to deepen one's affinity with spirits, so that they can be commanded with less power.
컴퓨터 룸에서 사용되는, 슬레이어에 대한 정보가 담긴 파일이다. 전 세계에 퍼져 있는 슬레이어의 자료로, 그들의 업적과 현재 활동지역 등이 상세하게 분류되어있다.	A file containing information on Slayers, used in the computer room. It holds data on Slayers all over the world, classifying their achievements and current areas of activity in detail.
일정시간 무기에 불 속성이 부여되어 공격 시 일정확률로 불 공격이 더해집니다. (6일간 사용)	For a set time your weapon gains the fire attribute, and your attacks have a chance to deal additional fire damage. (Lasts 6 days)
정령은 영혼 불멸의 존재로, 설령 현재에 정령의 실체가 사라진다고 하더라도, 그들의 영혼은 끊임 없이 순환 한다. 이들은 다시 부활하기 위하여 정령석에 자신들의 영혼을 담고, 끊임없이 정신과 힘을 정화한다. 이 때 정령석 밖으로 흘러나오는 그들의 순수한 힘을 무기나 마법의 스펠에 깃들게 하면 그 매개체에는 지속적으로 정령의 힘이 깃들게 된다. 이 정령석은 불의 정령 카사의 힘을 깃들게 할 수 있다.	Spirits are immortal beings; even if a spirit's physical form vanishes, its soul circulates without end. To be reborn, they place their souls in spirit stones and ceaselessly purify their minds and power. If the pure power that flows out of a spirit stone is infused into a weapon or a magic spell, that medium becomes lastingly imbued with the spirit's power. This spirit stone can infuse the power of the fire spirit Kasa.
정령은 영혼 불멸의 존재로, 설령 현재에 정령의 실체가 사라진다고 하더라도, 그들의 영혼은 끊임 없이 순환 한다. 이들은 다시 부활하기 위하여 정령석에 자신들의 영혼을 담고, 끊임없이 정신과 힘을 정화한다. 이 때 정령석 밖으로 흘러나오는 그들의 순수한 힘을 무기나 마법의 스펠에 깃들게 하면 그 매개체에는 지속적으로 정령의 힘이 깃들게 된다. 이 정령석은 불의 정령 샐러맨더의 힘을 깃들게 할 수 있다.	Spirits are immortal beings; even if a spirit's physical form vanishes, its soul circulates without end. To be reborn, they place their souls in spirit stones and ceaselessly purify their minds and power. If the pure power that flows out of a spirit stone is infused into a weapon or a magic spell, that medium becomes lastingly imbued with the spirit's power. This spirit stone can infuse the power of the fire spirit Salamander.
정령은 영혼 불멸의 존재로, 설령 현재에 정령의 실체가 사라진다고 하더라도, 그들의 영혼은 끊임 없이 순환 한다. 이들은 다시 부활하기 위하여 정령석에 자신들의 영혼을 담고, 끊임없이 정신과 힘을 정화한다. 이 때 정령석 밖으로 흘러나오는 그들의 순수한 힘을 무기나 마법의 스펠에 깃들게 하면 그 매개체에는 지속적으로 정령의 힘이 깃들게 된다. 이 정령석은 불의 정령 이그니스의 힘을 깃들게 할 수 있다.	Spirits are immortal beings; even if a spirit's physical form vanishes, its soul circulates without end. To be reborn, they place their souls in spirit stones and ceaselessly purify their minds and power. If the pure power that flows out of a spirit stone is infused into a weapon or a magic spell, that medium becomes lastingly imbued with the spirit's power. This spirit stone can infuse the power of the fire spirit Ignis.
정령은 영혼 불멸의 존재로, 설령 현재에 정령의 실체가 사라진다고 하더라도, 그들의 영혼은 끊임 없이 순환 한다. 이들은 다시 부활하기 위하여 정령석에 자신들의 영혼을 담고, 끊임없이 정신과 힘을 정화한다. 이 때 정령석 밖으로 흘러나오는 그들의 순수한 힘을 무기나 마법의 스펠에 깃들게 하면 그 매개체에는 지속적으로 정령의 힘이 깃들게 된다. 이 정령석은 불의 정령 셀라임의 힘을 깃들게 할 수 있다.	Spirits are immortal beings; even if a spirit's physical form vanishes, its soul circulates without end. To be reborn, they place their souls in spirit stones and ceaselessly purify their minds and power. If the pure power that flows out of a spirit stone is infused into a weapon or a magic spell, that medium becomes lastingly imbued with the spirit's power. This spirit stone can infuse the power of the fire spirit Selaim.
정령은 영혼 불멸의 존재로, 설령 현재에 정령의 실체가 사라진다고 하더라도, 그들의 영혼은 끊임 없이 순환 한다. 이들은 다시 부활하기 위하여 정령석에 자신들의 영혼을 담고, 끊임없이 정신과 힘을 정화한다. 이 때 정령석 밖으로 흘러나오는 그들의 순수한 힘을 무기나 마법의 스펠에 깃들게 하면 그 매개체에는 지속적으로 정령의 힘이 깃들게 된다. 이 정령석은 불의 정령 이프리트의 힘을 깃들게 할 수 있다.	Spirits are immortal beings; even if a spirit's physical form vanishes, its soul circulates without end. To be reborn, they place their souls in spirit stones and ceaselessly purify their minds and power. If the pure power that flows out of a spirit stone is infused into a weapon or a magic spell, that medium becomes lastingly imbued with the spirit's power. This spirit stone can infuse the power of the fire spirit Ifrit.
쇠로 만들어진 권투 글러브를 연상케하는 이 하드 너클 장갑은 20킬로그램에 달하는 무게 때문에 사용하기 까다롭기로 정평이 나있다. 하지만 이 무기가 가지는 강력한 공격력은 이를 보완하고도 남을 정도이어서 어느 정도 숙련된 뱀파이어들은 이 무기를 무리없이 사용할 수 있기위해 수련에 힘쓴다. 서로마 후기에는 일반적인 세스투스 권투에 질린 귀족들이 이 글러브를 사용해 노예와 포로들을 싸우게 했다고도 전해진다.	Resembling an iron boxing glove, this hard knuckle glove is notorious for being difficult to use because it weighs 20 kilograms. But its powerful attack more than makes up for that, so Vampires with some skill train hard to be able to wield it with ease. It is said that in the late Western Roman Empire, nobles bored with ordinary cestus boxing made slaves and prisoners fight with these gloves.
피스트롬은 폭풍의 정령으로 공기를 조정하여 매우 파괴적인 바람을 일으키는 지극히 공격적인 정령이다. 그를 다스릴수 있는자는 미네르바에게 인정받은 정령사 뿐 이라 전한다. 이러한 몇몇의 고위 정령사는 극 소수이며, 이들은 피스트롬을 제어 할 수 있는 능력을 발휘하여, 신발 등의 아이템에 그의 기운을 깃들게 한다. 피스트롬의 기운을 받은 물건들은 빠른 속도를 일으키게 하는 물건들이지만, 일반인들은 제어하기 힘들어, 중급의 정령사들만이 겨우 사용할 수 있다고 한다. 	Fisthrom is the spirit of storms, a fiercely aggressive spirit that controls the air to raise terribly destructive winds. It is said that only spirit mages recognized by Minerva can command him. These few high spirit mages use their power over Fisthrom to imbue items such as shoes with his energy. Items that receive Fisthrom's energy grant great speed, but ordinary folk find them hard to control, and even intermediate spirit mages can only barely use them.
전투 부대 침투조에게 지급되는 남성용 전투복으로, 매복 전투 시에는 최적의 보호색을 띄고 있기로 유명하다. 활동성과 적은 무게감을 주는 데에 역점을 두고 제작되었기 때문에, 방한 및 방어도, 내구성이 낮은 편이다. 전투복 자체의 떨어지는 방어도와 내구성을 높이기 위해 착용하는 조끼로, 각 관절에는 보호대를 덧대어 방어도를 높여주었다.	A men's combat uniform issued to the infiltration squads of combat units, famous for its ideal camouflage in ambushes. Because it was made with the emphasis on mobility and light weight, its warmth, defense and durability are rather low. It is a vest worn to make up for the uniform's poor defense and durability, with guards padded onto each joint to raise protection.
전투 부대 침투조에게 지급되는 여성용 전투복으로, 매복 전투 시에는 최적의 보호색을 띄고 있기로 유명하다. 활동성과 적은 중량감을 주는 데에 역점을 두고 제작되었기 때문에, 방한 및 방어도, 내구성이 낮은 편이다. 전투복 자체의 떨어지는 방어도와 내구성을 높이기 위해 착용하는 조끼로, 각 관절에는 보호대를 덧대어 방어도를 높여주었다.	A women's combat uniform issued to the infiltration squads of combat units, famous for its ideal camouflage in ambushes. Because it was made with the emphasis on mobility and light weight, its warmth, defense and durability are rather low. It is a vest worn to make up for the uniform's poor defense and durability, with guards padded onto each joint to raise protection.
롬파이아는 기원전 3세기의 도로 고대 그리스 트라케인의 대표적인 무기의 하나로, 손잡이의 길이와 날의 길이가 거의 같으며 대개 2M전후 였다고 한다. 양손으로 휘드르며 상대방을 공격하고 적을 베는 데에만 사용되었다.	The rhomphaia was one of the signature weapons of the Thracians of ancient Greece in the 3rd century BC; its hilt and blade were of nearly equal length, usually around 2m in total. It was swung with both hands to strike the opponent and was used only for cutting down enemies.
태양의 불꽃이 두 겹으로 겹쳐진듯한 형상을 하고 있는 슬레이어 방패로, 화려한 외관만큼이나 강력한 방어력을 자랑한다. 발견된 곳은 몽고의 남동부이나, 태양을 숭배하던 동아시아의 고대 민족에 의해 제작된 것으로 추정하고 있다. 빛의 방향에 따라 미묘하게 다른 색을 띄는 이 방패는 대기와 지구의 중력이 미치는 곳에서는 제조가 불가능한 재질로 만들어졌다고 하여 그 신비감이 더해지고 있다.	A Slayer shield shaped like two overlapping layers of solar flame, boasting defense as powerful as its splendid looks. It was found in south-eastern Mongolia but is thought to have been made by an ancient East Asian people who worshipped the sun. Shifting subtly in color with the angle of the light, it is said to be made of a material that cannot be produced under Earth's atmosphere and gravity, which only adds to its mystique.
너클 파트의 시작품으로 금속 플레이트가 달려있어 소프트 너클 장갑으로는 상당한 공격력을 자랑한다. 넓직한 금속 플레이트는 단단하게 주먹을 보호하면서 중량을 높여준다. 가죽도 무기 장인의 피를 담아 무두질되었으며, 따라서 특별한 힘을 이끌어내주는 마법이 담겨있기도 하다. 포스 너클이 가지고 있는 충실한 타격감은 이 무기를 손에서 떼고 싶지 않게 하는 매력을 준다.	A prototype of the Knuckle Part fitted with metal plates, giving it considerable attack power for a soft knuckle glove. The broad metal plates guard the fist firmly while adding weight. Its leather was tanned with the blood of a master weaponsmith, so it also holds magic that draws out special power. The solid impact of the Force Knuckle has a charm that makes you never want to take it off.
면사를 이용한 코트의 단점을 보완한 형태이다. 코트의 겉면에 특수 압축 열 처리를 해서 슬레이어의 날카로운 총, 칼 등의 무기 공격에도 쉽게 찢어지거나 충격을 받지 않게 특수 제작되었다. 내구성을 보완한 이 코트는 저렴한 가격으로 어린 뱀파이어들 사이에서 애용되고 있다.	An improved design that makes up for the weaknesses of coats of cotton thread. The outer surface is given a special compression heat treatment so that it does not easily tear or take damage even from the Slayers' sharp weapons, guns and blades alike. With its improved durability and low price, this coat is popular among young Vampires.
캡슐안이 힐링 앰플로 꽉 차여 있는 만큼 가격도 비싸다. 치료되는 양은 뱀파이어에게 피를 빨리지 않은 이상, 완전 회복된다.	A capsule packed full of healing ampul, and priced accordingly. It restores you completely, unless your blood has been drained by a Vampire.
마나 앰플로 채워진 캡슐이며, 완전 회복된다. 	A capsule filled with mana ampul; it restores MP completely.
고르곤의 황금 날개 모양을 띈 뱀파이어 팬던트이다. 공포의 상징인 고르곤의 기운이 깃든 팬던트라는 설이 전해져오고 있으며, 이를 바라보는 것 만으로도 알 수 없는 공포감에 쉽싸이게 된다. 따라서 모든 뱀파이어들이 가장 탐내는 목걸이며, 8세기 중반 금에 인간의 혼을 담을 수 있다고 주장했던 아라비아의 마법사에 의해 만들어졌다.	A Vampire pendant shaped like the golden wings of the Gorgon. Legend holds that it carries the aura of the Gorgon, the symbol of terror, and merely looking at it fills one with an inexplicable dread. It is therefore the necklace every Vampire covets most; it was made in the mid-8th century by an Arabian sorcerer who claimed he could capture a human soul in gold.
독일에서 제작된 홀트는 세계에서 가장 정밀한 반 자동 저격용 라이플으로 알려져 있다. 300 m 거리에서 50 발의 탄환이 80 mm 원내에 탄착 군이 형성될 정도로 정확한 사격을 할 수 있는, 극도로 높은 명중률 덕택에 저격용 라이플의 대명사로 불린다. 단 탄피가 사격지점으로부터 약 10 m 가까이 날아가기 때문에 저격병의 위치가 노출되기 쉬운 단점이 있다. 이 총의 스코프는 저격병이 저격하기 가장 좋은 거리인 600 m 거리에서 가장 탁월한 성능을 발휘한다.	Made in Germany, the Holt is known as the world's most precise semi-automatic sniper rifle. It fires so accurately that 50 rounds at 300 m land within an 80 mm circle, and thanks to this extremely high accuracy it has become a byword for sniper rifles. However, its spent cases fly nearly 10 m from the firing point, so it tends to give away the sniper's position. Its scope performs best at 600 m, the ideal range for a sniper.
토르의 건틀릿이라 불리는 슬레이어용 장구이다. 고대 게르만의 신인 토르는 거대한 철퇴를 들고 손에는 장갑을 착용하는 농민의 수호신으로, 토르가 사용했다는 쇠장갑의 모양을 본딴 것이라고 한다. 손목아래부분까지의 재질은 철재, 그 위의 부분은 구리와 주석의 합금으로 제작되어 내구성과 방어면을 보완하였다. 윗부분에는 사자의 모양이 그려져 있어, 용맹한 군사라는 표식을 담고 있기도 하다.	Slayer gear called the Gauntlet of Thor. Thor, the ancient Germanic god, was the patron of farmers who wielded a great hammer and wore gloves; this is said to be modeled on the iron gloves he used. Up to the wrist it is made of iron, and above that of a copper-tin alloy, improving durability and protection. A lion is drawn on the upper part, marking its wearer as a brave warrior.
마도서를 해독할 코드표를 구성하고 있는 마석으로 각각은 힘, 조화와 균형, 기쁨, 생명, 붕괴를 상징한다고 한다.	A magic stone that forms part of the code table for deciphering a grimoire; the stones are said to symbolise power, harmony and balance, joy, life, and collapse.
질리엇은 본래 감정을 담당하는 상위 정령의 위치에 있었습니다. 하지만 항상 정령왕의 능력과 위치를 시기했고 틈만나면 다른 정령들에게 정령와의 험담을 늘어놓곤 했습니다. 결국 그의 험담은 정령왕의 귀에도 들어가게 되었고 화가 난 정령왕은 그를 돌속에 가두어 버렸습니다. 그리고 이후 그 돌을 소유한 자의 소환에 의해서만 빛을 볼수 있었습니다. 소환자는 질리엇의 힘을 이용해 상대방의 감정을 조종할 수 있었지만 주위로부터 시기를 받게됩니다.	Gilleot was once a higher spirit in charge of emotion. But he always envied the Spirit King's power and position and never missed a chance to speak ill of the Spirit King to the other spirits. In the end his slander reached the Spirit King's ears, and the enraged Spirit King locked him inside a stone. From then on he could see the light only when summoned by the stone's owner. Summoners could use Gilleot's power to control the emotions of others, but they became the object of envy of those around them.
금도금한 키로 길드 하우스의 열쇠이다. 현재는 길드하우스의 기능이 제공되지 않고 있다. 차후에 쓰일 물건으로, 길드 마스터에게 지급 될 물건이다.	A gold-plated key to a guild house. Guild house functions are not currently available. It is an item for future use, to be given to Guild masters.
가운데에 도금 줄이 들어가 있는 반지이다. gilt라는 말 그대로 단순하게 금을 두른 반지이지만, guilt라는 의미도 담고 있어서 '죄악의 반지'라고도 불리 운다. 이 반지를 끼게 되면 사악한 기운이 손을 타고 온 몸으로 전해진다고 한다. 피의 색깔과 연관이 있는 붉은 기운이 온 몸을 돌며, 동시에 눈과 입술이 붉그스름해 진다. sadism한 기운도 돌아서 흡혈 시에 피흡혈자를 가학하면서 절정에 이르렀을 때 피를 흡수한다고 한다.	A ring with a gilded line through the middle. As the word 'gilt' says, it is simply a ring wrapped in gold, but it also carries the sense of 'guilt', so it is also called the 'Ring of Sin'. It is said that when you put it on, an evil energy runs up your hand and through your whole body. A red energy, linked to the color of blood, circulates through the body, and the eyes and lips turn reddish at the same time. A sadistic streak takes hold as well, so that during Blood Drain the wearer torments the victim and drinks the blood at the peak of it.
돗토리(지명)의 기리시단 성직자들이 사용했던 십자가 이다. 옛 돗토리 지방의 교회의 탄압에도 불구하고 계속해서 그들의 신념을 전파하고자 했던 사람들의 열망이 담겨있는 십자가 이다. "진실의 힘"을 보여주는 십자가 이기도 하다.	A cross used by the Kirishitan clergy of Tottori (a place name). It embodies the longing of those who kept trying to spread their faith despite the persecution of the church in old Tottori. It is also a cross that shows "the power of truth".
글라디우스는 고대 로마의 병사가 사용했던 검을 말하며, 주로 찌르기 용으로 사용했던 경우가 많다. 폭이 넓고 변형이 없는 장방형(長方形)의 가드, 공 모양의 폼멜을 갖추고 있다. 글립은 나무나 상아, 은 드응로 만들어졌고, 전체 길이는 60Cm가량이며, 무게는 1Kg이 안된다.	The gladius is the sword used by the soldiers of ancient Rome, mostly for thrusting. It has a wide, plain rectangular guard and a ball-shaped pommel. The grip was made of wood, ivory, silver and the like; its overall length is about 60cm, and it weighs under 1kg.
천사의 광배 십자가이다. 십자가의 모양이 '나의 주, 야훼여!'를 부르며 주님께 나아가는 천사의 모습을 닮았으며, 그런 길을 따르려는 사제들의 마음을 표현한 것이라고도 한다. 교황의 은총을 받았던 사제 중에서 몇몇이 이 십자가를 사용해 천사의 광배가 그 빛을 더욱 더 발했다고 한다.	The cross of the angel's halo. Its shape resembles an angel approaching the Lord crying 'My Lord, Yahweh!', and it is also said to express the hearts of priests who would follow that path. It is said that when some priests who had received the Pope's grace used this cross, the angel's halo shone ever more brightly.
순금으로 만들어진 귀걸이이다. 아래부분에는 저주받은 동굴에서 채취한 석순이 매달려있으며 이 저주받은 석순으로 인해 귀걸이를 착용한 뱀파이어는 언제나 차가운 얼음의 기운을 느낄수있다. 흡혈 욕구로 인해 뜨거워진 욕망에서 벗어나 언제나 차가운 이성과 냉철한 판단력을 유지할수있도록 도움을 주는 귀걸이이다.	An earring made of pure gold. A stalactite taken from a cursed cave hangs from the bottom, and because of this cursed stalactite a Vampire wearing the earring always feels the chill of ice. It helps its wearer escape the burning desire of bloodlust and keep a cold mind and clear judgment at all times.
금으로 만든 키이다.	A key made of gold.
금으로 만들어진 특이한 장식의 반지이다. 충성, 지혜, 예지, 용기, 악으로부터의 보호, 치유,결백 및 부활을 의미하는 6개의 원석이 반지의 중앙에 위치하고 있다. 그래서 이 반지를 끼는 사람은 반지로부터 6가지의 원석의 힘이 부여된다고 한다. 차례대로 가넷, 자수정, 에메랄드, 루비, 페리도트, 사파이어(바티칸 교황청 추기경들이 끼는 반지라고도 함), 토파즈. 이 6가지 원석의 고유한 힘만이 반지에 작용하며 서로 상반되는 힘은 없다.	A ring of gold with unusual decoration. Set in its center are six gemstones signifying loyalty, wisdom, foresight, courage, protection from evil, healing, innocence and resurrection. Whoever wears it is therefore said to receive the power of the six stones. In order: garnet, amethyst, emerald, ruby, peridot, sapphire (said to be the ring worn by the cardinals of the Vatican) and topaz. Only the inherent powers of these six stones act on the ring, and none of them opposes another.
황금으로 만들어진 반지이다. 겉모양이 특이하게 보이는 이 반지는 금으로 된 반지 틀 위에 갈대 매듭 한 금줄을 씌운 것이다. 반지의 가운데에는 빛, 생명, 태양, 영속성, 불후성을 의미하는 다이아몬드가 박혀 있다. 태양을 의미하는 이 두 가지 보석들은 뱀파이어의 존재를 소멸시키는데 필요한 도움을 준다고 알려져 있다. 이 반지는 사용자에게 소멸의 능력을 부여한다고 해서 '소멸의 반지'라고도 불리 운다.	A ring made of gold. Unusual in appearance, it is a gold band covered with a gold wire tied in reed knots. Set in its center is a diamond, signifying light, life, the sun, permanence and immortality. These two gems of the sun are said to help in annihilating Vampires. Because it grants its wearer the power of annihilation, it is also called the 'Ring of Annihilation'.
계급스킬을 초기화하는 물약입니다.	A potion that resets your Rank skills.
1920년경에 한 슬레이어에 의해서 발견된 고대 유적이 있었다. 유적 안에서 거대한 유골 한 구와 칼자루로 보이는 쇠뭉치 하나가 발견되었고 시체의 목에는 송곳니를 엮어서 만든 목걸이와 팔찌가 나왔는데 E.V.E에서는 뱀파이어의 송곳니로 추정했다. 같이 나온 쇠뭉치 전체에는 알 수 없는 그림들이 새겨져 있었고 E.V.E는 이 쇠뭉치와 조금 남아있는 검 신으로 검 재현에 성공했다. 재현한 검은 너무 크고 무거워 웬만큼 훈련한 슬레이어도 들기 조차 힘들어 했다. 자루에 있는 문양은 해석되지 못한 체 카피 되어 E.V.E는 양산에 들어 갔으나 소량생산에 그쳤다.	Around 1920, a Slayer discovered an ancient ruin. Inside were found a giant skeleton and a lump of iron that seemed to be a sword hilt; on the corpse's neck and wrist were a necklace and bracelet strung from fangs, which EVE presumed to be Vampire fangs. The lump of iron was engraved all over with unknown images, and from it and the little that remained of the blade, EVE succeeded in reconstructing the sword. The reconstructed sword was so big and heavy that even well-trained Slayers could barely lift it. The pattern on the hilt was copied without ever being deciphered, and EVE put the sword into mass production, but only a small number were made.
그릭 메이스는 고대 그리스인들이 상용했던 메이스로써 직접적인 이 메이스의 파워는 세지 않으나 사용하는 사람의 성력에 따라 파워가 달라진다. 그리스인 만의 특유의 제련법으로 9가지 금속을 섞어 제련했으며 굉장히 가볍다. 끝의 뭉치는 보석을 섞어 가공했다. 성력이 낮은 사람이 사용하면 오히려 실버 메이스보다 낮은 파워가 나와 낭패를 보기도 한다.	The Greek Mace is a mace the ancient Greeks commonly used; its raw power is not great, but its power varies with the holy power of its user. Forged by a method unique to the Greeks from an alloy of nine metals, it is extremely light. The head was worked with gems mixed in. In the hands of someone with low holy power it can even hit weaker than a Silver Mace, to their dismay.
축제용 폭죽입니다. 오른 클릭으로 사용하면 밤하늘을 아름답게 수놓아줍니다. 즐거운 크리스마스 되시고요, 새해에도 다크에덴 많이 사랑해주세요.	A festival firecracker. Right-click to use it and it will paint the night sky beautifully. Merry Christmas, and please keep loving DarkEden in the new year.
녹색 떡국은 옵션이 없는 아이템에 DEX+1을 부여할수있는 인첸트 송편으로 아이템 종류에 상관없이 무조건 인첸트에 성공할 수 있다.	Green Rice Cake Soup is an enchant rice cake that grants DEX+1 to an item with no options, and the enchant always succeeds whatever the type of item.
녹색 송편은 옵션이 없는 아이템에 DEX+1을 부여할수있는 인첸트 송편으로 아이템 종류에 상관없이 무조건 인첸트에 성공할 수 있다.	Green Rice Cake is an enchant rice cake that grants DEX+1 to an item with no options, and the enchant always succeeds whatever the type of item.
그린 루비아떼 오토바이를 불러내기 위해 필요한 아이템이다. 루비아떼 오토바이를 불러내기 위해서는 루비아떼 키를 소지한 상태에서 오토바이 판매NPC에게 “제 오토바이를 찾고 싶습니다” 라고 말을 건네면 된다. 단, 유료 사용자일 경우 안전지대를 제외한 나머지 장소에서 루비아떼키를 오른마우스로 클릭하여 루비아떼 오토바이를 소환할 수 있다.	An item needed to call up the Green Rubiate motorcycle. To call up a Rubiate motorcycle, speak to the motorcycle vendor NPC while carrying the Rubiate Key and say "I would like to collect my motorcycle." Premium users, however, can summon the Rubiate motorcycle anywhere except safe zones by right-clicking the Rubiate Key.
축제용 연발 광역 폭죽입니다. 오른 클릭으로 폭죽을 사용하면 밤하늘을 아름답게 수놓아줍니다. 세발의 녹색 폭죽이 연속적으로 터지게 됩니다.	A festival multi-shot wide-area firecracker. Right-click to set it off and it will paint the night sky beautifully. Three green firecrackers go off one after another.
남성은 녹색에서 전원이 주는 상쾌함을 맛보고, 여성은 녹색에서 파격을 맛본다. 녹색은 누가 뭐라고 해도 건강한 색이다.  	Men taste the freshness of the countryside in green; women taste its boldness. Whatever anyone says, green is the color of health.
Green Star 아이템은 이벤트 아이템으로써 종족과 위치에 따라서 아래의 NPC 에게서 아이템 혹은 돈으로 교환할 수 있다. 	The Green Star is an event item that can be exchanged for items or money with the NPCs below, depending on your race and location.
용도 : 별의 갯수가 20 / 40 / 60 / 80 / 100 개 일때 교환이 가능하며, Dex 옵션이 붙은 고급 아이템 혹은 돈으로 교환할 수 있다.	Use: Stars can be exchanged once you have 20 / 40 / 60 / 80 / 100 of them, for high-grade items with a DEX option or for money.
축제용 광역 폭죽입니다. 오른 클릭으로 폭죽을 사용하면 밤하늘을 아름답게 수놓아줍니다. 세발의 녹색 폭죽이 동시에 터지게 됩니다.	A festival wide-area firecracker. Right-click to set it off and it will paint the night sky beautifully. Three green firecrackers go off at once.
깜짝 놀라셨군요? 다크에덴 산타 할아버지가 한해를 감사하는 뜻으로 드리는 선물이랍니다. 크리스마스를 맞이하여, 평소 즐거움을 함께했던 친구들과 교환하도록 하세요. 지금은 이 상자가 잠겨있지만, 마음을 담아 친구에게 선물하면 반드시 열릴 거라고 생각해요.	Surprised? It is a present from DarkEden's Santa Claus, as thanks for the past year. For Christmas, exchange it with the friends you have shared good times with. The box is locked for now, but I am sure it will open if you give it to a friend from the heart.
구르즈는 북인도에서 폭넓게 사용되던 메이스다. 무굴제국이 전성했던 16세기 말에 다양한 구르즈가 등장했으며 특별히 특징적인 모양이 정해져 있지는 않지만, 머리 부분이 커다랗고 특이하게 생긴 것을 말한다. 무기로서 커다란 위력을 발휘했던 구르즈이지만 화기의 발달로 전술이 진보하면서 사라졌다. 왕가의 보배로 화려하게 금으로 도금하고 아름다운 문양을 새겨 넣거나 정성 들여 디자안한 것이 지금까지 남아 있을 뿐이다.  	The gruz is a mace widely used in northern India. Many kinds of gruz appeared in the late 16th century, at the height of the Mughal Empire; they have no fixed characteristic shape, but the name refers to maces with large, unusually shaped heads. Though the gruz was a formidable weapon, it disappeared as firearms advanced tactics. All that remain today are royal treasures, lavishly gilded and engraved with beautiful patterns or carefully designed.
과거 티모르 호수에 사는 물의 정령의 일종인 구드엔은 너무나 아름다운 금발 여성으로 가끔씩 작은 배를 타고 호수 위에서 놀기도 하였다고 한다. 그만큼 인간과 만날 기회도 많아서, 이 정령이 인간 남자와 결혼했다는 이야기는 티모르 일대에서도 흔히 전해지고 있다. 하지만 그녀들을 때리는 일은 금지되어 있는데, 세 번 때리면 호수로 되돌아가버린다. 호수로 되돌아가버릴때에는 자신의 장신구들을 버려두고 간다고 한다. 	Guduen, a kind of water spirit that once lived in Lake Timor, was a beautiful golden-haired woman who sometimes played on the lake in a small boat. She had many chances to meet humans, and stories of this spirit marrying a human man are commonly told throughout the Timor region. But striking them is forbidden: strike one three times and she returns to the lake. When she returns to the lake, she is said to leave her ornaments behind.
블랙 풀릿(Black Pullet)이라는 부적을 넣어 만든 이 암스 밴드의 문양은 19세기 경에 프랑스 지방에서 만들어진 흑마술 계열의 마법서에서 나온 것이다.블랙 풀릿에 따르면 이 부적은 적대자에게 크나큰 괴로움을 안겨다 줄 수 있다는 말이 있으나 확인 된 사실은 없다. 하지만 자신을 수호하는 목적으로 이 부적이 담긴 도구를 차고 다니는 이들도 많다고 한다.	The pattern on this armsband, made with a talisman called the Black Pullet, comes from a grimoire of black magic written in France around the 19th century. According to the Black Pullet, this talisman can bring great torment upon one's enemies, but this has never been confirmed. Still, many are said to carry tools holding this talisman for their own protection.
일반적인 용도로 사용하는 머리 염색 약이다.	Ordinary hair dye for general use.
카스탈로 숲의 정기를 머금은 새벽의 이슬을 모은 것이다. 이는 요정들에게 삶의 기운을 북돋아준다.	Dawn dew gathered while it still holds the vital essence of the Castalo forest. It boosts the life energy of fairies.
캡슐안에 1/2힐링 앰플을 캡슐안에 함유하고 있으며, 체력이 50정도 치료된다. 	A capsule containing a 1/2 healing ampul; it restores about 50 HP.
캡슐안에 1/2마나 앰플을 함유하며, 50정도 회복된다. 	A capsule containing a 1/2 mana ampul; it restores about 50 MP.
신 무인병기인 센터우로는 파워팩으로 구동된다. 이 팩이 없을 경우 움직일 수 없다. 기술의 발전으로 팩 하나로 많은 기능들을 구현할 수 있다.	The Centauro, a new unmanned weapon, runs on power packs. Without a pack it cannot move. Thanks to advances in technology, a single pack can power many functions.
하르페는 그리스 신화 속에서 페르세우스가 고르곤의 세 자매 중의 하나인 메두사를 퇴치했을 때 사용한 무기로도 알려져 있다. 일체형으로 만들어졌기 때문에 손잡이를 포함한 모든 것이 금속제이며 손에 익숙해지기 쉽도록 산 모양의 곡선을 그리는 손잡이도 있었다. 걸어서 벤다는 점이 이 검의 가장 효과적인 사용법이다.	In Greek myth the harpe is known as the weapon Perseus used to slay Medusa, one of the three Gorgon sisters. Made in one piece, it is entirely metal, hilt included, and some had a hilt curved like a mountain so that it would sit easily in the hand. Hooking and slicing is the most effective way to use this sword.
모터사이클 "호크아이(Hawkeye)"의 열쇠이다.	The key to the "Hawkeye" motorcycle.
웨폰튜닝으로 유명한 미국의 슬레이어 마스터 잭 폴란이 개조한 스나이퍼 라이플이다. 정밀성과 정확성에서 기존의 어떠한 SR 보다 뛰어나며 파괴력 또한 능가한다. 일본산 Kurowa 렌즈를 채택해서 사정거리를 극대화했지만, 거대한 크기와 무게 때문에 휴대가 용이하지 않다는 단점도 있다.	A sniper rifle modified by Jack Polan, an American Slayer master famous for weapon tuning. It surpasses every existing SR in precision and accuracy, and in destructive power too. It uses a Japanese Kurowa lens to maximize range, but its huge size and weight make it hard to carry.
강화 플라스틱 재질로 된, 수동 적외선 데이터 시스템이 장착된 헬멧이다. 얼굴 전체를 덮어 주지 않아 방어력이 떨어지는 단점이 있다. 눈 부위에 달린 적외선 데이터 장치는 사물을 인식하여 작은 창에 나타내주며 어두운 곳에서 유용하게 사용되는 헬멧으로, 중량감을 거의 느낄 수 없다. 데이터를 인식할 수 있는 시야가 좁다는 단점이 있다.	A helmet of reinforced plastic fitted with a manual infrared data system. It does not cover the whole face, so its defense is lower. The infrared data device over the eyes recognizes objects and shows them on a small screen, making the helmet useful in dark places, and its weight is barely noticeable. Its drawback is the narrow field of view within which data can be recognized.
기존의 앰플방식을 개량한 회복 약물로 음용을 통해 빠른 속도로 체력을 보충해준다.	A recovery drug improved from the old ampul type; drinking it restores HP quickly.
포켓수가 8개로 최대 8개의 퀵 아이템을 올려놓을 수 있다. 앞면이 X자의 형태로 미디엄 벨트에서 또 2개의 포켓수가 늘어났다. 포켓의 수가 늘어날수록 무게와 방어력도 비례한다.	A belt with 8 pockets, holding up to 8 quick items. Its front forms an X, with 2 more pockets than the Medium Belt. The more pockets a belt has, the greater its weight and defense.
아우스터즈가 성인 의식이 거행되는 날 성인의 증표로 하나씩 지급해 주는 링으로서 반지 세공사 헴프의 이름을 따서 지은 링이다. 헴프의 링에는 세 개의 작은 홈이 파져 있는데 성년 의식이 치러지는 동안 반지 홈에 자신이 소망을 담아 정령을 부르게 되면 그 소원이 이뤄진다는 전설이 있다.	A ring given to each Ousters as proof of adulthood on the day of the coming-of-age ceremony, named after the ring maker Hemp. Hemp's Ring has three small grooves carved in it, and legend says that if you place your wish in the grooves and call a spirit during the ceremony, the wish will come true.
특수 비닐 재질의 남자용 뱀파이어 코트가 강화된 형태의 뱀파이어 코트이다. 비교적 높은 외부 압력에서도 쉽게 망가지지 않게 제작된 장점을 살려서 웬만한 압력에 변형되지 않게 제작되었다. 개인적인 취향에 따라 마법 수련을 거듭한 뱀파이어는 자신의 코트에 마법적인 능력들을 부여해 자신의 코트에 능력을 한껏 높이곤 한다. 이 코트는 어린 뱀파이어들의 마법력 향상을 위해 제작되었다.	A Vampire coat that is a reinforced version of the men's Vampire coat made of special vinyl. Building on that coat's strength of resisting damage even under fairly high external pressure, it was made so as not to deform under most pressure. Vampires who have trained in magic to suit their own tastes often imbue their coats with magical abilities to raise their power to the full. This coat was made to improve the magic power of young Vampires.
특이한 모양의 슬레이어용 팔찌이다. 5개의 원석이 박힌 팔찌로, 팔찌의 안쪽에 성스러운 카톨릭 표식이 적혀 있다는 특징을 가지고 있다. 그리고 5개의 원석 뒤에는 주의 군대 표식인 십자가, 천상군대의 날개, 천상의 방패, 날개 달린 말인 페가수스, 대천사 미카엘의 검을 지칭하는 5가지 표식이 그려져 있다. 전설에 의하면, 그것들은 사용자에게 성령의 힘을 준다고 한다.	An unusual bracelet for Slayers. It is set with five gemstones and is distinguished by a holy Catholic mark inscribed on its inner side. Behind the five stones are drawn five marks: the cross, sign of the Lord's army; the wings of the heavenly host; the heavenly shield; Pegasus, the winged horse; and the sword of the Archangel Michael. Legend says they give their wearer the power of the Holy Spirit.
방어용이라기 보다는 위장용으로 만들어진 것이다. 단지 두건의 의미로 사용이 되는 것이기 때문에 방어력보다는 보호용이라는 개념으로 사용된다. 단지, 방한, 보온의 효과만 가지고 있다.	Made for camouflage rather than defense. Since it serves merely as a hood, it is thought of as a covering rather than as armor. Its only effect is to keep out the cold and keep you warm.
움직이는 시체인 와이트의 전리품이었던 서클릿이다. 와이트는 보물과 함께 고분 안에 안치된 왕이나 왕비의 시체에 사악한 영이 옮겨진 것으로, 차갑게 미라가 된 몸을 장식품으로 치장해서 걸으면 반지나 금으로 된 장신구가 소리를 낸다. 항상 무덤 안에 살고 있지만 한패를 늘리기 위해서인지, 누군가 찾아오면 저주의 주문을 걸어서 고분 안으로 끌어들여 죽이려고 한다. 다만 두려움을 모르는 심장을 지닌 용사에게는 손을 댈 수 없다고 한다. 그대가 진정 용감한 이라면   이 무덤 안에서, 와이트의 모습이 아닌 바닥에 즐비하게 떨어져 있는 귀금속만을 발견하게 될 것이다.	A circlet that was once the trophy of a wight, a walking corpse. A wight is an evil spirit that has passed into the corpse of a king or queen laid in a burial mound with their treasure; its cold, mummified body is decked with ornaments, so its rings and gold jewelry jingle as it walks. It always dwells inside the tomb, but, perhaps to swell its ranks, it casts a curse on anyone who comes calling to lure them into the mound and kill them. It is said, though, that it cannot lay a hand on a hero with a fearless heart. If you are truly brave, inside this tomb you will find not the wight but only the precious metals strewn across the floor.
고대인들의 보석으로 '충성','투시력','천리안'등을 상징한다. 보석은 자신의 주인의 능력에 따라 그 힘을 발휘한다고 하지만, 아직 그 누구도 히아신스의 본 힘을 이끌어 낸 이는 없어 고대의 미스터리로 남아 있다. 진귀한 것으로 찾아 보기 힘들며, 이 보석으로 장신구등을 만들어 하는 것은 부의 상징이라고 할 수 있을 정도로 고가의 상품이다.	A gem of the ancients, symbolising 'loyalty', 'clairvoyance' and 'far sight'. Gems are said to show their power according to the ability of their owner, but no one has yet drawn out the true power of the hyacinth, and it remains a mystery of antiquity. It is rare and hard to find, and so costly that making jewelry from it is practically a symbol of wealth.
일반인들에게는 알려져 있지 않지만, 교황청으로부터 의뢰를 받아서 대뱀파이어 무기만을 자체 생산하는 비밀 공장들이 이탈리아 로마의 근교에 위치하고 있다. 그 중 하나인 I&S 사에서 야심차게 내놓은 총이 바로 ZIG 이다. I&S 엔지니어들은 실전에서는 SMG가 AR보다 화력이 떨어 질지는 몰라도, 뱀파이어를 상대로 하는 전투에서는 SMG의 빠른 연사속도와 VK탄의 파워를 조합 시키면 효율이 높을 거라고 판단했으며, 그 예상은 운 좋게도 적중했다. 빠른 움직임을 가진 뱀파이어에게 특수 탄인 VK탄을 보다 많이 명중 시킬 수 있었으며, 휴대가 편하고 반동 또한 AR에 비해 훨씬 적기 때문에 손 쉽게 뱀파이어를 제압할 수 있었다.	Unknown to the general public, secret factories that produce nothing but anti-vampire weapons on commission from the Holy See stand on the outskirts of Rome, Italy. The ZIG is the gun proudly launched by one of them, I&S. I&S engineers judged that although an SMG may lack an AR's firepower in the field, against Vampires the combination of an SMG's high rate of fire and the power of VK rounds would be highly effective, and luckily their prediction proved right. It could land more of the special VK rounds on fast-moving Vampires, and because it was easy to carry and had far less recoil than an AR, it made subduing Vampires easy.
"저주 받은 걸작"으로 알려진 모데라토는 I&S사가 한정적으로만 생산한 라이플이다. 다른 SR에 비해 그 길이가 1.5배 긴 것이 특징이며, I&S사가 유명 저격슬레이어들을 위해 주문 제작한 제품으로 유명하다. 정확성과 사정거리가 뛰어나다는 홀트의 성능을 가볍게 뛰어넘는다. 모데라토(Moderato)라는 이름에 걸맞지 않게 저격 수 개개인의 튜닝능력에 따라서 성능이 극에서 극으로 치닫는다. 하지만 이 총의 소유주들이 모두 의문의 죽음을 당했으며 I&S의 수석 제작자 Hanson 또한 행방불명 되어서 저주 받은 걸작이라는 악명을 얻게 되었다.	Known as "the cursed masterpiece", the Moderato is a rifle I&S produced only in limited numbers. It is 1.5 times longer than other SRs and is famous as a custom order I&S built for renowned Slayer snipers. It easily outperforms the Holt, famed for its accuracy and range. Belying its name, Moderato, its performance swings from one extreme to the other depending on each sniper's tuning skill. But all its owners died mysterious deaths and I&S's chief designer Hanson also vanished, earning it the infamous name of the cursed masterpiece.
"ZIG"로 유명한 I&S사의 소총 부문의 야심작인 FURY는 불펍형 소총으로 몸통이 전부 플라스틱인 것은 물론이고, 방아쇠, 시어, 해머 같은 격발기구까지 플라스틱으로 되어있다. 운반손잡이로도 사용 가능한 1.5배율 스코프가 기본 장착 되어 있어서 300미터 전방의 축구공 크기의 표적도 저격 가능할 정도로 명중률이 높다. 5.56mm VK 탄창을 사용하며, Fury의 노리쇠, 탄피 방출장치는 왼손잡이, 오른손잡이에 따라 양쪽으로 변경 가능하다. Fury는 디자인과 컨셉의 측면에서 매우 뛰어난 미적 감각을 보여주며, Assault Rifle이 안고 있던 크기와 무게에 대한 명답을 제공해 주었다.	The FURY, the ambitious rifle of I&S (famous for the "ZIG"), is a bullpup rifle whose entire body is plastic, as are even its firing parts such as the trigger, sear and hammer. It comes standard with a 1.5x scope that doubles as a carrying handle, and it is accurate enough to snipe a football-sized target 300 meters away. It uses 5.56mm VK magazines, and the Fury's bolt and ejection port can be switched to either side for left- or right-handed shooters. The Fury shows a superb aesthetic sense in design and concept, and offered a brilliant answer to the size and weight problems of the assault rifle.
I&S사의 신형 스나이퍼 라이플인 하피는, 90년대의 최신 기술이 적용된 탓에 무게도 가볍고 위력도 강하다. 정밀 사격 능력 또한 뛰어 나지만, 전체적인 능력을 평가하자면 중간 수준의 SR 이라고 할 수 있다. IS-99 는 금속면이 짙은 청색으로 마감되어 있으며, 야간에 뱀파이어와의 전투에 대비한 AV-NV특수렌즈, 크롬처리 된 총열 등을 임의로 교체가능 하도록 설계되어 있다. 개머리판은 에폭시 수지로 도장 되어 있다. 한때 특급 스나이퍼인 쟌이 애용한다고 해서 슬레이어들의 관심을 끌었다.	I&S's new sniper rifle, the Harpy, applies the latest technology of the 1990s, so it is light and powerful. Its precision shooting is also excellent, but overall it rates as a mid-range SR. The IS-99's metal surfaces are finished in dark blue, and it is designed so that parts such as the AV-NV special lens for night fighting against Vampires and the chrome-lined barrel can be swapped at will. The stock is coated in epoxy resin. It once drew the Slayers' attention because the elite sniper Jean was said to favor it.
일정시간 무기에 얼음 속성이 부여되어 공격 시 일정확률로 적의 공격속도를 느리게 만듭니다. (6일간 사용)	For a set time your weapon gains the ice attribute, and your attacks have a chance to slow the enemy's attack speed. (Lasts 6 days)
뱀파이어들의 우상 모양의 장식이 달린 목걸이이다. 뱀파이어 자신들의 우상을 기리기 위해 만든 것으로, 가장 초기에 만들어진 것으로 추정되는 것들 중에서 현존하는 것은 무려 200백년이 넘었다고 한다. 펜던트는 각자의 우상에 따라 그 모양 또한 다르며, 추구하는 바도 또한 다르다. 우상이 누구냐에 따라서 사용자에게 전해지는 힘이 다르며, 만들어진 시기가 오래되었을 수록 축적된 힘이 높다고 한다. 최강의 펜던트로 이전의 것들에 비해 방어력, 내구성이 최고의 것으로, 강자만이 이 펜던트를 사용할 수 있다고 한다.	A necklace bearing an ornament shaped like a Vampire idol. Vampires made these to honor their idols; of those thought to be the earliest, the surviving ones are over 200 years old. The pendants differ in shape according to their idol, and so do the ideals they pursue. The power passed to the wearer depends on who the idol is, and the older the pendant, the more power it has stored up. The strongest of pendants, with the best defense and durability of any before it, it is said that only the strong can use it.
임모랄 클록(180)은 30등급 이상의 남자 뱀파이어가 사용할 수 있는 코트입니다. 이 아이템은 기존 승직 코트에 올드 드롭을 인첸트 함으로써 얻을 수 있습니다.	Immoral Cloak(180) is a coat usable by male Vampires of Advancement grade 30 or higher. This item is obtained by enchanting an existing Advancement coat with an Old Drop.
임모랄 클록(195)은 45등급 이상의 남자 뱀파이어가 사용할 수 있는 코트입니다. 이 아이템은 기존 승직 코트에 올드 드롭을 인첸트 함으로써 얻을 수 있습니다.	Immoral Cloak(195) is a coat usable by male Vampires of Advancement grade 45 or higher. This item is obtained by enchanting an existing Advancement coat with an Old Drop.
임모랄 클록(215)은 65등급 이상의 남자 뱀파이어가 사용할 수 있는 코트입니다. 이 아이템은 기존 승직 코트에 올드 드롭을 인첸트 함으로써 얻을 수 있습니다.	Immoral Cloak(215) is a coat usable by male Vampires of Advancement grade 65 or higher. This item is obtained by enchanting an existing Advancement coat with an Old Drop.
임모랄 클록(230)은 80등급 이상의 남자 뱀파이어가 사용할 수 있는 코트입니다. 이 아이템은 기존 승직 코트에 올드 드롭을 인첸트 함으로써 얻을 수 있습니다.	Immoral Cloak(230) is a coat usable by male Vampires of Advancement grade 80 or higher. This item is obtained by enchanting an existing Advancement coat with an Old Drop.
임모랄 클록(250)은 100등급 이상의 남자 뱀파이어가 사용할 수 있는 코트입니다. 이 아이템은 기존 승직 코트에 올드 드롭을 인첸트 함으로써 얻을 수 있습니다.	Immoral Cloak(250) is a coat usable by male Vampires of Advancement grade 100 or higher. This item is obtained by enchanting an existing Advancement coat with an Old Drop.
고대로부터 불멸을 상징한다고 전해지는 다이야몬드에 최상급정령을 봉인하여 만들어진 이모르텔러티링은 그 능력이 현재까지 알려지지 않았다. 몇몇 아우스터즈들이 반지의 힘에 의해 영혼을 빼앗기는 불상사가 발생한 이후에는 고급 정령을 다루는 정령사들 조차도 반지 사용을 꺼려하는 반지가 되었다.	The Immortality Ring, made by sealing a supreme spirit inside a diamond, a stone said since ancient times to symbolise immortality, holds powers that remain unknown to this day. After several Ousters had their souls stolen by the ring's power, even spirit mages who command high spirits became wary of using it.
임페리움 부츠(180)는 30등급 이상의 아우스터즈가 사용할 수 있는 하의입니다. 이 아이템은 기존 승직 하의에 올드 드롭을 인첸트 함으로써 얻을 수 있습니다.	Imperium Boots(180) is lower-body armor usable by Ousters of Advancement grade 30 or higher. This item is obtained by enchanting existing Advancement lower-body armor with an Old Drop.
임페리움 부츠(195)는 45등급 이상의 아우스터즈가 사용할 수 있는 하의입니다. 이 아이템은 기존 승직 하의에 올드 드롭을 인첸트 함으로써 얻을 수 있습니다.	Imperium Boots(195) is lower-body armor usable by Ousters of Advancement grade 45 or higher. This item is obtained by enchanting existing Advancement lower-body armor with an Old Drop.
임페리움 부츠(215)는 65등급 이상의 아우스터즈가 사용할 수 있는 하의입니다. 이 아이템은 기존 승직 하의에 올드 드롭을 인첸트 함으로써 얻을 수 있습니다.	Imperium Boots(215) is lower-body armor usable by Ousters of Advancement grade 65 or higher. This item is obtained by enchanting existing Advancement lower-body armor with an Old Drop.
임페리움 부츠(230)는 80등급 이상의 아우스터즈가 사용할 수 있는 하의입니다. 이 아이템은 기존 승직 하의에 올드 드롭을 인첸트 함으로써 얻을 수 있습니다.	Imperium Boots(230) is lower-body armor usable by Ousters of Advancement grade 80 or higher. This item is obtained by enchanting existing Advancement lower-body armor with an Old Drop.
임페리움 부츠(250)는 100등급 이상의 아우스터즈가 사용할 수 있는 하의입니다. 이 아이템은 기존 승직 하의에 올드 드롭을 인첸트 함으로써 얻을 수 있습니다.	Imperium Boots(250) is lower-body armor usable by Ousters of Advancement grade 100 or higher. This item is obtained by enchanting existing Advancement lower-body armor with an Old Drop.
임페리움 베스티오(180)는 30등급 이상의 아우스터즈가 사용할 수 있는 상의입니다. 이 아이템은 기존 승직 상의에 올드 드롭을 인첸트 함으로써 얻을 수 있습니다.	Imperium Vestio(180) is upper-body armor usable by Ousters of Advancement grade 30 or higher. This item is obtained by enchanting existing Advancement upper-body armor with an Old Drop.
임페리움 베스티오(195)는 45등급 이상의 아우스터즈가 사용할 수 있는 상의입니다. 이 아이템은 기존 승직 상의에 올드 드롭을 인첸트 함으로써 얻을 수 있습니다.	Imperium Vestio(195) is upper-body armor usable by Ousters of Advancement grade 45 or higher. This item is obtained by enchanting existing Advancement upper-body armor with an Old Drop.
임페리움 베스티오(215)는 65등급 이상의 아우스터즈가 사용할 수 있는 상의입니다. 이 아이템은 기존 승직 상의에 올드 드롭을 인첸트 함으로써 얻을 수 있습니다.	Imperium Vestio(215) is upper-body armor usable by Ousters of Advancement grade 65 or higher. This item is obtained by enchanting existing Advancement upper-body armor with an Old Drop.
임페리움 베스티오(230)는 80등급 이상의 아우스터즈가 사용할 수 있는 상의입니다. 이 아이템은 기존 승직 상의에 올드 드롭을 인첸트 함으로써 얻을 수 있습니다.	Imperium Vestio(230) is upper-body armor usable by Ousters of Advancement grade 80 or higher. This item is obtained by enchanting existing Advancement upper-body armor with an Old Drop.
임페리움 베스티오(250)는 100등급 이상의 아우스터즈가 사용할 수 있는 상의입니다. 이 아이템은 기존 승직 상의에 올드 드롭을 인첸트 함으로써 얻을 수 있습니다.	Imperium Vestio(250) is upper-body armor usable by Ousters of Advancement grade 100 or higher. This item is obtained by enchanting existing Advancement upper-body armor with an Old Drop.
인간에게 있어 가장 뛰어난 점은 바로 첨단 기술을 이용한 방대한 정보력이라 할 수 있다. 특히나 시시때때로 상황이 급변하는 전장에서 빠른 정보의 입수는 개인의 안전은 물론 전세의 흐름에 큰 영향을 미치는 것이다. 아포 스크랩은 이런 정보의 수집과 분석을 도와주는 기구로서 수많은 국가의 위성과 연결해 빠르고 정확한 정보를 얻을 수 있다. 하지만 고가의 장비이기 때문에 일반 사병으로서는 쉽게 구할 수 없는 장비로 상당한 고가에 거래되고 있다.	Humanity's greatest strength lies in its vast intelligence capability, built on advanced technology. On a battlefield where the situation can change at any moment, getting information quickly affects not only personal safety but the whole course of the fight. The Info Scrap is a device that helps gather and analyze such information, linking up with the satellites of many nations to obtain fast, accurate intelligence. But as expensive equipment it is hard for an ordinary soldier to come by, and it trades at a very high price.
재질을 강화 플라스틱으로 바꾸고 적외선 장치가 가미가 된 신형 헬멧이다. 철모에 비해 가볍고 충격 흡수력도 뛰어나지만 내구성이 떨어지는 점이 단점이다. 다이나믹 디자인으로 총등의 충격이 분산되도록 디자인되어 있다.	A new helmet switched to reinforced plastic and fitted with an infrared device. It is lighter than a steel helmet and absorbs shock better, but its weak point is lower durability. Its dynamic design disperses the impact of bullets and the like.
침투 시 유용한 헬멧으로, 적외선 센서가 붙어 있어서 온도와 자외선 센서의 감지가 정확하다. 이 헬멧에는 감지기능만이 있으며, 이것을 사용하면 뱀파이어와 인간인지의 구별이 쉽고, 목표물에 대한 정확도가 향상된다.	A helmet useful for infiltration; its infrared sensor accurately detects temperature and ultraviolet. The helmet has only a detection function; with it, telling Vampires from humans is easy and accuracy against targets improves.
강화 플라스틱의 재질로 된, 자동 적외선 스코프가 장착된 헬멧이다. 눈에 달린 적외선 스코프는 사물을 체온으로 인식하여 작은 창에 나타내주어, 어두운 곳에서도 유용하게 사용된다. 적외선 스캐닝 시스템을 탑재한 헬멧들이 주로 사용하던 수동 작동을 자동으로 대치한 형태이다. 그동안 문제점으로 인식되어 왔으나, 쉽게 개선되지 않았었다. 얼굴을 덮어 방어력이 향상되었으나 강철을 사용하여 중량감을 느낄 수 있다. 적외선 센서에 의해 정확하게 사물을 구분할 수 있어 목표물에 대한 정확도가 향상되었다. AISS (Automatic-Infrared Scanning System) 탑재.	A helmet of reinforced plastic fitted with an automatic infrared scope. The infrared scope over the eyes recognizes objects by body heat and shows them on a small screen, making it useful even in the dark. It replaces the manual operation of earlier helmets with infrared scanning systems with automatic operation. That had long been recognized as a problem but was not easily fixed. It covers the face, improving defense, but its steel makes it feel heavy. The infrared sensor distinguishes objects precisely, improving accuracy against targets. Equipped with AISS (Automatic-Infrared Scanning System).
가장 기본이 되는 머리 방어구이다. 낮은 뱀파이어의 공격에 대한 충격을 충분히 흡수할 수 있을 정도의 충격 흡수력은 지니고 있다. 단지 철로 만들어졌기 때문에 무겁다는 것이 단점이다.	The most basic head armor. It absorbs shock well enough to withstand attacks from low-level Vampires. Its only drawback is that, being made of iron, it is heavy.
교회의 가르침을 받은 성직자라 할지라도 불가피한 상황에는 전투를 할 때도 있다.교회에서는 날카로운 날이 있는 무기를 금지했기 때문에 메이스를 들었다. 중간정도 크기의 봉에 끝에는 뭉툭한 쇠 뭉치가 달려있는 것이 아이언 메이스의 외관 모습이다.	Even clergy taught by the Church must sometimes fight when there is no other choice. The Church forbade weapons with sharp edges, so they took up the mace. The Iron Mace is a medium-length shaft with a blunt lump of iron at the end.
성직자 무기 중 가장 일반적인 무기.	The most common of the clergy's weapons.
철로 만든 뱀파이어용 반지이다. 가운데에는 붉은 핏빛을 상징하는 '루비'가 중앙에 박혀 있다. 붉은 색의 루비는 정열을 나타내며, 이 반지를 사용하는 사람은 루비의 붉은 색으로 다른 이를 유혹해, 몽롱한 상태로 만들어서 피를 흡수할 수 있는데 단, 뱀파이어에게는 사용할 수 없고 오직 인간에게만 사용할 수 있다고 한다. 전설에 따르면, 루비는 옛날 어느 성에 갇혀 있던 마녀가 생이 다한 것을 알고 자신의 피로 붉은 색을 띤 돌을 남겨 놓고 죽었는데 그 돌에는 마녀의 혼이 담겨 있다고 한다.	A Vampire ring made of iron. Set in its center is a 'ruby', symbolising the red of blood. The red ruby represents passion; its wearer can use the ruby's red glow to seduce others into a daze and drink their blood, but it is said to work only on humans, never on Vampires. Legend says the ruby was left by a witch imprisoned in a castle long ago who, knowing her life was at an end, left behind a stone reddened with her own blood before she died, and that her soul dwells in that stone.
뱀파이어의 전설적인 마법사 베네피쿠스가 힘의 일부를 오브에 가두는 마법을 개발하던 중, 생명과 맞바꾸어 남긴 비드이다. 이는 베네피쿠스의 사후 그의 딸 레비아에게 전해졌으나, 훗날 그녀는 의문의 사건에 의해 피살되고 이 비드의 행방 또한 묘연해진다. 당시 뱀파이어 마스터 중 하나인 노스페라투의 짓이라는 소문도 있었으나, 이는 세월의 흐름과 함께 잊혀졌다. 전설적인 마법사가 남긴 이 비드는 무한에 가까운 마력을 보장해준다.	A Bead left behind by the legendary Vampire mage Veneficus at the cost of his life, while he was developing a spell to trap part of his power in an orb. After his death it passed to his daughter Levia, but she was later murdered in a mysterious incident and the Bead's whereabouts became unknown. Rumour had it that Nosferatu, one of the Vampire Masters of the time, was behind it, but that was forgotten with the passing years. Left by a legendary mage, this Bead grants almost limitless magic power.
흑 옥이 달린 목걸이이다. 흑 옥은 슬픔, 죽은 자에 대한 애도를 상징하는 보석이다. 오랜 세월을 살아온 뱀파이어들은 자신이 죽을 때를 안다고 한다. 그래서 그들은 죽기 전 후계자에게 자신의 피의 목걸이로써 그의 '후계자'라는 증표를 남긴다고 한다. 신기하게도 이 목걸이에 죽은 자의 붉은 피가 닿으면 하얀 색으로 바뀐다. 가운데 새겨진 하얀 물결무늬는 '피'의 상징이자, 죽은 이를 애도하는 사람들의 '눈물'이라고도 한다.	A necklace set with jet. Jet is a gem symbolising sorrow and mourning for the dead. Vampires who have lived for ages are said to know when they will die. So before dying they leave their successor their blood necklace as proof that he is their 'successor'. Strangely, when the red blood of the dead touches this necklace, it turns white. The white wave pattern carved in its center is said to be both the symbol of 'blood' and the 'tears' of those who mourn the dead.
보석이 박혀있는 팔찌이다. 현재 있는 뱀파이어 아이템 중에서 가장 화려하다. 갖가지 색깔의 보석이 박혀 있으며, 그 빛깔 또한 곱다. 화려한 반면에, 다른 아이템에 비해 특징은 없다. 팔찌에 힘이 깃든 것이 아니며, 단지 장식효과 일 뿐이다. 처음부터 원석의 힘이 없었던 것이 아니라, 서로의 반대되는 힘끼리 부딪치면서 상쇄되었다고 한다.	A bracelet set with jewels. It is the most dazzling of all Vampire items in existence. It is set with jewels of many colors, and their hues are lovely. But for all its splendour, it has no special feature compared with other items. No power dwells in the bracelet; it is purely decorative. It is said that the stones did not lack power from the start, but that their opposing powers collided and canceled each other out.
일체형인 이 슈트는 어린 뱀파이어들이 착용하고 훈련하기에 알맞기 때문에 전세계의 마법 교육을 맡은 뱀파이어들은 이 슈트를 적극 권장한다. 슬레이어의 날카로운 무기에 대한 방어력과 내구력이 낮은 단점을 보완하기 위해 자체적으로 자신의 마법적인 능력을 슈트에 부여할 수 있게 특수 제작되었다. 어린 뱀파이어들 사이에서는 최고의 슈트라 칭해진다.	This one-piece suit is ideal for young Vampires to wear in training, so Vampires in charge of magic education around the world strongly recommend it. To make up for its low defense and durability against the Slayers' sharp weapons, it is specially made so that the wearer can imbue it with their own magical abilities. Among young Vampires it is hailed as the best suit there is.
기존 SMG들의 약한 위력으로 인해 많은 슬레이어들이 새로운 강력한 SMG를 필요로 하게 되었다. 이에따라 E.V.E에서 총기전문회사인 COLTA사에 의뢰하여 최근 개발 완료된 신형 SMG이다. 기존 SMG들에 비해 약 20% 빠른 발사속도를 가지면서 AR에 맞먹는 위력을 구현 가능하게 됨으로써 SMG의 약한 위력에 못 마땅해하던 슬레이어들을 만족시켜줄 수 있는 명품으로 평가된다.	Because of the weak power of existing SMGs, many Slayers came to need a new, powerful SMG. In response EVE commissioned the firearms maker COLTA to develop this new SMG, recently completed. With a rate of fire about 20% higher than existing SMGs and power rivalling an AR, it is regarded as a masterpiece that can satisfy Slayers who were unhappy with the weak power of SMGs.
최초의 카라만 아머 셋은 18세기 대 무역상이자 고대 무기 수집가이기도 했던 사이먼스 남작이 지중해 연안의 각지에서 발견된 갑옷 조각을 모아 복원하였다고 한다. 이것의 가치가 알려지자 보존상태가 매우 양호한 동종의 갑옷들이 꾸준히 발견되었다. 중세 오스만 투르크 제국의 전사들이 사용하던 것으로 추정되며, 가슴의 얼굴모양 부조는 그리스 신화에 등장하는 ‘판’을 닮았다. 이 안에 담긴 마력은 전장 속에서 끝 모를 힘과 용기를 불어넣어준다고 한다.	The first Kahraman armor set is said to have been restored by Baron Simmons, a great 18th-century merchant and collector of ancient weapons, from pieces of armor found all along the Mediterranean coast. Once its value became known, armor of the same kind in excellent condition kept turning up. It is thought to have been worn by warriors of the medieval Ottoman Turkish Empire, and the face carved in relief on the chest resembles 'Pan' of Greek myth. The magic within is said to fill its wearer with endless strength and courage on the battlefield.
최초의 카라만 아머 셋은 18세기 대 무역상이자 고대 무기 수집가이기도 했던 사이먼스 남작이 지중해 연안의 각지에서 발견된 갑옷 조각을 모아 복원하였다고 한다. 이것의 가치가 알려지자 보존상태가 매우 양호한 동종의 갑옷들이 꾸준히 발견되었다. 중세 오스만 투르크 제국의 전사들이 사용하던 것으로 추정되며, 무릎보호대 아래 새겨진 고대 문자는 특수한 천으로 감겨 그 힘이 폭주하는 것을 막고 있다. 이 안에 담긴 마력은 전장 속에서 끝 모를 힘과 용기를 불어넣어준다고 한다.	The first Kahraman armor set is said to have been restored by Baron Simmons, a great 18th-century merchant and collector of ancient weapons, from pieces of armor found all along the Mediterranean coast. Once its value became known, armor of the same kind in excellent condition kept turning up. It is thought to have been worn by warriors of the medieval Ottoman Turkish Empire, and the ancient script engraved below the knee guards is wrapped in a special cloth to keep its power from running wild. The magic within is said to fill its wearer with endless strength and courage on the battlefield.
인도의 이슬람 교도 자객들이 주로 사용하던 무기로 화려한 외관만큼이나 강력한 공격력을 자랑한다. 본래는 무기 전체가 화려한 금빛을 띄었으나 시간이 흐르면서 점차 칼날부분이 검게 변하였다고 한다. 무기 상인들은 피에 의해 변색된 것일뿐이라 설명하지만, 세간에서는 이 무기에 목숨을 잃은 사자의 망령이 깃든 것이라 한다. 어떠한 이유에서건 이 크로우는 세월과 함께 날카로움이 더해가고 있다.	A weapon favored by Muslim assassins in India, boasting attack power as formidable as its splendid appearance. Originally the whole weapon gleamed a brilliant gold, but over time the blades gradually turned black. Arms dealers explain that they were simply stained by blood, but people say the ghosts of those it killed dwell within. Whatever the reason, this claw has grown only sharper with the years.
붉은 진주를 연상케 하는 아름다운 보석이 빼곡히 박힌 뱀파이어용 팔찌이다. 비터 티어라고 불리우는 이 보석은 억울하게 죽어간 망자들의 눈물을 응축해 만들어졌다고 한다. 이 팔찌는 물리적인 공격에 대해 놀라운 방어능력을 가지고 있으나, 그런 불길한 기원으로 인해 뱀파이어들조차 착용을 꺼린다고 한다.	A Vampire bracelet densely set with beautiful gems reminiscent of red pearls. These gems, called Bitter Tears, are said to be made from the condensed tears of those who died unjustly. The bracelet offers remarkable defense against physical attacks, but because of its ominous origin even Vampires are said to be reluctant to wear it.
칸자르는 아라비아어로 '고기 써는 나이프'란 의미다. 터키가 기원이며 전체 길이는 30cm~40cm 가량이고 무게는 0.3kg 이다. 날은 's'자 모양으로 구부러져 있으며, 금으로 정교하게 도금하고 무늬를 새겨넣어 장식한 것도 있다. 이러한 칸자르 나이프를 손가락 하나의 크기 정도로 축소하여, 크로의 날로 사용하게 되었다. 날과 연결된 손을 보호하는 부분은 '버닙프'라는 괴물의 뼈와 가죽으로 만들어 가벼운 무게와 충격흡수 능력이 훌륭하다고 한다. 	Khanjar means 'meat-cutting knife' in Arabic. It originated in Turkey; it is about 30 to 40cm long overall and weighs 0.3kg. The blade curves in an 's' shape, and some are finely gilded and engraved with patterns. Such khanjar knives were shrunk to about the size of a finger and used as the blades of this claw. The part that protects the hand, joined to the blades, is made from the bones and hide of a monster called the 'bunyip', giving it light weight and excellent shock absorption.
코페쉬는 손잡이길이가 6인치 정도인 이집트 도이다. 이는 아주 독특한 모양을 가지고 있다. 전체적으로 한 날 도끼를 길게 늘인듯한 모양의, 18인치의 곧은 날에 2피트 정도의 점점 폭이 좁아지는 날이 붙어 있다. 검 신과 자루는 일체형을 이루고 있으며 마치 작두를 연상케 하는 모습이다.	The khopesh is an Egyptian sword with a grip about 6 inches long. Its shape is very distinctive. Looking overall like a single-bladed axe drawn out long, it has an 18-inch straight section joined to a blade of about 2 feet that gradually narrows. Blade and hilt are formed in one piece, and it looks rather like a fodder chopper.
보통 청동이나 쇠로 만들며 무겁고 사용하기 곤란하며, 아주 느린 무기이다. 다른 어떤 칼의 부류에도 들지 않으므로 이를 사용하려면 이무기만을 위한 사용법을 익혀야 한다.	Usually made of bronze or iron, it is heavy, awkward to use and very slow. It fits into no other class of sword, so to use it you must learn techniques made for this weapon alone.
중세 서양 기사들이 사용하던 중장갑을 약간 가볍게 개조한 방어구이다. 기사 서임식 때에 쓰이던 건틀렛을 손목부분을 가죽을 덧댐으로써 모양에 변화를 주었다. 손목의 방어에도 신경을 써서 장갑이 팔목 이상의 위치를 방어해 주고 있다. 팔꿈치 부분까지 오는 길이로, 브론즈 보다는 방어력이 앞서지만 프리스트 글러브보다는 활동성이 쳐지는 기능을 가지고 있다.	Armour made by lightening the heavy gauntlets of medieval Western knights. The gauntlets used at knighting ceremonies were reshaped by adding leather at the wrist. Care was taken over the wrist as well, so the gauntlet also protects the arm above it. Reaching to the elbow, it offers better defense than the Bronze Gauntlet but less mobility than the Priest Glove.
늑대의 등가죽을 사용하여 만들어진 소프트 너클 장갑이다. '정권'이라는 의미 그대로 보다 정확한 가격 포인트를 주기위해 만들어졌다. 양산형 너클 치고는 상당히 섬세하게 제작되었으며, 이 무기의 착용으로 인해 대단한 공격력 향상은 기대할 수 없지만 가격이 저렴한데다 가볍고 다루기가 편해 어린 뱀파이어들이 많이 사용하고 있다.	A soft knuckle glove made from the hide of a wolf's back. True to its meaning of 'the straight punch', it was made to land blows more precisely. It is crafted with considerable finesse for a mass-produced knuckle, and though wearing it will not greatly boost your attack power, it is cheap, light and easy to handle, so many young Vampires use it.
코라는 본래 참수형에 사용하기 위해 제작된 도이다. 근접전에서 보여주는 위압감과 실용성, 즉각적인 처형의 용이성으로 인해 네팔의 왕궁 호위단에게 하사되었었다. 특이하게도 양쪽에 날이 서있어, 칼등 부분으로 낫처럼 당겨 벨 수 있다. 또한 손가락이나 발가락 등 신체의 일부를 자르는 형벌을 가하도록 도 끝에 구멍이 뚫려 있다.	The kora is a sword originally made for beheadings. For the intimidation and practicality it shows in close combat and the ease of carrying out summary executions, it was bestowed on the royal guard of Nepal. Unusually, it is sharpened on both sides, so it can be drawn back like a sickle to cut with the back edge. There is also a hole at the tip of the blade for punishments that cut off fingers, toes and other parts of the body.
무옵션 장비에 공격속도+5 옵션을 부여하는 강화아이템입니다. 사용되지 않은 송편은 추석 이벤트 종료와 함께 인벤토리로부터 삭제됩니다.	An enhancement item that adds an Attack Speed +5 option to equipment with no options. Unused rice cakes will be deleted from your inventory when the Chuseok event ends.
무옵션 장비에 데미지+2 옵션을 부여하는 강화아이템입니다. 사용되지 않은 송편은 추석 이벤트 종료와 함께 인벤토리로부터 삭제됩니다.	An enhancement item that adds a Damage +2 option to equipment with no options. Unused rice cakes will be deleted from your inventory when the Chuseok event ends.
무옵션 장비에 회피율+1 옵션을 부여하는 강화아이템입니다. 사용되지 않은 송편은 추석 이벤트 종료와 함께 인벤토리로부터 삭제됩니다.	An enhancement item that adds a Defense +1 option to equipment with no options. Unused rice cakes will be deleted from your inventory when the Chuseok event ends.
무옵션 장비에 행운+3 옵션을 부여하는 강화아이템입니다. 사용되지 않은 송편은 추석 이벤트 종료와 함께 인벤토리로부터 삭제됩니다.	An enhancement item that adds a Luck +3 option to equipment with no options. Unused rice cakes will be deleted from your inventory when the Chuseok event ends.
무옵션 장비에 방어율+1 옵션을 부여하는 강화아이템입니다. 사용되지 않은 송편은 추석 이벤트 종료와 함께 인벤토리로부터 삭제됩니다.	An enhancement item that adds a Protection +1 option to equipment with no options. Unused rice cakes will be deleted from your inventory when the Chuseok event ends.
무옵션 장비에 시야+3 옵션을 부여하는 강화아이템입니다. 사용되지 않은 송편은 추석 이벤트 종료와 함께 인벤토리로부터 삭제됩니다.	An enhancement item that adds a Vision +3 option to equipment with no options. Unused rice cakes will be deleted from your inventory when the Chuseok event ends.
고대 수메르나 아카드 정령의 일종. 보통 정령은 모두 우투쿠라 불리는데, 이들 중 선한 정령들이 라마스라 불린다. 인간의 모습이지만 새나 동물의 머리를 지닐 때도 있으며, 등에는 네개의 새의 날개가 있다고 한다. 기독교의 천사화 같은 존재로 신과 인간의 중개자로 활약했다. 인간의 수호신으로서의 역할도 담당했는데, 사람을 옳은 방향으로 이끌고 덮쳐오는 악령이나 재앙에서 보호해 준다.	A kind of ancient Sumerian or Akkadian spirit. Spirits in general are all called utukku, and the good ones among them are called lamassu. They have human form but sometimes the head of a bird or beast, and are said to have four bird's wings on their backs. Beings much like the angels of Christianity, they acted as intermediaries between gods and humans. They also served as guardian deities of humanity, leading people in the right direction and protecting them from the evil spirits and calamities that assail them.
‘다르마 챠크라’ 불교의 대표적 상징인 법륜(法輪)을 형상화한 암스밴드로, 깨달음에 이르는 여덟가지 길을 보여준다. 조화와 화해의 이미지를 담고 있다. '다르마 챠크라(Dharmachakra)'라는 단어는 산스크리트어이다. 이것을 한자로 바꾸면 다르마는 '법', 챠크라는 바퀴를 의미하는'륜'이 되어 '법륜(法輪)'이 된다. 법륜은 간단히 말하면, '진리의 수레바퀴'라고 할 수 있다. 진정한 자아의 진리를 형상한 자들에게만 소유가 가능하다고 한다. 	An armsband shaped like the Dharma Chakra, the Wheel of Dharma, the signature symbol of Buddhism, showing the eight paths to enlightenment. It carries an image of harmony and reconciliation. The word 'Dharmachakra' is Sanskrit. Rendered into Chinese characters, dharma becomes 'law' and chakra becomes 'wheel', giving 'Wheel of the Law'. Simply put, the Wheel of the Law is 'the wheel of truth'. It is said that only those who have grasped the truth of the true self can possess it.
LM-700 카라'Kar' 소총은 미국 메사추세스 소재 ZM-Weapon사에서 M16모델을 개량한 것으로, 소총의 경량성과 정확성을 높인 제품이다. M/L은 Military/Law의 약자로 군용/경찰용을 뜻한다. 1발에 적을 제압할 수 있는 정확도와 함께 파워가 월등하다는 것이 이 소총의 큰 장점이다. M-16소총의 아랫몸통을 사용하지만, 윗몸통은 Z-M사의 독특한 디자인을 갖는다. 여기에는 op-rod 라고 불리는 가스방식이 사용되어지는데, 이는 소총의 개머리판을 접을 수 있게 하며 동시에 짧은 총열을 가능케 한다. LR-300 M/L소총의 윗면은 평평하게 만들어졌는데, 이곳에 Weaver 타입의 마운트, 전자식 가늠쇠, 망원렌즈 등을 모두 장착할 수 있다. 방아쇠, 장전손잡이, 탄창멈치 등은 M-16소총의 것과 동일하지만 권총손잡이는 "2004" 이라 불리는 권총의 손잡이 형식 채택해 사격시 안정성을 높여, 누구나 쉽게 사용할수 있으나, 고가의 가격으로 구하기 어려운 소총이다.	The LM-700 'Kar' rifle is an improved M16 model by ZM-Weapon of Massachusetts, USA, made lighter and more accurate. M/L stands for Military/Law, meaning military and police use. Its great strengths are the accuracy to stop an enemy with a single shot and outstanding power. It uses the lower receiver of the M-16 rifle, but the upper receiver has Z-M's distinctive design. It uses a gas system called the op-rod, which lets the stock fold and at the same time allows a short barrel. The top of the LR-300 M/L rifle is flat, so a Weaver-type mount, electronic sights and a telescopic lens can all be fitted there. The trigger, charging handle and magazine release are the same as the M-16's, but it adopts the grip of the pistol called the "2004" for greater stability when firing, so anyone can use it easily; its high price, however, makes it hard to obtain.
은의 재질 위에 천으로 장식한 팔찌이다. 뱀파이어에게 치명적이라고 알려진 은을 이용하여 만든 것으로, 뱀파이어 자신들의 은에 대한 내성을 기르기 위해 만들었다. 처음 팔찌 착용 시, 초보 뱀파이어는 살이 타는 고통을 느낄 수도 있다고 한다. 이것 또한 사용자의 능력에 따라서 다르게 나타난다고 한다.	A bracelet of silver decorated with cloth. It uses silver, known to be deadly to Vampires, and was made so that Vampires could build up their resistance to silver. When first putting it on, a novice Vampire may feel the pain of burning flesh. This too is said to vary with the wearer's ability.
가장 일반적인 지뢰로 기본이 되는 대인 지뢰다. 설치가 간편하여 쉽게 사용할 수 있다. 강력한 대미지를 가지고 있어 그 파괴력은 7 * 7 의 타일 위의 모든 적에게 대미지가 가해진다.	The most common mine, the basic anti-personnel mine. It is simple to set and easy to use. It deals heavy damage, its destructive force hitting every enemy on the 7 * 7 tiles.
청금석(靑金石)이라고 불리는 이 보석은 '신의 호의'라는 의미를 갖고 있다. 고대 근동에서의 라피스 라즐리는 신전에서 많이 사용 되어 천계와 그 성스러운 힘을 나타 내었다고 한다. 이러한 라피스 라즐리에 뱀파이어들은 자신들의 저주 마법을 걸어, 이 보석의 신의 힘을 자신들의 능력을 증대시키는데 이용한다고 한다.	This gem, called lapis lazuli, the "blue gold stone", carries the meaning of 'the favor of the gods'. In the ancient Near East, lapis lazuli was used widely in temples, where it represented the heavens and their sacred power. The Vampires cast their curse magic on lapis lazuli and are said to use the gem's divine power to increase their own abilities.
캡슐안에 힐링 앰플을 캡슐안에 함유하고 있으며, 체력을 100정도 치료된다.	A capsule containing a healing ampul; it restores about 100 HP.
성직자의 인챈트 계열의 첫 단계인 성수 만들기(Create Holy Water)를 했을 때 나오는 부산물인 성수이다. 물병에 비례하여 생성된다. 큰 물병을 사용해서 만든다. 성수는 "거룩한 물" 이라는 뜻으로 사제가 특별히 축복한 깨끗한 물을 말한다. 종교적인 정화의 목적으로 성스러움을 방해하는 죄와 악마들을 쫓음으로써 더러운 것을 말끔히 씻는다는 의미를 가지고 있다. 성당에 들어갈 때 신자들이 성수를 손끝에 묻혀 십자성호를 긋는 것은 세례 때 한 약속을 다시 기억하고 성당에 들어가는 자신의 몸과 마음이 깨끗해 지기를 바라는 마음에서이다.	Holy water, the product of Create Holy Water, the first skill of the clergy's Enchant domain. The amount made depends on the water bottle; this one is made with a large water bottle. Holy water means "sacred water": clean water specially blessed by a priest. Used for religious purification, it signifies washing away all that is unclean by driving out the sin and demons that hinder holiness. When the faithful dip their fingertips in holy water and make the sign of the cross on entering a church, they do so to recall the promise made at their baptism and in the hope that body and soul are cleansed as they enter.
캡슐안에 마나 앰플을 함유하며, 100정도 회복된다.	A capsule containing a mana ampul; it restores about 100 MP.
성직자의 인챈트 계열의 첫 단계인 Create Holy Water의 재료이다. 큰 양에 비례한 양만큼의 성수가 생성된다.	Material for Create Holy Water, the first skill of the clergy's Enchant domain. It produces holy water in proportion to its large volume.
로마의 성직자들이 사용하던 십자가, 라틴 십자가는 십자가의 가로보다 세로가 더 길고 세로가 곧게 서 있다는 것이 특징이다. 다양한 모양과 이름의 라틴 십자가가 존재하며 그 뜻과 안에서 이끄는 힘들이 각각 다르다.	A cross used by the clergy of Rome. The Latin cross is marked by an upright that is longer than its crossbeam and stands straight. Latin crosses exist in many shapes and under many names, each with a different meaning and a different power within.
화려한 슬레이어용 팔찌로, 겉 문양에는 승리, 평화, 불사를 의미하는 월계수 잎이 그려져 있다. 그리스 신화 속에서 월계수는 아폴론의 사랑을 받아들이기를 거부한, 물의 요정 '다프네'가 변한 모습이라고도 한다. 이 팔찌는 황금과 검은 광석으로 만들어졌으며, 이 팔찌에 그려진 월계수는 죽은 이에게 평화와 안식의 시간을 준다고 하여 장례의식 때 쓰이기도 했다.	A splendid bracelet for Slayers, its outer pattern showing laurel leaves, which signify victory, peace and immortality. In Greek myth the laurel is said to be the water nymph 'Daphne', transformed after she refused Apollo's love. The bracelet is made of gold and a black ore, and because the laurel drawn on it is said to grant the dead peace and rest, it was also used in funeral rites.
두터운 가죽으로 만들어진 무겁고 튼튼한 신발로, 정강이까지 올라오는 길이에 사용자의 불편함을 덜기 위해서 발목 윗부분은 부드러운 가죽으로 만들어졌다. 현재 군인들이 신고 다니는 컴벳부츠의 가장 초기의 형태이다. 이것을 신으면 발에 공기가 통하지 않는다는 단점을 보완하기 위해 발등부분에 공기 구멍이 뚫려 있는 것도 생겨났다.	Heavy, sturdy shoes made of thick leather, reaching up to the shin, with the part above the ankle made of soft leather for the wearer's comfort. They are the earliest form of the combat boots soldiers wear today. To make up for the drawback that no air reaches the feet, versions with air holes in the instep also appeared.
대테러부대에 지급되는 남성용 전투복으로, 타격시의 충격을 최소화하기 위해 강화 플라스틱 특수사를 이용하여 제작되었다. 각 관절부위에 플레이트 보호대를 착용하여 대 뱀파이어전의 근거리 공격에 대한 높은 방어도와 최소화의 충격감을 지향하였다. 슬레이어들은 부족한 탄창 포켓 등을 보충하기도 한다.	A men's combat uniform issued to counter-terrorist units, made of special reinforced plastic thread to minimize the shock of blows. Plate guards on each joint aim at high defense and minimal impact against close-range attacks in fights against Vampires. Slayers also use it to make up for a shortage of magazine pockets.
대테러부대에 지급되는 여성용 전투바지로, 타격시의 충격을 최소화하기 위해 강화 플라스틱 특수사를 이용하여 제작되었다. 각 관절 부위에 플레이트 보호대를 착용하여 대 뱀파이어전의 근거리 공격에 대한 높은 방어도와 최소화의 충격감을 지향하였다. 슬레이어들은 부족한 탄창 포켓 등을 보충하기도 한다.	Women's combat trousers issued to counter-terrorist units, made of special reinforced plastic thread to minimize the shock of blows. Plate guards on each joint aim at high defense and minimal impact against close-range attacks in fights against Vampires. Slayers also use them to make up for a shortage of magazine pockets.
방패에 사자가 양각으로 새겨진 방패이다. 방패의 전면이 은으로 제작되어 대 뱀파이어전에 사용하기에 더할 나위없이 유용한 방패이다. 공기중 산화되는 성질을 가지고 있는 은을 보완하기 위해 슬레이어의 구미에 맞게 겉에 유리섬유 코팅을 해주기도 한다.	A shield with a lion embossed on it. Its face is made of silver, making it ideal for fighting Vampires. To make up for silver's tendency to oxidise in air, its surface is sometimes given a glass-fiber coating to suit the Slayer's taste.
혼돈의 정령인 레프리컨은 자신의 힘을 받는 자를 혼돈의 상태로 만들어 광전사와 비슷한 상태로 만들 수 있으나, 인간의 육체는 레프리컨이 조종하는대로 밖에 움직이지 않는다.인간의 마나의 배열을 어지러뜨려 마법의 사용이 불가능하게 만드는 능력이 있다. 하지만 아우스터즈에게 레프리컨의 힘이 깃든다는 것은 그저 자신들의 능력치를 높여주는 역할을 해줄 뿐이다. 그렇기에 이 정령의 힘이 깃든 물건들을 많이 사용하기도 한다. 	Leprekaun, the spirit of chaos, can throw those who receive his power into a state of chaos much like a berserker's, but the human body then moves only as Leprekaun directs. He also has the power to disturb the flow of a human's mana so that magic cannot be used. For the Ousters, however, bearing Leprekaun's power merely raises their attributes. That is why items imbued with this spirit's power are widely used.
레쉬는 슬라브의 숲의 정령이다. 어느 숲에나 반드시 하나씩은 레쉬가 살과 있다. 전승에 따르면 그들은 피가 파래서 뺨이나 잎술도 새파랗다고 한다. 그리고 푸석푸석한 머리와 무릎까지 닿는 수염, 진한 눈썹, 눈동자 등도 모두가 녹색이다.	The leshy is the Slavic forest spirit. Every forest is home to at least one leshy. Folklore says their blood is blue, so their cheeks and lips are blue as well. Their shaggy hair, their beards reaching to the knees, their thick eyebrows and their eyes are all green.
그들에게는 그림자가 없고 발자국도 남지 않는다. 숲 속에 있을 때면 그들은 만능이어서 삼나무보다 높아질 수도 있고 잔디보다 낮아질 수도 있다. 	They cast no shadow and leave no footprints. In the forest they are all-powerful, able to grow taller than a cedar or shrink lower than the grass.
사람이 숲 속을 거닐 때 누군가 뒤따라오는 거 같아서 느닷없이 뒤돌아봐도 정령들은 순식간에 자취를 감추기 때문에 결코 모습을 볼 수가 없다.	When someone walking in the forest feels they are being followed and suddenly turns around, the spirits vanish in an instant, so they are never seen.
그들은 겨울 동안에 일단 죽거나 아니면 사라져 버린다. 그러다가 봄이 되면 다시 태어난 듯이 밝고 명랑해져서 수목에 새싹이 돋아나게 하고 수풀에 꽃을 피운다.	In winter they die for a time or simply disappear. Then, when spring comes, they grow bright and cheerful as if reborn, making buds sprout on the trees and flowers bloom in the thickets.
특수 우레탄 섬유로 슈트의 개선 형태이다. 내, 외피에 특수 가공을 하여 내구성을 더욱 보완하였으며, 부착된 플레이트에도 특수가공을 하여 자체의 내구력을 높여주었다. 내구성에서는 뛰어난 이 슈트는 슬레이어의 기본적인 무기로는 쉽게 변형되지 않는다는 장점을 꼽을 수 있다. 하지만 여전히 보완되지 않은 방어력으로 인해 종종 뱀파이어들이 가벼운 상처를 입는 경우가 발생한다고 한다. 그래서 주로 이 슈트에는 방어력을 높이는 마법을 사용한다고 한다. 금사를 이용하여 제작된 이 슈트는 화려함을 더해준다.	An improved suit made of special urethane fiber. The inner and outer layers are specially treated to further improve durability, and the attached plates are also specially treated to strengthen them. A strength of this highly durable suit is that it does not deform easily under the Slayers' basic weapons. But its defense remains unimproved, so Vampires wearing it are said to often suffer light wounds. For this reason defense-boosting magic is usually cast on the suit. Made with gold thread, the suit also has a touch of splendour.
포켓의 수가 2개인 벨트로, 포션이나 탄창 같은 퀵 아이템을 최대 2개까지 올려 놓고 사용할 수 있다. 무게가 가벼운 장점이 있으나, 방어력이나 내구성은 떨어진다.	A belt with 2 pockets, able to hold up to 2 quick items such as potions or magazines. It has the advantage of being light, but its defense and durability are low.
적은 양의 앰플로, 캡슐 안에 체력을 25정도 회복시킬 힐링 앰플을 함유하고 있다.	A small ampul; the capsule contains a healing ampul that restores about 25 HP.
1/4정도의 마나 앰플을 함유하고 있으며, 25정도 회복된다.	Contains about 1/4 of a mana ampul and restores about 25 MP.
가죽으로 만들어진 가벼운 신발이다. 사용자의 발 모양에 맞게 제작되었으며, 이 신발은 내구성이나 방어력이 비교적 낮은 편이다. 가장 기본적인 발 보호 아이템으로, 슬레이어의 연습용 아이템으로 널리 쓰인다.	Light shoes made of leather, shaped to the wearer's foot; their durability and defense are relatively low. The most basic foot protection, they are widely used by Slayers as training gear.
날의 길이가 80cm 정도로 짧고 가벼운 검으로, 폭이 좁으며 한 손으로 들기에도 가볍기 때문에 칼을 휘두를 때 반경이 작게 돌며 적을 보다 빠르게 공격할 수 있다 . 길이가 짧은 만큼 가격도 낮으며 어떠한 공격법이라도 연습이 가능하기 때문에 검을 처음 배워나가는 슬레이어들이 사용하곤 한다.	A short, light sword with a blade about 80cm long; narrow and light enough to hold in one hand, it swings in a tight arc and lets you strike the enemy faster. Being short, it is also cheap, and since any style of attack can be practiced with it, Slayers just learning the sword tend to use it.
라일락 루비아떼 오토바이를 불러내기 위해 필요한 아이템이다. 루비아떼 오토바이를 불러내기 위해서는 루비아떼 키를 소지한 상태에서 오토바이 판매NPC에게 “제 오토바이를 찾고 싶습니다” 라고 말을 건네면 된다. 단, 유료 사용자일 경우 안전지대를 제외한 나머지 장소에서 루비아떼키를 오른마우스로 클릭하여 루비아떼 오토바이를 소환할 수 있다.	An item needed to call up the Lilac Rubiate motorcycle. To call up a Rubiate motorcycle, speak to the motorcycle vendor NPC while carrying the Rubiate Key and say "I would like to collect my motorcycle." Premium users, however, can summon the Rubiate motorcycle anywhere except safe zones by right-clicking the Rubiate Key.
도의 기본기를 익힐 때 사용되는 도. 아시아에서 유럽으로 흘러 들어가 탄생하게 된 도로 도 폭이 좁고 완만한 곡선으로 휘어진 도이다. 본격적인 전투보다는 제식 용으로 주로 쓰였다.하지만 기술이 걸리면 무시 못할 정도의 위력을 발휘하기도 하는 도이다. 적당한 파워와 스피드를 가졌다.	A blade used to learn the basics of blade fighting. Born when the curved blade traveled from Asia into Europe, it is narrow and gently curved. It was used mainly for ceremony rather than real combat. But in skilled hands it can deliver power not to be underestimated. It has moderate power and speed.
미치광이 소매치기라는 이름 그대로 이 너클을 맞닥들이는 상대는 자기도 모르는 사이에 목숨을 강탈당하고 만다. 널찍한 칼날이 붙어있어 너클과 크로우의 중간적인 형태를 띄고 있어, 뛰어난 공격속도와 강력한 공격력을 자랑한다. 경험 많은 슬레이어들은 신참들에게 은빛 칼날의 이 무기를 손에 쥔 뱀파이어만은 상대하지 말라고 충고하고 있다.	As its name, 'mad pickpocket', suggests, those who face this knuckle have their lives snatched away before they know it. Fitted with a broad blade, it is halfway between a knuckle and a claw, boasting fast attack speed and powerful attack. Experienced Slayers advise rookies never to take on a Vampire holding this silver-bladed weapon.
활동성과 방어력을 최대화한 코트로, 코트의 가슴 부위에 로리카(=왕정시대였던 로마에서 병사들이 입었던 갑옷인데 공호정시대에는 사관이 입는 것으로 변했다.이것들은 가죽으로된 표면에 금장을 하여 방어력과, 화려함을 더한 갑옷이다.)를 장착하여 이전 코트의 근접 전투때 필요하였던 방어력을 증대하였다. 긴 기장과 좁은 폭등으로 불편했던 점을 보완하여, 상체 팔 부분의 이중 코트와, 하체부분의 넓은 트임새등으로 활동성을 높인 코트이다.	A coat that maximizes mobility and defense, with a lorica (armor worn by Roman soldiers in the age of the kings, which in the Republican era became the armor of officers; it is leather armor faced with gold fittings for defense and splendour) fitted on the chest to boost the defense the earlier coat lacked in close combat. It fixes the discomfort of the long length and narrow cut with a double coat on the upper arms and wide slits on the lower half, making it more mobile.
덕망 높은 로렌 대주교를 길이기 위한 십자가로 17세기 이후 가톨릭에서는 대주교(大主敎) 십자가라고 부른다. 신앙심과 고도의 정신력을 가진 사람만이 사용 할수 있는 십자가로, 부정한 사람이 사용할 경우, 십자가의 성력이 사라진다고 한다.	A cross made to honor the virtuous Archbishop Lorraine; since the 17th century the Catholic Church has called it the archbishop's cross. It can only be used by those with faith and great strength of mind; if an impure person uses it, the cross's holy power is said to vanish.
백금의 라운드에 신비한 보석 앰버로 장식된 서클릿이다. 앰버( Amber:호박)의 어원은 마찰에 의해 전기를 발생하기 때문에 그리스어 일렉트론에서 비롯되었으며 뜻은 전기란 말과 같다. 호박은 인류가 사용한 최고의 장식 보석의 하나이다. 서양에서는 이미 이집트나 스위스에서 혈거인들이 여러가지로 조각하여 사용했던 유물들이 발견되었다. 호박은 부적으로 사용한 최초의 보석물질 중 하나로서 동물모양으로 조각된 호박이 가장 강렬 하여 사람들은 마녀로부터 피하기 위해 이것을 착용하였다. 호박의 장신구들은 행복한 사후를 갖도록 해 준다는 의미로 무덤에 넣어지기도 하여, 이 서클릿은 고대의 무덤이나 유적지등에서 많이 발굴된다고 한다.	A circlet of platinum decorated with amber, a mysterious gem. Because amber produces electricity through friction, its Greek name, elektron, gave us the word for electricity. Amber is one of the finest decorative gems humanity has ever used. In the West, relics carved in many ways by cave dwellers have been found in Egypt and Switzerland. Amber was one of the first gem materials used as a talisman, and amber carved into animal shapes was held the most potent, so people wore it to ward off witches. Amber jewelry was also placed in graves to ensure a happy afterlife, which is why this circlet is often unearthed from ancient tombs and ruins.
수험생의 고득점을 비는 기원이 담긴 부적.	A charm carrying the wish of students sitting exams for top marks.
터키석이 가운데 박힌 투박한 모양의 구리 반지이다. 공기 중에서 녹이 슬기 쉽다는 단점을 아연과의 제련방법으로 보완하였다. 반지 가운데 푸른빛을 내고 있는 원석인 터키석은 예로부터 성공, 용기, 행운을 상징해왔으며, 티벳인들은 이것을 몸에 지니면 악마의 눈으로부터 보호해 준다고 믿고 있다.	A plain, rugged copper ring set with a turquoise. Its tendency to corrode in air is offset by refining it with zinc. The turquoise glowing blue in its center has long symbolised success, courage and luck, and Tibetans believe that carrying it protects them from the evil eye.
기존의 MD 계열의 기종을 컴팩트 하게 줄인 모델로, 권총처럼 탄창이 손잡이에 들어가는 설계 덕분에 총의 균형이 아주 잘 잡혀있고 휴대하기도 편리하다. 다만 총신이 짧음으로 인한 정확성의 저하가 단점이라면 단점이라고 할 수 있다.	A compact version of the existing MD series; the magazine goes in the grip like a pistol's, so the gun is very well balanced and easy to carry. Its short barrel lowers accuracy, though, if that counts as a drawback.
천사의 날개를 연상케하는 화려한 칼날을 가지고 있는 이 크로우는 예루살렘 올드시티에서 20km정도 떨어진 지하 유적에서 발견되었다. 마락스는 솔로몬에 의해 봉인된 마신의 이름으로 마계의 뛰어난 해부학자였다고 한다. 한때 병자에게 희망을 주는 천사이기도 했던 그는 사탄의 봉기 때 어둠의 세계에 발을 들여놓았다. 아름다운 외모로 인간들을 속여 매달 산 자를 제물로 바치게 하다 지왕 솔로몬에 의해 깊은 지하 속으로 봉인되었다. 불그스름한 빛이 감도는 하얀 칼날이 타락 천사의 피에 물든 날개와 닮았다하여 이런 이름이 붙었다.	This claw, with a splendid blade reminiscent of an angel's wing, was found in an underground ruin about 20km from Jerusalem's Old City. Marax is the name of a demon sealed away by Solomon, said to have been a gifted anatomist of the demon world. Once an angel who brought hope to the sick, he stepped into the world of darkness during Satan's uprising. He deceived humans with his beautiful looks into offering a living sacrifice every month, until the wise king Solomon sealed him deep underground. The weapon got its name because its white blade, with a reddish tinge, resembles the blood-stained wings of a fallen angel.
마스터급의 뱀파이어를 전문적으로 상대하는 몇몇 슬레이어들을 위해서 특수 제작된 레비아탄은 특수 총열을 사용하고 있으며 왼손잡이도 사용이 가능하도록 만들어져 있다. 강력한 파워를 위해 MD-Z의 약실을 개량했으며, sVK 탄환을 개량한 nVK탄을 사용한다. 기본적으로 MD-Z와 작동원리나 기능이 같기는 하지만, 볼트 조임쇠 손잡이나 기타 다른 여러 부분이 개량되었다.	The Leviathan, specially made for the few Slayers who specialize in fighting Master-class Vampires, uses a special barrel and can also be used left-handed. For greater power the chamber of the MD-Z was improved, and it fires nVK rounds, an improvement on the sVK round. It basically works and functions like the MD-Z, but the bolt handle and many other parts have been improved.
기관단총의 가장 기본적인 구형 모델로써 주로 유럽 각국의 특수부대 혹은 대테러 부대에서 애용되었다. 화력은 소총에 비해서 떨어지는 편이지만 가볍고 휴대하기가 편하다는 장점이 있다. 이 MD-4 는 인질들을 구하기 위한 구출 작전에 주로 사용하는데, 너무 화력이 센 AR을 사용할 경우 인질이 다칠 우려가 있기 때문이라고 한다. 뱀파이어를 살상하는 데에는 적합하지 않지만, 대뱀파이어용으로 기능을 개조한 MD-4a 등의 SMG는 많이 사용되고 있다.	The most basic early submachine gun model, favored mainly by special forces and counter-terrorist units across Europe. Its firepower is lower than a rifle's, but it is light and easy to carry. The MD-4 is mostly used in hostage rescue operations, reportedly because an AR has so much firepower that it could hurt the hostages. It is not suited to killing Vampires, but SMGs modified for anti-vampire use, such as the MD-4a, are widely used.
MD-9 은 MD 시리즈의 자존심이 살아 있는 모델이다. 기존 MD 계열이 슬레이어들이 총 관리하기 까다롭고 다소 뒤에 나온 다른 총들에 비해 화력이 약한 것을 보완해서 나온 총이다. 이 총은 작고 가벼우며 sVk탄을 채용, 화력이 훨씬 강해졌다. MD-9 은 견고한 개머리판과 특수 처리된 총열을 장착한 이 총은 어떠한 용도로도 사용될 수 있는 무기이다. 앞쪽에 달린 보조그립은 자동사격 시 반동을 누르면서 표적을 명중시키는데 아주 쓸모가 있다.	The MD-9 is the model that carries the pride of the MD series. It was made to fix the flaws of the older MD models, which were fussy for Slayers to maintain and had weaker firepower than some later guns. It is small and light and uses sVK rounds, giving it much stronger firepower. With its sturdy stock and specially treated barrel, the MD-9 is a weapon that can serve any purpose. The foregrip is very useful for keeping recoil down and staying on target during automatic fire.
MD-4 의 디자인을 바탕으로 I&S 사에서 새롭게 만들어진 MD-Z 는 Z5또한 sVK탄을 쓰는 기관총으로, 대 뱀파이어작전의 상징처럼 되어 버린 총이기도 하다. 작고 가벼우며 화력이 강하므로 SMG를 주무기로 선택한 슬레이어들에게는 이상적인 무기라고 할 수 있다. I&S사의 제품답게 명중률은 최고 수준이라고 할 수 있다.	Built anew by I&S on the design of the MD-4, the MD-Z is a machine gun that, like the Z5, uses sVK rounds, and it has become something of a symbol of anti-vampire operations. Small, light and powerful, it is an ideal weapon for Slayers who choose the SMG as their main weapon. As you would expect of an I&S product, its accuracy is top class.
군인의 임무는 중요타켓을 무력과하는 것을 목표로 한다.그러나 사격은 단지 살아있는 표적(사람)만을 대상으로 하지 않는다.오히려 사람 타켓보다는 발전소, 레이다 기지, 무선중계소 등을 사격 대상으로 하는 경우가 많다. 그렇기 때문에 군인는 어떠한 상황에서도 기지와 응용력을 발휘할 수 있는 능력을 갖추어야 한다.또한 고성능 SMG 또한 필수적이다. 군대에게는 적지에서 자기 자신을 지켜줄수 있는 고성능 반자동 SMG가 적합하다고 할 수 있다.	A soldier's mission is to neutralize important targets. But shooting is not aimed only at living targets (people). In fact, power stations, radar bases, radio relay stations and the like are targeted more often than people. So soldiers must be able to show wit and adaptability in any situation. A high-performance SMG is also essential. For troops, a high-performance semi-automatic SMG that can protect them in enemy territory is the right choice.
위와 같은 개념과 실전 경험을 토대로 H&K사는 MG-90 'Shylph' 의 SMG을 개발했다.MG-90 'Shylph'은 노리쇠 반동(볼트액션식)으로 작동된다.600mm의 총열을 사용하며, 1단의 방아쇠 시스템을 사용하고(처음부터 발사때까지의 방아쇠 압력이 같음), 방아쇠의 길이도 상하로 조절할 수 있다.개머리판의 길이, 뺨받이의 높이도 조절할수 있다.STANG이라는 6X 망원렌즈 시스템을 사용하는데, 야간용, 주간용이 틀리다.	Based on this concept and on combat experience, H&K developed the MG-90 'Shylph' SMG. The MG-90 'Shylph' is operated by bolt recoil (bolt action). It uses a 600mm barrel and a single-stage trigger system (the trigger pressure stays the same from start to firing), and the trigger length can be adjusted up and down. The stock length and cheek-piece height can also be adjusted. It uses a 6X telescopic lens system called STANG, with separate versions for night and day.
소총을 주무기로 택한 슬레이어들은 거의 대부분의 총들을 다루어본 결과, 생명을 건 위험한 순간에서도 믿을 수 있고, 일격에 뱀파이어의 머리를 박살 낼 수 있는 MK 시리즈를 최고의 총으로 인정하고 있었다. 이런 폭발적인 인기에 부응하기 위해서 보다 혹독한 필드테스트를 거친 놀라운 총이 출시되었는데, 그것은 MK 시리즈 중에서 가장 가격대 성능비가 뛰어나다고 칭송 받는 "GOOSE" 였다.	Having handled almost every gun there is, Slayers who chose the rifle as their main weapon held the MK series to be the best: reliable at life-or-death moments and able to shatter a Vampire's head with one shot. To meet this explosive popularity, an astonishing gun that had passed even harsher field testing was released: the "GOOSE", praised as the best value for money in the MK series.
이 총은 MK-74 보다 무겁기 때문에 반동이 비교적 적어져서, 자동사격의 명중률이 획기적으로 높아졌다. 어두운 밤에도 조준을 가능케 해주는 야간용 가늠좌, 접 절식 개머리판과 sVK탄 사용을 고려한 소염기, 무엇보다 "GOOSE"의 매력은 웬만한 연속공격에 쓰러지지 않는 뱀파이어를 제압하기 위해 나온 강화 7.62mm sVK탄을 마음껏 쓸 수 있다는데 있다.	This gun is heavier than the MK-74, so its recoil is relatively lower and its accuracy in automatic fire is dramatically improved. It has night sights that make aiming possible even on dark nights, a folding stock and a flash hider designed for sVK rounds, but above all the appeal of the "GOOSE" lies in being able to fire freely the reinforced 7.62mm sVK round, made to stop Vampires who do not fall to ordinary sustained fire.
G2000은 물론 성능은 매우 뛰어난 반면, 웬만해서는 엄두를 내지 못할 정도로 가격이 높았기에 유럽 각국의 특수부대에서나 사용되는 수준이었다. 그래서, 약간의 성능을 희생하는 대신 각 파트를 좀더 저렴한 부품으로 교체해서 대량생산을 가능케 한 모델이 바로 "G2" 이다. 전체적으로 G2000과 성능은 비슷하지만 파워는 G2000에 못 미친다.	The G2000 performed superbly, but it was so expensive that few could even consider it, and only special forces units across Europe used it. So the "G2" is the model that sacrificed a little performance, replacing each part with cheaper components to make mass production possible. Overall it performs much like the G2000, but falls short of it in power.
MK 시리즈의 개량형 치고는 고급품에 속하는 G2000 은 내부 설계가 다소 복잡하며 명중률이 약간 높아진 모델이다. "GOOSE"의 메커니즘을 기본으로 카라스토예프가 튜닝을 담당했다고 전해지는 이 총은, 단 몇 발만으로 뱀파이어의 반격을 억제할 수 있는 놀라운 파괴력을 보여주었다. 단, 고급부품이 많이 사용되었기에 많이 보급되지 못했으며, 카라스토예프는 이후 MK 시리즈와 결별해서 독자적인 모델을 개발하게 되었다.	A high-end model among the improved MKs, the G2000 has a somewhat complex internal design and slightly higher accuracy. Built on the mechanism of the "GOOSE", with tuning said to have been done by Karastoyev, this gun showed astonishing destructive power, able to suppress a Vampire's counterattack with just a few rounds. However, because of its many high-end parts it was never widely issued, and Karastoyev later parted ways with the MK series to develop his own models.
MK 시리즈의 최고봉을 차지하고 있는 Warhammer 는 G2000 과 G2 의 연장선상에 존재하는 소총이다. 그러나, 내부 설계를 단순화해서 본래 MK 시리즈의 장점인 낮은 고장 율을 다시금 획득했으며, 전반적인 총열 설계의 변경으로 폭발적인 파괴력을 보여주게 되었다. 그러나, 이 총이 나올 당시 POLAN 시리즈가 대세를 차지하고 있었기 때문에 많은 인기를 얻지 못하고 결국 MK 시리즈는 개발을 중단하게 되어 수많은 MK 매니아들이 슬퍼했다는 이야기가 전해진다.	The Warhammer, the pinnacle of the MK series, is a rifle in the line of the G2000 and G2. However, its internal design was simplified to regain the MK series' original strength of low failure rates, and a redesigned barrel gave it explosive destructive power. But when it came out the POLAN series dominated the market, so it did not win much popularity, and in the end development of the MK series stopped; it is said that many MK fans mourned.
소련 및 동유럽 등지에서 애용되었던 이 구형 소총은, 저렴한 가격에 비해서 파워가 높으며, 부속품이 극도로 적기 때문에 고장률이 매우 낮아서 폭발적인 인기를 얻은 모델을 개량한 것이다. 휴대를 용이하게 하기 위해서 탈착식 개머리판을 채용했다.	This old rifle, favored in the Soviet Union and Eastern Europe, is an improved version of a model that won explosive popularity for its high power at a low price and its very low failure rate thanks to extremely few parts. It adopts a detachable stock to make it easier to carry.
Buell 사의 MT 시리즈 산탄 총을 개조한 MT-10 은 비자동의 단발형 샷건으로 정확도와 파워 면에서 그렇게 뛰어난 성능을 발휘하지는 않는다. 그러나, 1950년도부터 생산되기 시작한 총이라고 믿기에는 너무나도 고장률이 낮다는 점에서 많은 슬레이어들에게 사랑 받는 총으로 알려져 있다.	Modified from Buell's MT series shotgun, the MT-10 is a non-automatic single-shot shotgun that does not perform especially well in accuracy or power. However, its failure rate is too low to believe it has been in production since 1950, and it is known as a gun loved by many Slayers.
다른 총과는 달리 샷건은 뱀파이어를 일격에 무력화 시킬 수 있다는 점 때문에, 미국의 슬레이어들이 주로 사용하는 무기이다. 그러나, 일정 거리를 넘어서면 그다지 좋은 대미지를 주지 못하며, 강력한 뱀파이어들은 재장전 시간을 틈타서 슬레이어들을 공격해오곤 하기 때문에, 신참 슬레이어들에게는 사용을 권하지 않는 무기라고 할 수 있다.	Unlike other guns, a shotgun can disable a Vampire with a single shot, which is why it is the weapon mostly used by American Slayers. However, beyond a certain range it does little damage, and powerful Vampires often attack Slayers during reloads, so it is not a weapon recommended to rookie Slayers.
MT-10 은 낮은 고장률과 가격에 적절한 성능으로 인해 많은 사랑을 받았지만, 오랜 재장전 시간과 낮은 정확도 등 단점이 많이 있었기 때문에, MT-10을 기본 모델로 하고 명중률을 대폭 강화시킨 샷건이 바로 MT-21 이다. MT-10 보다 무게를 늘려서 총의 반동을 최소화했으며 이를 통해 명중률을 높였다. 	The MT-10 was well loved for its low failure rate and performance fitting its price, but it had many drawbacks such as a long reload time and low accuracy, so the MT-21 is a shotgun based on the MT-10 with greatly improved accuracy. It is heavier than the MT-10 to minimize recoil, which raises accuracy.
MTB-11은 MT-21 을 기본으로, 그립을 붙여서 조준과 사격이 편리하게 개조했으며, 재질을 바꾸어서 무게를 경량화, 휴대 이동에 중점을 두어서 개발이 되었다. 또한, 소총의 VK탄의 두 배에 해당하는 S탄 구성비율을 가지는 탄을 사용할 수 있게 개조되었다.	The MTB-11 is based on the MT-21, modified with a grip for easier aiming and firing, and developed with a new material for lighter weight and an emphasis on portability. It was also modified to fire rounds with an S-round composition ratio twice that of the rifle's VK rounds.
챠크람을 들고 전투에 임하게 되는 아우스터즈를 위해서 만들어진 링으로서 무기에 번개 속성의 정령을 부여해 주는 링이다. 마크쟌이라는 번개의 정령을 다스리는 정령 술사로부터 만들어진 마크쟌의 링은 번개 속성에 약한 뱀파이어들과 대적할 시 없어서는 안될 중요한 링임은 틀림없는 사실이다. 	A ring made for Ousters who go into battle with the Chakram, imbuing their weapon with a lightning-attribute spirit. Made by Macsan, a spirit mage who commanded the lightning spirits, Macsan's Ring is without doubt indispensable when facing Vampires, who are weak against lightning.
주인을 공격하는 몬스터에게 일정확률로 스턴마법을 걸어 버리는 펫의 기능이 추가됩니다. (3일간 사용)	Adds a Pet ability that has a chance to cast a stun spell on monsters attacking its master. (Lasts 3 days)
오토바이 키이다. 5가지의 오토바이에 쓰이는 열쇠이다.	A motorcycle key. It fits 5 kinds of motorcycle.
기존의 앰플방식을 개량한 회복 약물로 음용을 통해 빠른 속도로 마나를 보충해준다.	A recovery drug improved from the old ampul type; drinking it restores MP quickly.
6시간 동안 펫의 외형을 몬스터로 변화시켜 주는 아이템입니다. 몬스터는 랜덤의 확률로 결정되며 해당 몬스터는 다음과 같습니다.	An item that changes your Pet's appearance into a monster for 6 hours. The monster is chosen at random from the following:
(터닝데드 / 데드바디 / 터닝소울 / 키드 / 알칸 / 솔져 / 캡틴 / 아이언티스 / 뮤턴트 / 더티스트라이더 / 에스트로이더 / 위도우즈 / 블러드워록 / 골레머 / 쉐도우윙 / 크림슨슬로터 / 빅팽 / 블러디울프 / 다크울프 / 연변루돌프)	(Turning Dead / Dead Body / Turning Soul / Kid / Alcan / Soldier / Captain / Iron Teeth / Mutant / Dirty Strider / Estroider / Widows / Blood Warlock / Golemer / Shadow Wing / Crimson Slaughter / Big Fang / Bloody Wolf / Dark Wolf / Rudolf)
마스터 알테나 리스틀릿(100)은 100승급 이상의 아우스터즈가 사용할 수 있는 리스틀릿입니다. 이 아이템은 기존 승직 리스틀릿에 릴라이언스 드롭을 인첸트 함으로써 얻을 수 있습니다.	Master Altena Wristlet(100) is a wristlet usable by Ousters of Advancement level 100 or higher. This item is obtained by enchanting an existing Advancement wristlet with a Reliance Drop.
기본적으로 마법 데미지가 승직 1등급 리스틀릿보다 +50만큼 강력하며, 추가적으로 아래의 히든 옵션에 따라 더욱 강해집니다.	By default its magic damage is +50 higher than that of a first-grade Advancement wristlet, and it grows stronger still with the hidden options below.
물리 공격력 : +40	Physical Damage: +40
마법 공격력 : +40	Magic Damage: +40
마스터 알테나 리스틀릿(150)은 150승급 이상의 아우스터즈가 사용할 수 있는 리스틀릿입니다. 이 아이템은 기존 승직 리스틀릿에 릴라이언스 드롭을 인첸트 함으로써 얻을 수 있습니다.	Master Altena Wristlet(150) is a wristlet usable by Ousters of Advancement level 150 or higher. This item is obtained by enchanting an existing Advancement wristlet with a Reliance Drop.
물리 공격력 : +60	Physical Damage: +60
마법 공격력 : +60	Magic Damage: +60
마스터 알테나 리스틀릿(200)은 200승급 이상의 아우스터즈가 사용할 수 있는 리스틀릿입니다. 이 아이템은 기존 승직 리스틀릿에 릴라이언스 드롭을 인첸트 함으로써 얻을 수 있습니다.	Master Altena Wristlet(200) is a wristlet usable by Ousters of Advancement level 200 or higher. This item is obtained by enchanting an existing Advancement wristlet with a Reliance Drop.
물리 공격력 : +80	Physical Damage: +80
마법 공격력 : +80	Magic Damage: +80
마스터 알테나 리스틀릿(250)은 250승급 이상의 아우스터즈가 사용할 수 있는 리스틀릿입니다. 이 아이템은 기존 승직 리스틀릿에 릴라이언스 드롭을 인첸트 함으로써 얻을 수 있습니다.	Master Altena Wristlet(250) is a wristlet usable by Ousters of Advancement level 250 or higher. This item is obtained by enchanting an existing Advancement wristlet with a Reliance Drop.
물리 공격력 : +100	Physical Damage: +100
마법 공격력 : +100	Magic Damage: +100
마스터 알테나 리스틀릿(300)은 300승급 이상의 아우스터즈가 사용할 수 있는 리스틀릿입니다. 이 아이템은 기존 승직 리스틀릿에 릴라이언스 드롭을 인첸트 함으로써 얻을 수 있습니다.	Master Altena Wristlet(300) is a wristlet usable by Ousters of Advancement level 300 or higher. This item is obtained by enchanting an existing Advancement wristlet with a Reliance Drop.
물리 공격력 : +120	Physical Damage: +120
마법 공격력 : +120	Magic Damage: +120
마스터 알테나 리스틀릿(350)은 350승급 이상의 아우스터즈가 사용할 수 있는 리스틀릿입니다. 이 아이템은 기존 승직 리스틀릿에 릴라이언스 드롭을 인첸트 함으로써 얻을 수 있습니다.	Master Altena Wristlet(350) is a wristlet usable by Ousters of Advancement level 350 or higher. This item is obtained by enchanting an existing Advancement wristlet with a Reliance Drop.
물리 공격력 : +140	Physical Damage: +140
마법 공격력 : +140	Magic Damage: +140
마스터 알테나 리스틀릿(400)은 400승급 이상의 아우스터즈가 사용할 수 있는 리스틀릿입니다. 이 아이템은 기존 승직 리스틀릿에 릴라이언스 드롭을 인첸트 함으로써 얻을 수 있습니다.	Master Altena Wristlet(400) is a wristlet usable by Ousters of Advancement level 400 or higher. This item is obtained by enchanting an existing Advancement wristlet with a Reliance Drop.
물리 공격력 : +160	Physical Damage: +160
마법 공격력 : +160	Magic Damage: +160
마스터 알테나 리스틀릿(450)은 450승급 이상의 아우스터즈가 사용할 수 있는 리스틀릿입니다. 이 아이템은 기존 승직 리스틀릿에 릴라이언스 드롭을 인첸트 함으로써 얻을 수 있습니다.	Master Altena Wristlet(450) is a wristlet usable by Ousters of Advancement level 450 or higher. This item is obtained by enchanting an existing Advancement wristlet with a Reliance Drop.
물리 공격력 : +180	Physical Damage: +180
마법 공격력 : +180	Magic Damage: +180
마스터 알테나 리스틀릿(50)은 50승급 이상의 아우스터즈가 사용할 수 있는 리스틀릿입니다. 이 아이템은 기존 승직 리스틀릿에 릴라이언스 드롭을 인첸트 함으로써 얻을 수 있습니다.	Master Altena Wristlet(50) is a wristlet usable by Ousters of Advancement level 50 or higher. This item is obtained by enchanting an existing Advancement wristlet with a Reliance Drop.
물리 공격력 : +20	Physical Damage: +20
마법 공격력 : +20	Magic Damage: +20
마스터 알테나 리스틀릿(500)은 500승급 이상의 아우스터즈가 사용할 수 있는 리스틀릿입니다. 이 아이템은 기존 승직 리스틀릿에 릴라이언스 드롭을 인첸트 함으로써 얻을 수 있습니다.	Master Altena Wristlet(500) is a wristlet usable by Ousters of Advancement level 500 or higher. This item is obtained by enchanting an existing Advancement wristlet with a Reliance Drop.
물리 공격력 : +200	Physical Damage: +200
마법 공격력 : +200	Magic Damage: +200
마스터 앵글 커터(100)은 100승급 이상의 슬레이어가 사용할 수 있는 도입니다. 이 아이템은 기존 승직 도에 릴라이언스 드롭을 인첸트 함으로써 얻을 수 있습니다.	Master Angle Cutter(100) is a blade usable by Slayers of Advancement level 100 or higher. This item is obtained by enchanting an existing Advancement blade with a Reliance Drop.
마스터 앵글 커터(150)은 150승급 이상의 슬레이어가 사용할 수 있는 도입니다. 이 아이템은 기존 승직 도에 릴라이언스 드롭을 인첸트 함으로써 얻을 수 있습니다.	Master Angle Cutter(150) is a blade usable by Slayers of Advancement level 150 or higher. This item is obtained by enchanting an existing Advancement blade with a Reliance Drop.
마스터 앵글 커터(200)은 200승급 이상의 슬레이어가 사용할 수 있는 도입니다. 이 아이템은 기존 승직 도에 릴라이언스 드롭을 인첸트 함으로써 얻을 수 있습니다.	Master Angle Cutter(200) is a blade usable by Slayers of Advancement level 200 or higher. This item is obtained by enchanting an existing Advancement blade with a Reliance Drop.
마스터 앵글 커터(250)은 250승급 이상의 슬레이어가 사용할 수 있는 도입니다. 이 아이템은 기존 승직 도에 릴라이언스 드롭을 인첸트 함으로써 얻을 수 있습니다.	Master Angle Cutter(250) is a blade usable by Slayers of Advancement level 250 or higher. This item is obtained by enchanting an existing Advancement blade with a Reliance Drop.
마스터 앵글 커터(300)은 300승급 이상의 슬레이어가 사용할 수 있는 도입니다. 이 아이템은 기존 승직 도에 릴라이언스 드롭을 인첸트 함으로써 얻을 수 있습니다.	Master Angle Cutter(300) is a blade usable by Slayers of Advancement level 300 or higher. This item is obtained by enchanting an existing Advancement blade with a Reliance Drop.
마스터 앵글 커터(350)은 350승급 이상의 슬레이어가 사용할 수 있는 도입니다. 이 아이템은 기존 승직 도에 릴라이언스 드롭을 인첸트 함으로써 얻을 수 있습니다.	Master Angle Cutter(350) is a blade usable by Slayers of Advancement level 350 or higher. This item is obtained by enchanting an existing Advancement blade with a Reliance Drop.
마스터 앵글 커터(400)은 400승급 이상의 슬레이어가 사용할 수 있는 도입니다. 이 아이템은 기존 승직 도에 릴라이언스 드롭을 인첸트 함으로써 얻을 수 있습니다.	Master Angle Cutter(400) is a blade usable by Slayers of Advancement level 400 or higher. This item is obtained by enchanting an existing Advancement blade with a Reliance Drop.
마스터 앵글 커터(450)은 450승급 이상의 슬레이어가 사용할 수 있는 도입니다. 이 아이템은 기존 승직 도에 릴라이언스 드롭을 인첸트 함으로써 얻을 수 있습니다.	Master Angle Cutter(450) is a blade usable by Slayers of Advancement level 450 or higher. This item is obtained by enchanting an existing Advancement blade with a Reliance Drop.
마스터 앵글 커터(50)은 50승급 이상의 슬레이어가 사용할 수 있는 도입니다. 이 아이템은 기존 승직 도에 릴라이언스 드롭을 인첸트 함으로써 얻을 수 있습니다.	Master Angle Cutter(50) is a blade usable by Slayers of Advancement level 50 or higher. This item is obtained by enchanting an existing Advancement blade with a Reliance Drop.
마스터 앵글 커터(500)은 500승급 이상의 슬레이어가 사용할 수 있는 도입니다. 이 아이템은 기존 승직 도에 릴라이언스 드롭을 인첸트 함으로써 얻을 수 있습니다.	Master Angle Cutter(500) is a blade usable by Slayers of Advancement level 500 or higher. This item is obtained by enchanting an existing Advancement blade with a Reliance Drop.
마스터 블레져 LRS(100)은 100승급 이상의 슬레이어가 사용할 수 있는 저격총입니다. 이 아이템은 기존 승직 저격총에 릴라이언스 드롭을 인첸트 함으로써 얻을 수 있습니다.	Master Blaser LRS(100) is a sniper rifle usable by Slayers of Advancement level 100 or higher. This item is obtained by enchanting an existing Advancement sniper rifle with a Reliance Drop.
마스터 블레져 LRS(150)은 150승급 이상의 슬레이어가 사용할 수 있는 저격총입니다. 이 아이템은 기존 승직 저격총에 릴라이언스 드롭을 인첸트 함으로써 얻을 수 있습니다.	Master Blaser LRS(150) is a sniper rifle usable by Slayers of Advancement level 150 or higher. This item is obtained by enchanting an existing Advancement sniper rifle with a Reliance Drop.
마스터 블레져 LRS(200)은 200승급 이상의 슬레이어가 사용할 수 있는 저격총입니다. 이 아이템은 기존 승직 저격총에 릴라이언스 드롭을 인첸트 함으로써 얻을 수 있습니다.	Master Blaser LRS(200) is a sniper rifle usable by Slayers of Advancement level 200 or higher. This item is obtained by enchanting an existing Advancement Sniper Rifle with a Reliance Drop.
마스터 블레져 LRS(250)은 250승급 이상의 슬레이어가 사용할 수 있는 저격총입니다. 이 아이템은 기존 승직 저격총에 릴라이언스 드롭을 인첸트 함으로써 얻을 수 있습니다.	Master Blaser LRS(250) is a sniper rifle usable by Slayers of Advancement level 250 or higher. This item is obtained by enchanting an existing Advancement Sniper Rifle with a Reliance Drop.
마스터 블레져 LRS(300)은 300승급 이상의 슬레이어가 사용할 수 있는 저격총입니다. 이 아이템은 기존 승직 저격총에 릴라이언스 드롭을 인첸트 함으로써 얻을 수 있습니다.	Master Blaser LRS(300) is a sniper rifle usable by Slayers of Advancement level 300 or higher. This item is obtained by enchanting an existing Advancement Sniper Rifle with a Reliance Drop.
마스터 블레져 LRS(350)은 350승급 이상의 슬레이어가 사용할 수 있는 저격총입니다. 이 아이템은 기존 승직 저격총에 릴라이언스 드롭을 인첸트 함으로써 얻을 수 있습니다.	Master Blaser LRS(350) is a sniper rifle usable by Slayers of Advancement level 350 or higher. This item is obtained by enchanting an existing Advancement Sniper Rifle with a Reliance Drop.
마스터 블레져 LRS(400)은 400승급 이상의 슬레이어가 사용할 수 있는 저격총입니다. 이 아이템은 기존 승직 저격총에 릴라이언스 드롭을 인첸트 함으로써 얻을 수 있습니다.	Master Blaser LRS(400) is a sniper rifle usable by Slayers of Advancement level 400 or higher. This item is obtained by enchanting an existing Advancement Sniper Rifle with a Reliance Drop.
마스터 블레져 LRS(450)은 450승급 이상의 슬레이어가 사용할 수 있는 저격총입니다. 이 아이템은 기존 승직 저격총에 릴라이언스 드롭을 인첸트 함으로써 얻을 수 있습니다.	Master Blaser LRS(450) is a sniper rifle usable by Slayers of Advancement level 450 or higher. This item is obtained by enchanting an existing Advancement Sniper Rifle with a Reliance Drop.
마스터 블레져 LRS(50)은 50승급 이상의 슬레이어가 사용할 수 있는 저격총입니다. 이 아이템은 기존 승직 저격총에 릴라이언스 드롭을 인첸트 함으로써 얻을 수 있습니다.	Master Blaser LRS(50) is a sniper rifle usable by Slayers of Advancement level 50 or higher. This item is obtained by enchanting an existing Advancement Sniper Rifle with a Reliance Drop.
마스터 블레져 LRS(500)은 500승급 이상의 슬레이어가 사용할 수 있는 저격총입니다. 이 아이템은 기존 승직 저격총에 릴라이언스 드롭을 인첸트 함으로써 얻을 수 있습니다.	Master Blaser LRS(500) is a sniper rifle usable by Slayers of Advancement level 500 or higher. This item is obtained by enchanting an existing Advancement Sniper Rifle with a Reliance Drop.
마스터 본 클레이브(100)은 100승급 이상의 뱀파이어가 사용할 수 있는 무기입니다. 이 아이템은 기존 승직 무기에 릴라이언스 드롭을 인첸트 함으로써 얻을 수 있습니다.	Master Bone Cleave(100) is a weapon usable by Vampires of Advancement level 100 or higher. This item is obtained by enchanting an existing Advancement Weapon with a Reliance Drop.
마스터 본 클레이브(150)은 150승급 이상의 뱀파이어가 사용할 수 있는 무기입니다. 이 아이템은 기존 승직 무기에 릴라이언스 드롭을 인첸트 함으로써 얻을 수 있습니다.	Master Bone Cleave(150) is a weapon usable by Vampires of Advancement level 150 or higher. This item is obtained by enchanting an existing Advancement Weapon with a Reliance Drop.
마스터 본 클레이브(200)은 200승급 이상의 뱀파이어가 사용할 수 있는 무기입니다. 이 아이템은 기존 승직 무기에 릴라이언스 드롭을 인첸트 함으로써 얻을 수 있습니다.	Master Bone Cleave(200) is a weapon usable by Vampires of Advancement level 200 or higher. This item is obtained by enchanting an existing Advancement Weapon with a Reliance Drop.
마스터 본 클레이브(250)은 250승급 이상의 뱀파이어가 사용할 수 있는 무기입니다. 이 아이템은 기존 승직 무기에 릴라이언스 드롭을 인첸트 함으로써 얻을 수 있습니다.	Master Bone Cleave(250) is a weapon usable by Vampires of Advancement level 250 or higher. This item is obtained by enchanting an existing Advancement Weapon with a Reliance Drop.
마스터 본 클레이브(300)은 300승급 이상의 뱀파이어가 사용할 수 있는 무기입니다. 이 아이템은 기존 승직 무기에 릴라이언스 드롭을 인첸트 함으로써 얻을 수 있습니다.	Master Bone Cleave(300) is a weapon usable by Vampires of Advancement level 300 or higher. This item is obtained by enchanting an existing Advancement Weapon with a Reliance Drop.
마스터 본 클레이브(350)은 350승급 이상의 뱀파이어가 사용할 수 있는 무기입니다. 이 아이템은 기존 승직 무기에 릴라이언스 드롭을 인첸트 함으로써 얻을 수 있습니다.	Master Bone Cleave(350) is a weapon usable by Vampires of Advancement level 350 or higher. This item is obtained by enchanting an existing Advancement Weapon with a Reliance Drop.
마스터 본 클레이브(400)은 400승급 이상의 뱀파이어가 사용할 수 있는 무기입니다. 이 아이템은 기존 승직 무기에 릴라이언스 드롭을 인첸트 함으로써 얻을 수 있습니다.	Master Bone Cleave(400) is a weapon usable by Vampires of Advancement level 400 or higher. This item is obtained by enchanting an existing Advancement Weapon with a Reliance Drop.
마스터 본 클레이브(450)은 450승급 이상의 뱀파이어가 사용할 수 있는 무기입니다. 이 아이템은 기존 승직 무기에 릴라이언스 드롭을 인첸트 함으로써 얻을 수 있습니다.	Master Bone Cleave(450) is a weapon usable by Vampires of Advancement level 450 or higher. This item is obtained by enchanting an existing Advancement Weapon with a Reliance Drop.
마스터 본 클레이브(50)은 50승급 이상의 뱀파이어가 사용할 수 있는 무기입니다. 이 아이템은 기존 승직 무기에 릴라이언스 드롭을 인첸트 함으로써 얻을 수 있습니다.	Master Bone Cleave(50) is a weapon usable by Vampires of Advancement level 50 or higher. This item is obtained by enchanting an existing Advancement Weapon with a Reliance Drop.
마스터 본 클레이브(500)은 500승급 이상의 뱀파이어가 사용할 수 있는 무기입니다. 이 아이템은 기존 승직 무기에 릴라이언스 드롭을 인첸트 함으로써 얻을 수 있습니다.	Master Bone Cleave(500) is a weapon usable by Vampires of Advancement level 500 or higher. This item is obtained by enchanting an existing Advancement Weapon with a Reliance Drop.
뱀파이어 마스터의 팔찌이다. 8개의 특수문양이 새겨진 조각들로 이루어진 팔찌로, 초기 게르만 민족의 룬어로 8개의 특수문양이 새겨져 있다. 2천년 이상 된 문자로 각각의 단어들을 형상화 한 그림 부호가 쓰여져 있으며, 성서에서 말하는 7가지 죄악 즉, 탐욕, 나태, 시기, 정욕, 교만, 분노, 탐식 이외에 나머지 한가지는 피의 갈망을 나타내고 있다. 이것을 해독하면 고대 뱀파이어 마법을 풀 수 있는 열쇠를 발견할 수 있다고 한다.	The bracelet of a Vampire Master. It is made of pieces engraved with 8 special symbols in the runes of the early Germanic peoples. The script is over 2,000 years old, written in pictographs that give shape to individual words; besides the seven sins named in the Bible, namely greed, sloth, envy, lust, pride, wrath and gluttony, the remaining symbol stands for the thirst for blood. It is said that deciphering them reveals the key to unlocking ancient Vampire magic.
마스터 카발(100)은 100승급 이상의 슬레이어가 사용할 수 있는 소총입니다. 이 아이템은 기존 승직 소총에 릴라이언스 드롭을 인첸트 함으로써 얻을 수 있습니다.	Master Cabal(100) is a rifle usable by Slayers of Advancement level 100 or higher. This item is obtained by enchanting an existing Advancement Rifle with a Reliance Drop.
마스터 카발(150)은 150승급 이상의 슬레이어가 사용할 수 있는 소총입니다. 이 아이템은 기존 승직 소총에 릴라이언스 드롭을 인첸트 함으로써 얻을 수 있습니다.	Master Cabal(150) is a rifle usable by Slayers of Advancement level 150 or higher. This item is obtained by enchanting an existing Advancement Rifle with a Reliance Drop.
마스터 카발(200)은 200승급 이상의 슬레이어가 사용할 수 있는 소총입니다. 이 아이템은 기존 승직 소총에 릴라이언스 드롭을 인첸트 함으로써 얻을 수 있습니다.	Master Cabal(200) is a rifle usable by Slayers of Advancement level 200 or higher. This item is obtained by enchanting an existing Advancement Rifle with a Reliance Drop.
마스터 카발(250)은 250승급 이상의 슬레이어가 사용할 수 있는 소총입니다. 이 아이템은 기존 승직 소총에 릴라이언스 드롭을 인첸트 함으로써 얻을 수 있습니다.	Master Cabal(250) is a rifle usable by Slayers of Advancement level 250 or higher. This item is obtained by enchanting an existing Advancement Rifle with a Reliance Drop.
마스터 카발(300)은 300승급 이상의 슬레이어가 사용할 수 있는 소총입니다. 이 아이템은 기존 승직 소총에 릴라이언스 드롭을 인첸트 함으로써 얻을 수 있습니다.	Master Cabal(300) is a rifle usable by Slayers of Advancement level 300 or higher. This item is obtained by enchanting an existing Advancement Rifle with a Reliance Drop.
마스터 카발(350)은 350승급 이상의 슬레이어가 사용할 수 있는 소총입니다. 이 아이템은 기존 승직 소총에 릴라이언스 드롭을 인첸트 함으로써 얻을 수 있습니다.	Master Cabal(350) is a rifle usable by Slayers of Advancement level 350 or higher. This item is obtained by enchanting an existing Advancement Rifle with a Reliance Drop.
마스터 카발(400)은 400승급 이상의 슬레이어가 사용할 수 있는 소총입니다. 이 아이템은 기존 승직 소총에 릴라이언스 드롭을 인첸트 함으로써 얻을 수 있습니다.	Master Cabal(400) is a rifle usable by Slayers of Advancement level 400 or higher. This item is obtained by enchanting an existing Advancement Rifle with a Reliance Drop.
마스터 카발(450)은 450승급 이상의 슬레이어가 사용할 수 있는 소총입니다. 이 아이템은 기존 승직 소총에 릴라이언스 드롭을 인첸트 함으로써 얻을 수 있습니다.	Master Cabal(450) is a rifle usable by Slayers of Advancement level 450 or higher. This item is obtained by enchanting an existing Advancement Rifle with a Reliance Drop.
마스터 카발(50)은 50승급 이상의 슬레이어가 사용할 수 있는 소총입니다. 이 아이템은 기존 승직 소총에 릴라이언스 드롭을 인첸트 함으로써 얻을 수 있습니다.	Master Cabal(50) is a rifle usable by Slayers of Advancement level 50 or higher. This item is obtained by enchanting an existing Advancement Rifle with a Reliance Drop.
마스터 카발(500)은 500승급 이상의 슬레이어가 사용할 수 있는 소총입니다. 이 아이템은 기존 승직 소총에 릴라이언스 드롭을 인첸트 함으로써 얻을 수 있습니다.	Master Cabal(500) is a rifle usable by Slayers of Advancement level 500 or higher. This item is obtained by enchanting an existing Advancement Rifle with a Reliance Drop.
전신을 보호하는 방어구로서의 역할을 제대로 한다는 평이 있을 정도로 높은 방어력을 자랑하는, 고무로 제작된 여자 뱀파이어용 슈트이다. 내구성 또한 단연 으뜸으로 꼽을 수 있으며, 은도금 된 무기에도 그다지 큰 영향을 받지는 않는다고 한다. 슈트에 자신의 마법을 부여하여 개인적인 취향을 드러낼 수도 있어, 강한 뱀파이어들 사이에서 애용된다.	A rubber suit for female Vampires whose defense is so high that it is said to truly serve as full-body armor. Its durability is also second to none, and silver-plated weapons reportedly have little effect on it. The wearer can imbue the suit with her own magic to express her personal taste, making it a favorite among powerful Vampires.
마스터 크룩 엣서(100)는 100승급 이상의 슬레이어가 사용할 수 있는 메이스입니다. 이 아이템은 기존 승직 메이스에 릴라이언스 드롭을 인첸트 함으로써 얻을 수 있습니다.	Master Crook Asser(100) is a mace usable by Slayers of Advancement level 100 or higher. This item is obtained by enchanting an existing Advancement Mace with a Reliance Drop.
마스터 크룩 엣서(150)는 150승급 이상의 슬레이어가 사용할 수 있는 메이스입니다. 이 아이템은 기존 승직 메이스에 릴라이언스 드롭을 인첸트 함으로써 얻을 수 있습니다.	Master Crook Asser(150) is a mace usable by Slayers of Advancement level 150 or higher. This item is obtained by enchanting an existing Advancement Mace with a Reliance Drop.
마스터 크룩 엣서(200)는 200승급 이상의 슬레이어가 사용할 수 있는 메이스입니다. 이 아이템은 기존 승직 메이스에 릴라이언스 드롭을 인첸트 함으로써 얻을 수 있습니다.	Master Crook Asser(200) is a mace usable by Slayers of Advancement level 200 or higher. This item is obtained by enchanting an existing Advancement Mace with a Reliance Drop.
마스터 크룩 엣서(250)는 250승급 이상의 슬레이어가 사용할 수 있는 메이스입니다. 이 아이템은 기존 승직 메이스에 릴라이언스 드롭을 인첸트 함으로써 얻을 수 있습니다.	Master Crook Asser(250) is a mace usable by Slayers of Advancement level 250 or higher. This item is obtained by enchanting an existing Advancement Mace with a Reliance Drop.
마스터 크룩 엣서(300)는 300승급 이상의 슬레이어가 사용할 수 있는 메이스입니다. 이 아이템은 기존 승직 메이스에 릴라이언스 드롭을 인첸트 함으로써 얻을 수 있습니다.	Master Crook Asser(300) is a mace usable by Slayers of Advancement level 300 or higher. This item is obtained by enchanting an existing Advancement Mace with a Reliance Drop.
마스터 크룩 엣서(350)는 350승급 이상의 슬레이어가 사용할 수 있는 메이스입니다. 이 아이템은 기존 승직 메이스에 릴라이언스 드롭을 인첸트 함으로써 얻을 수 있습니다.	Master Crook Asser(350) is a mace usable by Slayers of Advancement level 350 or higher. This item is obtained by enchanting an existing Advancement Mace with a Reliance Drop.
마스터 크룩 엣서(400)는 400승급 이상의 슬레이어가 사용할 수 있는 메이스입니다. 이 아이템은 기존 승직 메이스에 릴라이언스 드롭을 인첸트 함으로써 얻을 수 있습니다.	Master Crook Asser(400) is a mace usable by Slayers of Advancement level 400 or higher. This item is obtained by enchanting an existing Advancement Mace with a Reliance Drop.
마스터 크룩 엣서(450)는 450승급 이상의 슬레이어가 사용할 수 있는 메이스입니다. 이 아이템은 기존 승직 메이스에 릴라이언스 드롭을 인첸트 함으로써 얻을 수 있습니다.	Master Crook Asser(450) is a mace usable by Slayers of Advancement level 450 or higher. This item is obtained by enchanting an existing Advancement Mace with a Reliance Drop.
마스터 크룩 엣서(50)는 50승급 이상의 슬레이어가 사용할 수 있는 메이스입니다. 이 아이템은 기존 승직 메이스에 릴라이언스 드롭을 인첸트 함으로써 얻을 수 있습니다.	Master Crook Asser(50) is a mace usable by Slayers of Advancement level 50 or higher. This item is obtained by enchanting an existing Advancement Mace with a Reliance Drop.
마스터 크룩 엣서(500)는 500승급 이상의 슬레이어가 사용할 수 있는 메이스입니다. 이 아이템은 기존 승직 메이스에 릴라이언스 드롭을 인첸트 함으로써 얻을 수 있습니다.	Master Crook Asser(500) is a mace usable by Slayers of Advancement level 500 or higher. This item is obtained by enchanting an existing Advancement Mace with a Reliance Drop.
마스터 크루시스(100)는 100승급 이상의 슬레이어가 사용할 수 있는 십자가입니다. 이 아이템은 기존 승직 십자가에 릴라이언스 드롭을 인첸트 함으로써 얻을 수 있습니다.	Master Crucis(100) is a cross usable by Slayers of Advancement level 100 or higher. This item is obtained by enchanting an existing Advancement Cross with a Reliance Drop.
마스터 크루시스(150)는 150승급 이상의 슬레이어가 사용할 수 있는 십자가입니다. 이 아이템은 기존 승직 십자가에 릴라이언스 드롭을 인첸트 함으로써 얻을 수 있습니다.	Master Crucis(150) is a cross usable by Slayers of Advancement level 150 or higher. This item is obtained by enchanting an existing Advancement Cross with a Reliance Drop.
마스터 크루시스(200)는 200승급 이상의 슬레이어가 사용할 수 있는 십자가입니다. 이 아이템은 기존 승직 십자가에 릴라이언스 드롭을 인첸트 함으로써 얻을 수 있습니다.	Master Crucis(200) is a cross usable by Slayers of Advancement level 200 or higher. This item is obtained by enchanting an existing Advancement Cross with a Reliance Drop.
마스터 크루시스(250)는 250승급 이상의 슬레이어가 사용할 수 있는 십자가입니다. 이 아이템은 기존 승직 십자가에 릴라이언스 드롭을 인첸트 함으로써 얻을 수 있습니다.	Master Crucis(250) is a cross usable by Slayers of Advancement level 250 or higher. This item is obtained by enchanting an existing Advancement Cross with a Reliance Drop.
마스터 크루시스(300)는 300승급 이상의 슬레이어가 사용할 수 있는 십자가입니다. 이 아이템은 기존 승직 십자가에 릴라이언스 드롭을 인첸트 함으로써 얻을 수 있습니다.	Master Crucis(300) is a cross usable by Slayers of Advancement level 300 or higher. This item is obtained by enchanting an existing Advancement Cross with a Reliance Drop.
마스터 크루시스(350)는 350승급 이상의 슬레이어가 사용할 수 있는 십자가입니다. 이 아이템은 기존 승직 십자가에 릴라이언스 드롭을 인첸트 함으로써 얻을 수 있습니다.	Master Crucis(350) is a cross usable by Slayers of Advancement level 350 or higher. This item is obtained by enchanting an existing Advancement Cross with a Reliance Drop.
마스터 크루시스(400)는 400승급 이상의 슬레이어가 사용할 수 있는 십자가입니다. 이 아이템은 기존 승직 십자가에 릴라이언스 드롭을 인첸트 함으로써 얻을 수 있습니다.	Master Crucis(400) is a cross usable by Slayers of Advancement level 400 or higher. This item is obtained by enchanting an existing Advancement Cross with a Reliance Drop.
마스터 크루시스(450)는 450승급 이상의 슬레이어가 사용할 수 있는 십자가입니다. 이 아이템은 기존 승직 십자가에 릴라이언스 드롭을 인첸트 함으로써 얻을 수 있습니다.	Master Crucis(450) is a cross usable by Slayers of Advancement level 450 or higher. This item is obtained by enchanting an existing Advancement Cross with a Reliance Drop.
마스터 크루시스(50)는 50승급 이상의 슬레이어가 사용할 수 있는 십자가입니다. 이 아이템은 기존 승직 십자가에 릴라이언스 드롭을 인첸트 함으로써 얻을 수 있습니다.	Master Crucis(50) is a cross usable by Slayers of Advancement level 50 or higher. This item is obtained by enchanting an existing Advancement Cross with a Reliance Drop.
마스터 크루시스(500)는 500승급 이상의 슬레이어가 사용할 수 있는 십자가입니다. 이 아이템은 기존 승직 십자가에 릴라이언스 드롭을 인첸트 함으로써 얻을 수 있습니다.	Master Crucis(500) is a cross usable by Slayers of Advancement level 500 or higher. This item is obtained by enchanting an existing Advancement Cross with a Reliance Drop.
마스터 피어 브링거(100)는 100승급 이상의 슬레이어가 사용할 수 있는 검입니다. 이 아이템은 기존 승직 검에 릴라이언스 드롭을 인첸트 함으로써 얻을 수 있습니다.	Master Fear Bringer(100) is a sword usable by Slayers of Advancement level 100 or higher. This item is obtained by enchanting an existing Advancement Sword with a Reliance Drop.
마스터 피어 브링거(150)는 150승급 이상의 슬레이어가 사용할 수 있는 검입니다. 이 아이템은 기존 승직 검에 릴라이언스 드롭을 인첸트 함으로써 얻을 수 있습니다.	Master Fear Bringer(150) is a sword usable by Slayers of Advancement level 150 or higher. This item is obtained by enchanting an existing Advancement Sword with a Reliance Drop.
마스터 피어 브링거(200)는 200승급 이상의 슬레이어가 사용할 수 있는 검입니다. 이 아이템은 기존 승직 검에 릴라이언스 드롭을 인첸트 함으로써 얻을 수 있습니다.	Master Fear Bringer(200) is a sword usable by Slayers of Advancement level 200 or higher. This item is obtained by enchanting an existing Advancement Sword with a Reliance Drop.
마스터 피어 브링거(250)는 250승급 이상의 슬레이어가 사용할 수 있는 검입니다. 이 아이템은 기존 승직 검에 릴라이언스 드롭을 인첸트 함으로써 얻을 수 있습니다.	Master Fear Bringer(250) is a sword usable by Slayers of Advancement level 250 or higher. This item is obtained by enchanting an existing Advancement Sword with a Reliance Drop.
마스터 피어 브링거(300)는 300승급 이상의 슬레이어가 사용할 수 있는 검입니다. 이 아이템은 기존 승직 검에 릴라이언스 드롭을 인첸트 함으로써 얻을 수 있습니다.	Master Fear Bringer(300) is a sword usable by Slayers of Advancement level 300 or higher. This item is obtained by enchanting an existing Advancement Sword with a Reliance Drop.
마스터 피어 브링거(350)는 350승급 이상의 슬레이어가 사용할 수 있는 검입니다. 이 아이템은 기존 승직 검에 릴라이언스 드롭을 인첸트 함으로써 얻을 수 있습니다.	Master Fear Bringer(350) is a sword usable by Slayers of Advancement level 350 or higher. This item is obtained by enchanting an existing Advancement Sword with a Reliance Drop.
마스터 피어 브링거(400)는 400승급 이상의 슬레이어가 사용할 수 있는 검입니다. 이 아이템은 기존 승직 검에 릴라이언스 드롭을 인첸트 함으로써 얻을 수 있습니다.	Master Fear Bringer(400) is a sword usable by Slayers of Advancement level 400 or higher. This item is obtained by enchanting an existing Advancement Sword with a Reliance Drop.
마스터 피어 브링거(450)는 450승급 이상의 슬레이어가 사용할 수 있는 검입니다. 이 아이템은 기존 승직 검에 릴라이언스 드롭을 인첸트 함으로써 얻을 수 있습니다.	Master Fear Bringer(450) is a sword usable by Slayers of Advancement level 450 or higher. This item is obtained by enchanting an existing Advancement Sword with a Reliance Drop.
마스터 피어 브링거(50)는 50승급 이상의 슬레이어가 사용할 수 있는 검입니다. 이 아이템은 기존 승직 검에 릴라이언스 드롭을 인첸트 함으로써 얻을 수 있습니다.	Master Fear Bringer(50) is a sword usable by Slayers of Advancement level 50 or higher. This item is obtained by enchanting an existing Advancement Sword with a Reliance Drop.
마스터 피어 브링거(500)는 500승급 이상의 슬레이어가 사용할 수 있는 검입니다. 이 아이템은 기존 승직 검에 릴라이언스 드롭을 인첸트 함으로써 얻을 수 있습니다.	Master Fear Bringer(500) is a sword usable by Slayers of Advancement level 500 or higher. This item is obtained by enchanting an existing Advancement Sword with a Reliance Drop.
마스터 임모랄 클록(100)은 100승급 이상의 남자 뱀파이어가 사용할 수 있는 코트입니다. 이 아이템은 기존 승직 코트에 릴라이언스 드롭을 인첸트 함으로써 얻을 수 있습니다.	Master Immoral Cloak(100) is a coat usable by male Vampires of Advancement level 100 or higher. This item is obtained by enchanting an existing Advancement Coat with a Reliance Drop.
물리 방어력 +40	Physical Defense +40
마법 방어력 +40	Magic Defense +40
마스터 임모랄 클록(150)은 150승급 이상의 남자 뱀파이어가 사용할 수 있는 코트입니다. 이 아이템은 기존 승직 코트에 릴라이언스 드롭을 인첸트 함으로써 얻을 수 있습니다.	Master Immoral Cloak(150) is a coat usable by male Vampires of Advancement level 150 or higher. This item is obtained by enchanting an existing Advancement Coat with a Reliance Drop.
물리 방어력 +60	Physical Defense +60
마법 방어력 +60	Magic Defense +60
마스터 임모랄 클록(200)은 200승급 이상의 남자 뱀파이어가 사용할 수 있는 코트입니다. 이 아이템은 기존 승직 코트에 릴라이언스 드롭을 인첸트 함으로써 얻을 수 있습니다.	Master Immoral Cloak(200) is a coat usable by male Vampires of Advancement level 200 or higher. This item is obtained by enchanting an existing Advancement Coat with a Reliance Drop.
물리 방어력 +80	Physical Defense +80
마법 방어력 +80	Magic Defense +80
마스터 임모랄 클록(250)은 250승급 이상의 남자 뱀파이어가 사용할 수 있는 코트입니다. 이 아이템은 기존 승직 코트에 릴라이언스 드롭을 인첸트 함으로써 얻을 수 있습니다.	Master Immoral Cloak(250) is a coat usable by male Vampires of Advancement level 250 or higher. This item is obtained by enchanting an existing Advancement Coat with a Reliance Drop.
물리 방어력 +100	Physical Defense +100
마법 방어력 +100	Magic Defense +100
마스터 임모랄 클록(300)은 300승급 이상의 남자 뱀파이어가 사용할 수 있는 코트입니다. 이 아이템은 기존 승직 코트에 릴라이언스 드롭을 인첸트 함으로써 얻을 수 있습니다.	Master Immoral Cloak(300) is a coat usable by male Vampires of Advancement level 300 or higher. This item is obtained by enchanting an existing Advancement Coat with a Reliance Drop.
물리 공격력 +10	Physical Damage +10
마법 공격력 +10	Magic Damage +10
물리 방어력 +120	Physical Defense +120
마법 방어력 +120	Magic Defense +120
마스터 임모랄 클록(350)은 350승급 이상의 남자 뱀파이어가 사용할 수 있는 코트입니다. 이 아이템은 기존 승직 코트에 릴라이언스 드롭을 인첸트 함으로써 얻을 수 있습니다.	Master Immoral Cloak(350) is a coat usable by male Vampires of Advancement level 350 or higher. This item is obtained by enchanting an existing Advancement Coat with a Reliance Drop.
물리 공격력 +20	Physical Damage +20
마법 공격력 +20	Magic Damage +20
물리 방어력 +140	Physical Defense +140
마법 방어력 +140	Magic Defense +140
마스터 임모랄 클록(400)은 400승급 이상의 남자 뱀파이어가 사용할 수 있는 코트입니다. 이 아이템은 기존 승직 코트에 릴라이언스 드롭을 인첸트 함으로써 얻을 수 있습니다.	Master Immoral Cloak(400) is a coat usable by male Vampires of Advancement level 400 or higher. This item is obtained by enchanting an existing Advancement Coat with a Reliance Drop.
물리 공격력 +30	Physical Damage +30
마법 공격력 +30	Magic Damage +30
물리 방어력 +160	Physical Defense +160
마법 방어력 +160	Magic Defense +160
마스터 임모랄 클록(450)은 450승급 이상의 남자 뱀파이어가 사용할 수 있는 코트입니다. 이 아이템은 기존 승직 코트에 릴라이언스 드롭을 인첸트 함으로써 얻을 수 있습니다.	Master Immoral Cloak(450) is a coat usable by male Vampires of Advancement level 450 or higher. This item is obtained by enchanting an existing Advancement Coat with a Reliance Drop.
물리 공격력 +40	Physical Damage +40
마법 공격력 +40	Magic Damage +40
물리 방어력 +180	Physical Defense +180
마법 방어력 +180	Magic Defense +180
마스터 임모랄 클록(50)은 50승급 이상의 남자 뱀파이어가 사용할 수 있는 코트입니다. 이 아이템은 기존 승직 코트에 릴라이언스 드롭을 인첸트 함으로써 얻을 수 있습니다.	Master Immoral Cloak(50) is a coat usable by male Vampires of Advancement level 50 or higher. This item is obtained by enchanting an existing Advancement Coat with a Reliance Drop.
물리 방어력 +20	Physical Defense +20
마법 방어력 +20	Magic Defense +20
마스터 임모랄 클록(500)은 500승급 이상의 남자 뱀파이어가 사용할 수 있는 코트입니다. 이 아이템은 기존 승직 코트에 릴라이언스 드롭을 인첸트 함으로써 얻을 수 있습니다.	Master Immoral Cloak(500) is a coat usable by male Vampires of Advancement level 500 or higher. This item is obtained by enchanting an existing Advancement Coat with a Reliance Drop.
물리 공격력 +50	Physical Damage +50
마법 공격력 +50	Magic Damage +50
물리 방어력 +200	Physical Defense +200
마법 방어력 +200	Magic Defense +200
마스터 임페리움 부츠(100)는 100등급 이상의 아우스터즈가 사용할 수 있는 하의입니다. 이 아이템은 기존 승직 하의에 릴라이언스 드롭을 인첸트 함으로써 얻을 수 있습니다.	Master Imperium Boots(100) is lower-body armor usable by Ousters of Advancement grade 100 or higher. This item is obtained by enchanting existing Advancement lower-body armor with a Reliance Drop.
마스터 임페리움 부츠(150)는 150등급 이상의 아우스터즈가 사용할 수 있는 하의입니다. 이 아이템은 기존 승직 하의에 릴라이언스 드롭을 인첸트 함으로써 얻을 수 있습니다.	Master Imperium Boots(150) is lower-body armor usable by Ousters of Advancement grade 150 or higher. This item is obtained by enchanting existing Advancement lower-body armor with a Reliance Drop.
물리 방어력 +30	Physical Defense +30
마법 방어력 +30	Magic Defense +30
마스터 임페리움 부츠(200)는 200등급 이상의 아우스터즈가 사용할 수 있는 하의입니다. 이 아이템은 기존 승직 하의에 릴라이언스 드롭을 인첸트 함으로써 얻을 수 있습니다.	Master Imperium Boots(200) is lower-body armor usable by Ousters of Advancement grade 200 or higher. This item is obtained by enchanting existing Advancement lower-body armor with a Reliance Drop.
마스터 임페리움 부츠(250)는 250등급 이상의 아우스터즈가 사용할 수 있는 하의입니다. 이 아이템은 기존 승직 하의에 릴라이언스 드롭을 인첸트 함으로써 얻을 수 있습니다.	Master Imperium Boots(250) is lower-body armor usable by Ousters of Advancement grade 250 or higher. This item is obtained by enchanting existing Advancement lower-body armor with a Reliance Drop.
물리 방어력 +50	Physical Defense +50
마법 방어력 +50	Magic Defense +50
마스터 임페리움 부츠(300)는 300등급 이상의 아우스터즈가 사용할 수 있는 하의입니다. 이 아이템은 기존 승직 하의에 릴라이언스 드롭을 인첸트 함으로써 얻을 수 있습니다.	Master Imperium Boots(300) is lower-body armor usable by Ousters of Advancement grade 300 or higher. This item is obtained by enchanting existing Advancement lower-body armor with a Reliance Drop.
물리 공격력 +5	Physical Damage +5
마법 공격력 +5	Magic Damage +5
마스터 임페리움 부츠(350)는 350등급 이상의 아우스터즈가 사용할 수 있는 하의입니다. 이 아이템은 기존 승직 하의에 릴라이언스 드롭을 인첸트 함으로써 얻을 수 있습니다.	Master Imperium Boots(350) is lower-body armor usable by Ousters of Advancement grade 350 or higher. This item is obtained by enchanting existing Advancement lower-body armor with a Reliance Drop.
물리 방어력 +70	Physical Defense +70
마법 방어력 +70	Magic Defense +70
마스터 임페리움 부츠(400)는 400등급 이상의 아우스터즈가 사용할 수 있는 하의입니다. 이 아이템은 기존 승직 하의에 릴라이언스 드롭을 인첸트 함으로써 얻을 수 있습니다.	Master Imperium Boots(400) is lower-body armor usable by Ousters of Advancement grade 400 or higher. This item is obtained by enchanting existing Advancement lower-body armor with a Reliance Drop.
물리 공격력 +15	Physical Damage +15
마법 공격력 +15	Magic Damage +15
마스터 임페리움 부츠(450)는 450등급 이상의 아우스터즈가 사용할 수 있는 하의입니다. 이 아이템은 기존 승직 하의에 릴라이언스 드롭을 인첸트 함으로써 얻을 수 있습니다.	Master Imperium Boots(450) is lower-body armor usable by Ousters of Advancement grade 450 or higher. This item is obtained by enchanting existing Advancement lower-body armor with a Reliance Drop.
물리 방어력 +90	Physical Defense +90
마법 방어력 +90	Magic Defense +90
마스터 임페리움 부츠(50)는 50등급 이상의 아우스터즈가 사용할 수 있는 하의입니다. 이 아이템은 기존 승직 하의에 릴라이언스 드롭을 인첸트 함으로써 얻을 수 있습니다.	Master Imperium Boots(50) is lower-body armor usable by Ousters of Advancement grade 50 or higher. This item is obtained by enchanting existing Advancement lower-body armor with a Reliance Drop.
물리 방어력 +10	Physical Defense +10
마법 방어력 +10	Magic Defense +10
마스터 임페리움 부츠(500)는 500등급 이상의 아우스터즈가 사용할 수 있는 하의입니다. 이 아이템은 기존 승직 하의에 릴라이언스 드롭을 인첸트 함으로써 얻을 수 있습니다.	Master Imperium Boots(500) is lower-body armor usable by Ousters of Advancement grade 500 or higher. This item is obtained by enchanting existing Advancement lower-body armor with a Reliance Drop.
물리 공격력 +25	Physical Damage +25
마법 공격력 +25	Magic Damage +25
마스터 임페리움 베스티오(100)는 100승급 이상의 아우스터즈가 사용할 수 있는 상의입니다. 이 아이템은 기존 승직 상의에 릴라이언스 드롭을 인첸트 함으로써 얻을 수 있습니다.	Master Imperium Vestio(100) is upper-body armor usable by Ousters of Advancement level 100 or higher. This item is obtained by enchanting existing Advancement upper-body armor with a Reliance Drop.
마스터 임페리움 베스티오(150)는 150승급 이상의 아우스터즈가 사용할 수 있는 상의입니다. 이 아이템은 기존 승직 상의에 릴라이언스 드롭을 인첸트 함으로써 얻을 수 있습니다.	Master Imperium Vestio(150) is upper-body armor usable by Ousters of Advancement level 150 or higher. This item is obtained by enchanting existing Advancement upper-body armor with a Reliance Drop.
마스터 임페리움 베스티오(200)는 200승급 이상의 아우스터즈가 사용할 수 있는 상의입니다. 이 아이템은 기존 승직 상의에 릴라이언스 드롭을 인첸트 함으로써 얻을 수 있습니다.	Master Imperium Vestio(200) is upper-body armor usable by Ousters of Advancement level 200 or higher. This item is obtained by enchanting existing Advancement upper-body armor with a Reliance Drop.
마스터 임페리움 베스티오(250)는 250승급 이상의 아우스터즈가 사용할 수 있는 상의입니다. 이 아이템은 기존 승직 상의에 릴라이언스 드롭을 인첸트 함으로써 얻을 수 있습니다.	Master Imperium Vestio(250) is upper-body armor usable by Ousters of Advancement level 250 or higher. This item is obtained by enchanting existing Advancement upper-body armor with a Reliance Drop.
마스터 임페리움 베스티오(300)는 300승급 이상의 아우스터즈가 사용할 수 있는 상의입니다. 이 아이템은 기존 승직 상의에 릴라이언스 드롭을 인첸트 함으로써 얻을 수 있습니다.	Master Imperium Vestio(300) is upper-body armor usable by Ousters of Advancement level 300 or higher. This item is obtained by enchanting existing Advancement upper-body armor with a Reliance Drop.
마스터 임페리움 베스티오(350)는 350승급 이상의 아우스터즈가 사용할 수 있는 상의입니다. 이 아이템은 기존 승직 상의에 릴라이언스 드롭을 인첸트 함으로써 얻을 수 있습니다.	Master Imperium Vestio(350) is upper-body armor usable by Ousters of Advancement level 350 or higher. This item is obtained by enchanting existing Advancement upper-body armor with a Reliance Drop.
마스터 임페리움 베스티오(400)는 400승급 이상의 아우스터즈가 사용할 수 있는 상의입니다. 이 아이템은 기존 승직 상의에 릴라이언스 드롭을 인첸트 함으로써 얻을 수 있습니다.	Master Imperium Vestio(400) is upper-body armor usable by Ousters of Advancement level 400 or higher. This item is obtained by enchanting existing Advancement upper-body armor with a Reliance Drop.
마스터 임페리움 베스티오(450)는 450승급 이상의 아우스터즈가 사용할 수 있는 상의입니다. 이 아이템은 기존 승직 상의에 릴라이언스 드롭을 인첸트 함으로써 얻을 수 있습니다.	Master Imperium Vestio(450) is upper-body armor usable by Ousters of Advancement level 450 or higher. This item is obtained by enchanting existing Advancement upper-body armor with a Reliance Drop.
마스터 임페리움 베스티오(50)는 50승급 이상의 아우스터즈가 사용할 수 있는 상의입니다. 이 아이템은 기존 승직 상의에 릴라이언스 드롭을 인첸트 함으로써 얻을 수 있습니다.	Master Imperium Vestio(50) is upper-body armor usable by Ousters of Advancement level 50 or higher. This item is obtained by enchanting existing Advancement upper-body armor with a Reliance Drop.
마스터 임페리움 베스티오(500)는 500승급 이상의 아우스터즈가 사용할 수 있는 상의입니다. 이 아이템은 기존 승직 상의에 릴라이언스 드롭을 인첸트 함으로써 얻을 수 있습니다.	Master Imperium Vestio(500) is upper-body armor usable by Ousters of Advancement level 500 or higher. This item is obtained by enchanting existing Advancement upper-body armor with a Reliance Drop.
마스터 머슬 슈트(100)는 100승급 이상의 남자 슬레이어가 사용할 수 있는 상의입니다. 이 아이템은 기존 승직 상의에 릴라이언스 드롭을 인첸트 함으로써 얻을 수 있습니다.	Master Muscle Suit(100) is upper-body armor usable by male Slayers of Advancement level 100 or higher. This item is obtained by enchanting existing Advancement upper-body armor with a Reliance Drop.
마스터 머슬 슈트(100)는 100승급 이상의 여자 슬레이어가 사용할 수 있는 상의입니다. 이 아이템은 기존 승직 상의에 릴라이언스 드롭을 인첸트 함으로써 얻을 수 있습니다.	Master Muscle Suit(100) is upper-body armor usable by female Slayers of Advancement level 100 or higher. This item is obtained by enchanting existing Advancement upper-body armor with a Reliance Drop.
마스터 머슬 슈트(150)는 150승급 이상의 남자 슬레이어가 사용할 수 있는 상의입니다. 이 아이템은 기존 승직 상의에 릴라이언스 드롭을 인첸트 함으로써 얻을 수 있습니다.	Master Muscle Suit(150) is upper-body armor usable by male Slayers of Advancement level 150 or higher. This item is obtained by enchanting existing Advancement upper-body armor with a Reliance Drop.
마스터 머슬 슈트(150)는 150승급 이상의 여자 슬레이어가 사용할 수 있는 상의입니다. 이 아이템은 기존 승직 상의에 릴라이언스 드롭을 인첸트 함으로써 얻을 수 있습니다.	Master Muscle Suit(150) is upper-body armor usable by female Slayers of Advancement level 150 or higher. This item is obtained by enchanting existing Advancement upper-body armor with a Reliance Drop.
마스터 머슬 슈트(200)는 200승급 이상의 남자 슬레이어가 사용할 수 있는 상의입니다. 이 아이템은 기존 승직 상의에 릴라이언스 드롭을 인첸트 함으로써 얻을 수 있습니다.	Master Muscle Suit(200) is upper-body armor usable by male Slayers of Advancement level 200 or higher. This item is obtained by enchanting existing Advancement upper-body armor with a Reliance Drop.
마스터 머슬 슈트(200)는 200승급 이상의 여자 슬레이어가 사용할 수 있는 상의입니다. 이 아이템은 기존 승직 상의에 릴라이언스 드롭을 인첸트 함으로써 얻을 수 있습니다.	Master Muscle Suit(200) is upper-body armor usable by female Slayers of Advancement level 200 or higher. This item is obtained by enchanting existing Advancement upper-body armor with a Reliance Drop.
마스터 머슬 슈트(250)는 250승급 이상의 남자 슬레이어가 사용할 수 있는 상의입니다. 이 아이템은 기존 승직 상의에 릴라이언스 드롭을 인첸트 함으로써 얻을 수 있습니다.	Master Muscle Suit(250) is upper-body armor usable by male Slayers of Advancement level 250 or higher. This item is obtained by enchanting existing Advancement upper-body armor with a Reliance Drop.
마스터 머슬 슈트(250)는 250승급 이상의 여자 슬레이어가 사용할 수 있는 상의입니다. 이 아이템은 기존 승직 상의에 릴라이언스 드롭을 인첸트 함으로써 얻을 수 있습니다.	Master Muscle Suit(250) is upper-body armor usable by female Slayers of Advancement level 250 or higher. This item is obtained by enchanting existing Advancement upper-body armor with a Reliance Drop.
마스터 머슬 슈트(300)는 300승급 이상의 남자 슬레이어가 사용할 수 있는 상의입니다. 이 아이템은 기존 승직 상의에 릴라이언스 드롭을 인첸트 함으로써 얻을 수 있습니다.	Master Muscle Suit(300) is upper-body armor usable by male Slayers of Advancement level 300 or higher. This item is obtained by enchanting existing Advancement upper-body armor with a Reliance Drop.
마스터 머슬 슈트(300)는 300승급 이상의 여자 슬레이어가 사용할 수 있는 상의입니다. 이 아이템은 기존 승직 상의에 릴라이언스 드롭을 인첸트 함으로써 얻을 수 있습니다.	Master Muscle Suit(300) is upper-body armor usable by female Slayers of Advancement level 300 or higher. This item is obtained by enchanting existing Advancement upper-body armor with a Reliance Drop.
마스터 머슬 슈트(350)는 350승급 이상의 남자 슬레이어가 사용할 수 있는 상의입니다. 이 아이템은 기존 승직 상의에 릴라이언스 드롭을 인첸트 함으로써 얻을 수 있습니다.	Master Muscle Suit(350) is upper-body armor usable by male Slayers of Advancement level 350 or higher. This item is obtained by enchanting existing Advancement upper-body armor with a Reliance Drop.
마스터 머슬 슈트(350)는 350승급 이상의 여자 슬레이어가 사용할 수 있는 상의입니다. 이 아이템은 기존 승직 상의에 릴라이언스 드롭을 인첸트 함으로써 얻을 수 있습니다.	Master Muscle Suit(350) is upper-body armor usable by female Slayers of Advancement level 350 or higher. This item is obtained by enchanting existing Advancement upper-body armor with a Reliance Drop.
마스터 머슬 슈트(400)는 400승급 이상의 남자 슬레이어가 사용할 수 있는 상의입니다. 이 아이템은 기존 승직 상의에 릴라이언스 드롭을 인첸트 함으로써 얻을 수 있습니다.	Master Muscle Suit(400) is upper-body armor usable by male Slayers of Advancement level 400 or higher. This item is obtained by enchanting existing Advancement upper-body armor with a Reliance Drop.
마스터 머슬 슈트(400)는 400승급 이상의 여자 슬레이어가 사용할 수 있는 상의입니다. 이 아이템은 기존 승직 상의에 릴라이언스 드롭을 인첸트 함으로써 얻을 수 있습니다.	Master Muscle Suit(400) is upper-body armor usable by female Slayers of Advancement level 400 or higher. This item is obtained by enchanting existing Advancement upper-body armor with a Reliance Drop.
마스터 머슬 슈트(450)는 450승급 이상의 남자 슬레이어가 사용할 수 있는 상의입니다. 이 아이템은 기존 승직 상의에 릴라이언스 드롭을 인첸트 함으로써 얻을 수 있습니다.	Master Muscle Suit(450) is upper-body armor usable by male Slayers of Advancement level 450 or higher. This item is obtained by enchanting existing Advancement upper-body armor with a Reliance Drop.
마스터 머슬 슈트(450)는 450승급 이상의 여자 슬레이어가 사용할 수 있는 상의입니다. 이 아이템은 기존 승직 상의에 릴라이언스 드롭을 인첸트 함으로써 얻을 수 있습니다.	Master Muscle Suit(450) is upper-body armor usable by female Slayers of Advancement level 450 or higher. This item is obtained by enchanting existing Advancement upper-body armor with a Reliance Drop.
마스터 머슬 슈트(50)는 50승급 이상의 남자 슬레이어가 사용할 수 있는 상의입니다. 이 아이템은 기존 승직 상의에 릴라이언스 드롭을 인첸트 함으로써 얻을 수 있습니다.	Master Muscle Suit(50) is upper-body armor usable by male Slayers of Advancement level 50 or higher. This item is obtained by enchanting existing Advancement upper-body armor with a Reliance Drop.
마스터 머슬 슈트(50)는 50승급 이상의 여자 슬레이어가 사용할 수 있는 상의입니다. 이 아이템은 기존 승직 상의에 릴라이언스 드롭을 인첸트 함으로써 얻을 수 있습니다.	Master Muscle Suit(50) is upper-body armor usable by female Slayers of Advancement level 50 or higher. This item is obtained by enchanting existing Advancement upper-body armor with a Reliance Drop.
마스터 머슬 슈트(500)는 500승급 이상의 남자 슬레이어가 사용할 수 있는 상의입니다. 이 아이템은 기존 승직 상의에 릴라이언스 드롭을 인첸트 함으로써 얻을 수 있습니다.	Master Muscle Suit(500) is upper-body armor usable by male Slayers of Advancement level 500 or higher. This item is obtained by enchanting existing Advancement upper-body armor with a Reliance Drop.
마스터 머슬 슈트(500)는 500승급 이상의 여자 슬레이어가 사용할 수 있는 상의입니다. 이 아이템은 기존 승직 상의에 릴라이언스 드롭을 인첸트 함으로써 얻을 수 있습니다.	Master Muscle Suit(500) is upper-body armor usable by female Slayers of Advancement level 500 or higher. This item is obtained by enchanting existing Advancement upper-body armor with a Reliance Drop.
뱀파이어들 사이에서 최고의 코트로 인정 받고 있는 코트의 장점을 보완해 제작된 남자용 뱀파이어 코트이다. 최강의 뱀파이어들을 위한 특권으로, 착용한 사람의 마법 능력을 최대로 끌어올려주는 무언가가 담겨져 있다고 한다. 이 코트는 자신이 어떠한 마법을 거느냐에 따라 각기 다른 마법능력이 부여될 수 있다. 코트 자체적인 강한 마법적 능력으로 인해, 어린 뱀파이어가 착용한다면 소멸될 가능성이 있다고 한다. 중량감을 느낄 수 있는 소재임에도 불구하고 가볍고 활동하기 편하며 대 슬레이어 전에서의 전신 방어도가 높은 것을 장점으로 꼽을 수 있다.	A male Vampire coat made by building on the strengths of the coat recognized as the finest among Vampires. A privilege of the mightiest Vampires, it is said to hold something that raises the wearer's magical power to its peak. Depending on the magic cast on it, the coat can be given different magical abilities. The coat's own magic is so strong that a young Vampire who wears it may be destroyed. Its strengths are that, though the material feels substantial, it is light and easy to move in, and it gives high full-body protection in battle against Slayers.
마스터 프라우드 어페럴(100)은 100승급 이상의 여자 뱀파이어가 사용할 수 있는 코트입니다. 이 아이템은 기존 승직 코트에 릴라이언스 드롭을 인첸트 함으로써 얻을 수 있습니다.	Master Proud Apparel(100) is a coat usable by female Vampires of Advancement level 100 or higher. This item is obtained by enchanting an existing Advancement Coat with a Reliance Drop.
마스터 프라우드 어페럴(150)은 150승급 이상의 여자 뱀파이어가 사용할 수 있는 코트입니다. 이 아이템은 기존 승직 코트에 릴라이언스 드롭을 인첸트 함으로써 얻을 수 있습니다.	Master Proud Apparel(150) is a coat usable by female Vampires of Advancement level 150 or higher. This item is obtained by enchanting an existing Advancement Coat with a Reliance Drop.
마스터 프라우드 어페럴(200)은 200승급 이상의 여자 뱀파이어가 사용할 수 있는 코트입니다. 이 아이템은 기존 승직 코트에 릴라이언스 드롭을 인첸트 함으로써 얻을 수 있습니다.	Master Proud Apparel(200) is a coat usable by female Vampires of Advancement level 200 or higher. This item is obtained by enchanting an existing Advancement Coat with a Reliance Drop.
마스터 프라우드 어페럴(250)은 250승급 이상의 여자 뱀파이어가 사용할 수 있는 코트입니다. 이 아이템은 기존 승직 코트에 릴라이언스 드롭을 인첸트 함으로써 얻을 수 있습니다.	Master Proud Apparel(250) is a coat usable by female Vampires of Advancement level 250 or higher. This item is obtained by enchanting an existing Advancement Coat with a Reliance Drop.
마스터 프라우드 어페럴(300)은 300승급 이상의 여자 뱀파이어가 사용할 수 있는 코트입니다. 이 아이템은 기존 승직 코트에 릴라이언스 드롭을 인첸트 함으로써 얻을 수 있습니다.	Master Proud Apparel(300) is a coat usable by female Vampires of Advancement level 300 or higher. This item is obtained by enchanting an existing Advancement Coat with a Reliance Drop.
마스터 프라우드 어페럴(50)은 50승급 이상의 여자 뱀파이어가 사용할 수 있는 코트입니다. 이 아이템은 기존 승직 코트에 릴라이언스 드롭을 인첸트 함으로써 얻을 수 있습니다.	Master Proud Apparel(50) is a coat usable by female Vampires of Advancement level 50 or higher. This item is obtained by enchanting an existing Advancement Coat with a Reliance Drop.
마스터 란테 차크람(100)은 100승급 이상의 아우스터즈가 사용할 수 있는 차크람입니다. 이 아이템은 기존 승직 차크람에 릴라이언스 드롭을 인첸트 함으로써 얻을 수 있습니다.	Master Rantea Chakram(100) is a chakram usable by Ousters of Advancement level 100 or higher. This item is obtained by enchanting an existing Advancement Chakram with a Reliance Drop.
생명력(HP) : +1500	HP: +1500
물리 공격력 : +50	Physical Damage: +50
마스터 란테 차크람(150)은 150승급 이상의 아우스터즈가 사용할 수 있는 차크람입니다. 이 아이템은 기존 승직 차크람에 릴라이언스 드롭을 인첸트 함으로써 얻을 수 있습니다.	Master Rantea Chakram(150) is a chakram usable by Ousters of Advancement level 150 or higher. This item is obtained by enchanting an existing Advancement Chakram with a Reliance Drop.
마스터 란테 차크람(200)은 200승급 이상의 아우스터즈가 사용할 수 있는 차크람입니다. 이 아이템은 기존 승직 차크람에 릴라이언스 드롭을 인첸트 함으로써 얻을 수 있습니다.	Master Rantea Chakram(200) is a chakram usable by Ousters of Advancement level 200 or higher. This item is obtained by enchanting an existing Advancement Chakram with a Reliance Drop.
마스터 란테 차크람(250)은 250승급 이상의 아우스터즈가 사용할 수 있는 차크람입니다. 이 아이템은 기존 승직 차크람에 릴라이언스 드롭을 인첸트 함으로써 얻을 수 있습니다.	Master Rantea Chakram(250) is a chakram usable by Ousters of Advancement level 250 or higher. This item is obtained by enchanting an existing Advancement Chakram with a Reliance Drop.
마스터 란테 차크람(300)은 300승급 이상의 아우스터즈가 사용할 수 있는 차크람입니다. 이 아이템은 기존 승직 차크람에 릴라이언스 드롭을 인첸트 함으로써 얻을 수 있습니다.	Master Rantea Chakram(300) is a chakram usable by Ousters of Advancement level 300 or higher. This item is obtained by enchanting an existing Advancement Chakram with a Reliance Drop.
마스터 란테 차크람(350)은 350승급 이상의 아우스터즈가 사용할 수 있는 차크람입니다. 이 아이템은 기존 승직 차크람에 릴라이언스 드롭을 인첸트 함으로써 얻을 수 있습니다.	Master Rantea Chakram(350) is a chakram usable by Ousters of Advancement level 350 or higher. This item is obtained by enchanting an existing Advancement Chakram with a Reliance Drop.
마스터 란테 차크람(400)은 400승급 이상의 아우스터즈가 사용할 수 있는 차크람입니다. 이 아이템은 기존 승직 차크람에 릴라이언스 드롭을 인첸트 함으로써 얻을 수 있습니다.	Master Rantea Chakram(400) is a chakram usable by Ousters of Advancement level 400 or higher. This item is obtained by enchanting an existing Advancement Chakram with a Reliance Drop.
마스터 란테 차크람(450)은 450승급 이상의 아우스터즈가 사용할 수 있는 차크람입니다. 이 아이템은 기존 승직 차크람에 릴라이언스 드롭을 인첸트 함으로써 얻을 수 있습니다.	Master Rantea Chakram(450) is a chakram usable by Ousters of Advancement level 450 or higher. This item is obtained by enchanting an existing Advancement Chakram with a Reliance Drop.
마스터 란테 차크람(50)은 50승급 이상의 아우스터즈가 사용할 수 있는 차크람입니다. 이 아이템은 기존 승직 차크람에 릴라이언스 드롭을 인첸트 함으로써 얻을 수 있습니다.	Master Rantea Chakram(50) is a chakram usable by Ousters of Advancement level 50 or higher. This item is obtained by enchanting an existing Advancement Chakram with a Reliance Drop.
마스터 란테 차크람(500)은 500승급 이상의 아우스터즈가 사용할 수 있는 차크람입니다. 이 아이템은 기존 승직 차크람에 릴라이언스 드롭을 인첸트 함으로써 얻을 수 있습니다.	Master Rantea Chakram(500) is a chakram usable by Ousters of Advancement level 500 or higher. This item is obtained by enchanting an existing Advancement Chakram with a Reliance Drop.
마스터 쉘 가드(100)는 100승급 이상의 남자 슬레이어가 사용할 수 있는 하의입니다. 이 아이템은 기존 승직 하의에 릴라이언스 드롭을 인첸트 함으로써 얻을 수 있습니다.	Master Shell Guard(100) is lower-body armor usable by male Slayers of Advancement level 100 or higher. This item is obtained by enchanting existing Advancement lower-body armor with a Reliance Drop.
마스터 쉘 가드(100)는 100승급 이상의 여자 슬레이어가 사용할 수 있는 하의입니다. 이 아이템은 기존 승직 하의에 릴라이언스 드롭을 인첸트 함으로써 얻을 수 있습니다.	Master Shell Guard(100) is lower-body armor usable by female Slayers of Advancement level 100 or higher. This item is obtained by enchanting existing Advancement lower-body armor with a Reliance Drop.
마스터 쉘 가드(150)는 150승급 이상의 남자 슬레이어가 사용할 수 있는 하의입니다. 이 아이템은 기존 승직 하의에 릴라이언스 드롭을 인첸트 함으로써 얻을 수 있습니다.	Master Shell Guard(150) is lower-body armor usable by male Slayers of Advancement level 150 or higher. This item is obtained by enchanting existing Advancement lower-body armor with a Reliance Drop.
마스터 쉘 가드(150)는 150승급 이상의 여자 슬레이어가 사용할 수 있는 하의입니다. 이 아이템은 기존 승직 하의에 릴라이언스 드롭을 인첸트 함으로써 얻을 수 있습니다.	Master Shell Guard(150) is lower-body armor usable by female Slayers of Advancement level 150 or higher. This item is obtained by enchanting existing Advancement lower-body armor with a Reliance Drop.
마스터 쉘 가드(200)는 200승급 이상의 남자 슬레이어가 사용할 수 있는 하의입니다. 이 아이템은 기존 승직 하의에 릴라이언스 드롭을 인첸트 함으로써 얻을 수 있습니다.	Master Shell Guard(200) is lower-body armor usable by male Slayers of Advancement level 200 or higher. This item is obtained by enchanting existing Advancement lower-body armor with a Reliance Drop.
마스터 쉘 가드(200)는 200승급 이상의 여자 슬레이어가 사용할 수 있는 하의입니다. 이 아이템은 기존 승직 하의에 릴라이언스 드롭을 인첸트 함으로써 얻을 수 있습니다.	Master Shell Guard(200) is lower-body armor usable by female Slayers of Advancement level 200 or higher. This item is obtained by enchanting existing Advancement lower-body armor with a Reliance Drop.
마스터 쉘 가드(250)는 250승급 이상의 남자 슬레이어가 사용할 수 있는 하의입니다. 이 아이템은 기존 승직 하의에 릴라이언스 드롭을 인첸트 함으로써 얻을 수 있습니다.	Master Shell Guard(250) is lower-body armor usable by male Slayers of Advancement level 250 or higher. This item is obtained by enchanting existing Advancement lower-body armor with a Reliance Drop.
마스터 쉘 가드(250)는 250승급 이상의 여자 슬레이어가 사용할 수 있는 하의입니다. 이 아이템은 기존 승직 하의에 릴라이언스 드롭을 인첸트 함으로써 얻을 수 있습니다.	Master Shell Guard(250) is lower-body armor usable by female Slayers of Advancement level 250 or higher. This item is obtained by enchanting existing Advancement lower-body armor with a Reliance Drop.
마스터 쉘 가드(300)는 300승급 이상의 남자 슬레이어가 사용할 수 있는 하의입니다. 이 아이템은 기존 승직 하의에 릴라이언스 드롭을 인첸트 함으로써 얻을 수 있습니다.	Master Shell Guard(300) is lower-body armor usable by male Slayers of Advancement level 300 or higher. This item is obtained by enchanting existing Advancement lower-body armor with a Reliance Drop.
마스터 쉘 가드(300)는 300승급 이상의 여자 슬레이어가 사용할 수 있는 하의입니다. 이 아이템은 기존 승직 하의에 릴라이언스 드롭을 인첸트 함으로써 얻을 수 있습니다.	Master Shell Guard(300) is lower-body armor usable by female Slayers of Advancement level 300 or higher. This item is obtained by enchanting existing Advancement lower-body armor with a Reliance Drop.
마스터 쉘 가드(350)는 350승급 이상의 남자 슬레이어가 사용할 수 있는 하의입니다. 이 아이템은 기존 승직 하의에 릴라이언스 드롭을 인첸트 함으로써 얻을 수 있습니다.	Master Shell Guard(350) is lower-body armor usable by male Slayers of Advancement level 350 or higher. This item is obtained by enchanting existing Advancement lower-body armor with a Reliance Drop.
마스터 쉘 가드(350)는 350승급 이상의 여자 슬레이어가 사용할 수 있는 하의입니다. 이 아이템은 기존 승직 하의에 릴라이언스 드롭을 인첸트 함으로써 얻을 수 있습니다.	Master Shell Guard(350) is lower-body armor usable by female Slayers of Advancement level 350 or higher. This item is obtained by enchanting existing Advancement lower-body armor with a Reliance Drop.
마스터 쉘 가드(400)는 400승급 이상의 남자 슬레이어가 사용할 수 있는 하의입니다. 이 아이템은 기존 승직 하의에 릴라이언스 드롭을 인첸트 함으로써 얻을 수 있습니다.	Master Shell Guard(400) is lower-body armor usable by male Slayers of Advancement level 400 or higher. This item is obtained by enchanting existing Advancement lower-body armor with a Reliance Drop.
마스터 쉘 가드(400)는 400승급 이상의 여자 슬레이어가 사용할 수 있는 하의입니다. 이 아이템은 기존 승직 하의에 릴라이언스 드롭을 인첸트 함으로써 얻을 수 있습니다.	Master Shell Guard(400) is lower-body armor usable by female Slayers of Advancement level 400 or higher. This item is obtained by enchanting existing Advancement lower-body armor with a Reliance Drop.
마스터 쉘 가드(450)는 450승급 이상의 남자 슬레이어가 사용할 수 있는 하의입니다. 이 아이템은 기존 승직 하의에 릴라이언스 드롭을 인첸트 함으로써 얻을 수 있습니다.	Master Shell Guard(450) is lower-body armor usable by male Slayers of Advancement level 450 or higher. This item is obtained by enchanting existing Advancement lower-body armor with a Reliance Drop.
마스터 쉘 가드(450)는 450승급 이상의 여자 슬레이어가 사용할 수 있는 하의입니다. 이 아이템은 기존 승직 하의에 릴라이언스 드롭을 인첸트 함으로써 얻을 수 있습니다.	Master Shell Guard(450) is lower-body armor usable by female Slayers of Advancement level 450 or higher. This item is obtained by enchanting existing Advancement lower-body armor with a Reliance Drop.
마스터 쉘 가드(50)는 50승급 이상의 남자 슬레이어가 사용할 수 있는 하의입니다. 이 아이템은 기존 승직 하의에 릴라이언스 드롭을 인첸트 함으로써 얻을 수 있습니다.	Master Shell Guard(50) is lower-body armor usable by male Slayers of Advancement level 50 or higher. This item is obtained by enchanting existing Advancement lower-body armor with a Reliance Drop.
마스터 쉘 가드(50)는 50승급 이상의 여자 슬레이어가 사용할 수 있는 하의입니다. 이 아이템은 기존 승직 하의에 릴라이언스 드롭을 인첸트 함으로써 얻을 수 있습니다.	Master Shell Guard(50) is lower-body armor usable by female Slayers of Advancement level 50 or higher. This item is obtained by enchanting existing Advancement lower-body armor with a Reliance Drop.
마스터 쉘 가드(500)는 500승급 이상의 남자 슬레이어가 사용할 수 있는 하의입니다. 이 아이템은 기존 승직 하의에 릴라이언스 드롭을 인첸트 함으로써 얻을 수 있습니다.	Master Shell Guard(500) is lower-body armor usable by male Slayers of Advancement level 500 or higher. This item is obtained by enchanting existing Advancement lower-body armor with a Reliance Drop.
마스터 쉘 가드(500)는 500승급 이상의 여자 슬레이어가 사용할 수 있는 하의입니다. 이 아이템은 기존 승직 하의에 릴라이언스 드롭을 인첸트 함으로써 얻을 수 있습니다.	Master Shell Guard(500) is lower-body armor usable by female Slayers of Advancement level 500 or higher. This item is obtained by enchanting existing Advancement lower-body armor with a Reliance Drop.
6개의 포켓 수를 가진 벨트이다. 이전 아이템에서 업그레이드 된 형태로, 오른쪽허리에서부터 왼쪽어깨까지를 감싸는 벨트에서 2개의 포켓이 늘어난 형태이다.	A belt with 6 pockets. An upgrade of the previous item, it wraps from the right hip to the left shoulder and has 2 more pockets.
성직자의 인챈트 계열의 첫 단계인 성수 만들기(Create Holy Water)를 했을 때 나오는 부산물인 성수이다. 물병에 비례하여 생성된다. 중간 물병을 사용해서 만든다. 성수는 "거룩한 물" 이라는 뜻으로 사제가 특별히 축복한 깨끗한 물을 말한다. 종교적인 정화의 목적으로 성스러움을 방해하는 죄와 악마들을 쫓음으로써 더러운 것을 말끔히 씻는다는 의미를 가지고 있다. 성당에 들어갈 때 신자들이 성수를 손끝에 묻혀 십자성 호를 긋는 것은 세례 때 한 약속을 다시 기억하고 성당에 들어가는 자신의 몸과 마음이 깨끗해 지기를 바라는 마음에서이다.	Holy water, the by-product of Create Holy Water, the first step of the cleric's Enchant domain. It is produced in proportion to the water bottle used, and is made with a Medium Water Bottle. Holy water means "sacred water": clean water specially blessed by a priest. Used for religious purification, it signifies washing away all that is unclean by driving off the sins and demons that hinder holiness. When believers dip their fingertips in holy water and make the sign of the cross on entering a church, they do so to recall the promises made at their baptism and in the hope that their bodies and minds will be cleansed as they enter.
성직자의 인챈트 계열의 첫 단계인 Create Holy Water의 재료이다. 중간 양에 비례한 양만큼의 성수가 생성된다.	The ingredient for Create Holy Water, the first step of the cleric's Enchant domain. It produces holy water in proportion to its medium quantity.
메듀 챠크람은 불교의 대표적 상징인 법륜(法輪)과 중국종교의 대표적 상징인 태극(太極)이 조화된 상징을 형상화한 챠크람으로 사람들 사이의 조화와 화해를 상징한다.법륜은 간단히 말하면 '진리의 수레바퀴'라고 할 수 있다. 여기서 진리란 인간을 궁극적인 행복, 즉 구원으로 이끌어 줄 올바른 길을 말한다. 이 바퀴를 중심으로 모으는 것은 태극(太極)이다. 세 겹이 상징하는 것은 철학적으로는 '하늘, 땅, 사람'이며, 또 다른 측면에서는 긍정, 부정, 그리고 이 양극단의 조화라고 볼 수 있다. 그리고 이것이 나선형으로 합쳐진 것은 세상의 삶이란 이 세가지 요소가 역동적으로 조화를 이루며 진행되기 때문일 것이다. 따라서, 태극은 조화를 통해 행복에 이를 수 있음을 의미하게 되는 것이다.	The Meduh Chakram takes the form of a symbol that harmonizes the Dharma wheel, the chief symbol of Buddhism, with the Taiji, the chief symbol of Chinese religion, and it stands for harmony and reconciliation among people. Put simply, the Dharma wheel is the 'wheel of truth'. Truth here means the right path that leads humans to ultimate happiness, that is, to salvation. What draws this wheel to its center is the Taiji. Philosophically its three layers stand for 'heaven, earth and humanity'; from another angle they can be seen as affirmation, negation and the harmony of these two extremes. That they merge in a spiral is surely because life in this world unfolds as these three elements dynamically harmonize. The Taiji therefore signifies that happiness can be reached through harmony.
확성기 아이템은 10분 동안 말 풍선의 크기와 글자 크기를 크게 만들어 주는 아이템 입니다. 	The Megaphone item makes your speech bubbles and text larger for 10 minutes.
확성기 아이템은 30분 동안 말 풍선의 크기와 글자 크기를 크게 만들어 주는 아이템 입니다. 	The Megaphone item makes your speech bubbles and text larger for 30 minutes.
확성기 아이템은 60분 동안 말 풍선의 크기와 글자 크기를 크게 만들어 주는 아이템 입니다. 	The Megaphone item makes your speech bubbles and text larger for 60 minutes.
비애의 정령인 멜리스의 힘이 담긴 차크람으로 희생자의 고통과 슬픔을 흡수하며 점점 더 날카로워 진다고 전해진다. 네 개의 날이 약간씩 각도가 어긋나 있기 때문에 공격 당한 자는 한번의 공격으로 도 큰 상처를 입게 된다. 멜리스는 정신계열의 정령이기 때문에 다른 원소계열의 정령석과 충돌을 일으키지 않는다. 그렇기 때문에 정령석의 교환으로 원소 속성의 공격을 힘의 감소없이 구사할 수도 있다고 한다.	A chakram holding the power of Melis, the spirit of sorrow; it is said to grow ever sharper as it absorbs the pain and grief of its victims. Its four blades are each set at a slightly offset angle, so even a single blow deals a grievous wound. Since Melis is a spirit of the mind, she does not clash with the spirit stones of the elemental spirits. It is therefore said that by swapping spirit stones one can wield elemental attacks without any loss of power.
뱀파이어의 체내에서 분비되는 산성 물질은 언제나 슬레이어 사기를 반감시키는 공포의 대상이었다. EVE측은 이를 대비할 새로운 전투복을 제작하고자 시험적으로 쥬폰사의 우주복 소재를 이용한 전투용 부츠를 개발하였다. 다섯 겹의 알루미늄 코팅 특수섬유사이에 폴리에스터 부직포 층을 넣어 테프론으로 코팅한 이 부츠는 최고의 활동성을 보장하면서 동시에 완벽한 보호구로써의 역할을 톡톡히 해내고 있다. EVE측은 실전에서의 성과에 만족하여 동 소재의 전투복 개발 지원을 아끼지 않을 예정이라고 한다.	The acidic substance secreted inside Vampires' bodies has always been a dreaded threat that halves Slayer morale. To counter it, EVE set out to create a new combat suit and, as a trial, developed combat boots using the material of Jupon's space suits. Made of five layers of aluminum-coated special fiber with a layer of polyester nonwoven fabric between them and a Teflon coating, these boots guarantee top mobility while serving admirably as flawless protective gear. Pleased with their performance in the field, EVE reportedly plans to spare no support for developing combat suits of the same material.
검은 광석의 합금 재질로 만들어진 팔찌이다. 그 기원이나 재원이 알려지지 않은 검은 광석 자체의 무른다는 단점을 보완하기위해, 합금 제작된 것이다. 가장 간편하게 착용할 수 있는 팔찌이다.	A bracelet made of an alloy of black ore. The black ore, of unknown origin and composition, is soft, so it was alloyed to make up for that weakness. It is the easiest bracelet to wear.
묵직한 금속제 장갑에 보석을 박아 만들어진 이 하드 너클 장갑은 중세 스코틀랜드의 한 귀족이 자신의 부를 과시하기위해 만들었다고 전해진다. 하지만 무기를 만든 장인은 이 너클이 단순한 장식품에 그치지 않게 하기위해 최선을 다해 제작하였으나 납기일을 어겼다는 이유로 귀족의 손에 목숨을 빼았기고 말았다. 마이트 너클의 진품은 박물관에 보관되어 있으며 그 정교하고도 강력한 공격력을 인정받아 많은 모조품을 낳았다.	Legend says this hard knuckle glove, made by setting jewels into a heavy metal gauntlet, was made for a medieval Scottish noble to flaunt his wealth. The craftsman did his utmost so that the knuckle would be more than an ornament, but for missing his delivery date he lost his life at the noble's hands. The genuine Might Knuckle is kept in a museum, and its intricate craftsmanship and formidable attack power have spawned many imitations.
가장 적은 양의 앰플로, 캡슐안에 체력을10정도의 회복시킬 힐링 앰플을 함유하고 있다.	The smallest ampoule; its capsule holds a healing ampoule that restores about 10 HP.
가장 양이 적은 마나 앰플을 함유하고 있다. 마나가 10정도 회복된다.	Contains the smallest dose of mana ampoule. Restores about 10 MP.
초승달 모양으로 휘어져 있는 도. 길게 휘어져서 검 자루까지 내려오는 문블레이드는 검 신이 끝으로 갈수록 투명하며 얇고 매우 가벼우면서도 조금만 베어 나가도 적에게 큰 상처를 입힐 수 있다. 도의 소재가 매우 탄력성이 있으며, 밤에는 은은하게 빛을 내기도 한다고 전해진다.	A blade curved like a crescent moon. The Moon Blade curves long, all the way down to the hilt; its blade grows thinner and more translucent toward the tip, and though very light it can deal a grievous wound with even a slight cut. Its material is highly elastic, and it is said to glow softly at night.
주로 소수의 슬레이어들만이 이 도를 사용했는데 이 도는 다루기도 힘들뿐만 아니라 도를 만드는 재료조차도 구하기가 힘들어 매우 귀한 도이다. 도 자루는 부드럽게 휘어진 검 신에 힘을 더 하도록 홈이 파져 있다. 항간엔 하늘에서 떨어진 유성을 이용해서 만들어 졌다고 전해지기도 한다.	Only a few Slayers ever used this blade; it is hard to handle, and even its materials are hard to come by, making it very rare. The hilt is grooved to add strength to the gently curved blade. Rumor has it that it was forged from a meteorite that fell from the sky.
호수의 귀부인'으로 불리는 물의 요정인 모건 르 페이의 수호를 받을 수 있는 팬던트이다. 팬던트 하단 부의 물의 수정에 발산 되는 성스러운 빛은 악한 영혼을 가진 자에게 절망을, 선한 영혼을 가진 자에게는 축복을 준다고 한다.	A pendant granting the protection of Morgan le Fay, the water fairy called 'the Lady of the Lake'. The holy light radiating from the water crystal at the bottom of the pendant is said to bring despair to those with evil souls and blessings to those with good souls.
금으로 만들어진 뱀파이어용 팔찌이다. 가운데의 원석은 복숭아 빛의 모거나이트로, 그 양 옆으로 인디콜라이트가 자리하고 있다. 이 팔찌는 중세 귀부인들이 누군가를 해하려 할 때 사용했던 것이 전해진 것으로, 각각의 원석을 열면 독을 담을 수 있어서 몰래 사람을 죽이고자 할 때 쓰였던 것이라 한다. 이 팔찌는 독을 품고 있어서,이것을 착용하고 독 계열의 마법을 사용하면 그 위력이 두 배가 된다는 설이 있다.	A Vampire bracelet made of gold. The central stone is a peach-colored morganite, flanked by indicolites. The bracelet comes down from medieval noblewomen, who used it when they meant to harm someone: each stone opens to hold poison, and it was used to kill people in secret. Because this bracelet carries poison, it is said that casting poison-type magic while wearing it doubles its power.
인간의 뼈를 깍아만든 뱀파이어용 반지이다. 태국의 한 골동품점에서 발견되었으며, 문양과 제작 방식이 기존에 알려지지 않은 양식을 보이고 있다. 다만 방사성 탄소 연대 측정법을 통해 BC 2세기 이전의 뼈가 사용되었다는 것으로 추정하고 있을 뿐이다. 이 반지를 착용하면 고리 부분이 자동으로 죄어지며, 착용했던 뱀파이어 중에서 살아남은 자는 단 한명도 없다고 한다. 자신의 소멸을 통해서만 해방되어진다는 미스테리의 반지이다.	A Vampire ring carved from human bone. It was found in an antique shop in Thailand, and its patterns and craftsmanship show a style unknown until now. All that is known is that radiocarbon dating suggests the bone dates from before the 2nd century BC. When worn, its band tightens by itself, and not a single Vampire who wore it is said to have survived. A mysterious ring from which one is freed only by one's own destruction.
방탄을 기본으로 설계된 기존의 제품들은 뱀파이어라는 특수한 생명체와의 싸움에 큰 효과가 없다는 점에 착안하여 개발된 것으로 시야의 확보와 함께 통신기능에 주력한 제품이다. 하지만 구조물 자체의 강도가 상당하기 때문에 측두부의 방어에도 일정수준의 방어 효과를 기대할 수도 있으며 무게 역시 기존의 투구형 제품에 비해 월등히 가볍기 때문에 좋은 평가를 받고 있다.	Developed from the insight that existing products designed around bulletproofing were of little use against the unique creatures called Vampires, it focuses on securing vision along with communications. Still, the structure itself is quite strong, so some protection of the temples can be expected, and it is well regarded for being far lighter than existing helmet-type products.
어둠의 정령이 깃 들었다는 전설의 링이다.원래 한 개로 이뤄진 엠포스링은 어둠의 정령의 힘을 두려워한 반지 세공사가 두 개로 분리하여 다시 만들었다고 한다. 반지가 두 개로 분리되어 정령의 힘을 다룰 수 있게 된 아우스터즈는 챠크람을 이용한 근접 전투를 벌이는 전사들에게 없어서는 안될 중요한 반지로 여겨지게 되었다.	A legendary ring said to house a spirit of darkness. The Mpos Ring was originally a single ring, but a ringsmith who feared the dark spirit's power split it in two and remade it. Split in two, the ring let the Ousters handle the spirit's power, and it came to be regarded as indispensable for warriors who fight at close range with chakrams.
프리미엄 사용자만 사용 가능하고 거래, 양도, 상점에 판매가 가능한 아이템이다. 	An item only premium users can use. It can be traded, handed over and sold to shops.
쑥색 떡국은 옵션이 없는 아이템에 Lucky+1 옵션을 부여할 수 있는 인챈트 떡국으로 아이템 종류에 상관없이 무조건 인챈트가 가능하다.	The Mugwort Rice Cake Soup is an enchant item that adds a Lucky+1 option to an item with no option, and it can always be enchanted regardless of item type.
멀티 스카우터(180)는 30등급 이상의 슬레이어가 사용할 수 있는 헬멧입니다. 이 아이템은 기존 승직 헬멧에 올드 드롭을 인첸트 함으로써 얻을 수 있습니다.	Multi Scouter(180) is a helmet usable by Slayers of Advancement grade 30 or higher. This item is obtained by enchanting an existing Advancement Helmet with an Old Drop.
멀티 스카우터(195)는 45등급 이상의 슬레이어가 사용할 수 있는 헬멧입니다. 이 아이템은 기존 승직 헬멧에 올드 드롭을 인첸트 함으로써 얻을 수 있습니다.	Multi Scouter(195) is a helmet usable by Slayers of Advancement grade 45 or higher. This item is obtained by enchanting an existing Advancement Helmet with an Old Drop.
멀티 스카우터(215)는 65등급 이상의 슬레이어가 사용할 수 있는 헬멧입니다. 이 아이템은 기존 승직 헬멧에 올드 드롭을 인첸트 함으로써 얻을 수 있습니다.	Multi Scouter(215) is a helmet usable by Slayers of Advancement grade 65 or higher. This item is obtained by enchanting an existing Advancement Helmet with an Old Drop.
멀티 스카우터(230)는 80등급 이상의 슬레이어가 사용할 수 있는 헬멧입니다. 이 아이템은 기존 승직 헬멧에 올드 드롭을 인첸트 함으로써 얻을 수 있습니다.	Multi Scouter(230) is a helmet usable by Slayers of Advancement grade 80 or higher. This item is obtained by enchanting an existing Advancement Helmet with an Old Drop.
멀티 스카우터(250)는 100등급 이상의 슬레이어가 사용할 수 있는 헬멧입니다. 이 아이템은 기존 승직 헬멧에 올드 드롭을 인첸트 함으로써 얻을 수 있습니다.	Multi Scouter(250) is a helmet usable by Slayers of Advancement grade 100 or higher. This item is obtained by enchanting an existing Advancement Helmet with an Old Drop.
메쉬스킨의 사용빈도가 늘어나며 하나 둘 지적된 단점을 보완한 제품이다. 메쉬스킨의 탁월한 착용감을 유지하면서 보호기능을 강화시키기 위해 유연한 금속판을 추가시켰다. 시제품의 경우 금속판의 추가가 과도해 무게가 늘고 통풍이 좋지 않았기 때문에 치명적인 부분에 한해 강화가 이루어졌다. 	A product that fixes the weaknesses pointed out one by one as the Mesh Skin came into wider use. To strengthen protection while keeping the Mesh Skin's superb comfort, flexible metal plates were added. In the prototype the plates were overdone, adding weight and hampering ventilation, so the reinforcement was limited to vital areas.
머슬 슈트(180)는 30등급 이상의 남자 슬레이어가 사용할 수 있는 상의입니다. 이 아이템은 기존 승직 상의에 올드 드롭을 인첸트 함으로써 얻을 수 있습니다.	Muscle Suit(180) is upper-body armor usable by male Slayers of Advancement grade 30 or higher. This item is obtained by enchanting existing Advancement upper-body armor with an Old Drop.
머슬 슈트(180)는 30등급 이상의 여자 슬레이어가 사용할 수 있는 상의입니다. 이 아이템은 기존 승직 상의에 올드 드롭을 인첸트 함으로써 얻을 수 있습니다.	Muscle Suit(180) is upper-body armor usable by female Slayers of Advancement grade 30 or higher. This item is obtained by enchanting existing Advancement upper-body armor with an Old Drop.
머슬 슈트(195)는 45등급 이상의 남자 슬레이어가 사용할 수 있는 상의입니다. 이 아이템은 기존 승직 상의에 올드 드롭을 인첸트 함으로써 얻을 수 있습니다.	Muscle Suit(195) is upper-body armor usable by male Slayers of Advancement grade 45 or higher. This item is obtained by enchanting existing Advancement upper-body armor with an Old Drop.
머슬 슈트(195)는 45등급 이상의 여자 슬레이어가 사용할 수 있는 상의입니다. 이 아이템은 기존 승직 상의에 올드 드롭을 인첸트 함으로써 얻을 수 있습니다.	Muscle Suit(195) is upper-body armor usable by female Slayers of Advancement grade 45 or higher. This item is obtained by enchanting existing Advancement upper-body armor with an Old Drop.
머슬 슈트(215)는 65등급 이상의 남자 슬레이어가 사용할 수 있는 상의입니다. 이 아이템은 기존 승직 상의에 올드 드롭을 인첸트 함으로써 얻을 수 있습니다.	Muscle Suit(215) is upper-body armor usable by male Slayers of Advancement grade 65 or higher. This item is obtained by enchanting existing Advancement upper-body armor with an Old Drop.
머슬 슈트(215)는 65등급 이상의 여자 슬레이어가 사용할 수 있는 상의입니다. 이 아이템은 기존 승직 상의에 올드 드롭을 인첸트 함으로써 얻을 수 있습니다.	Muscle Suit(215) is upper-body armor usable by female Slayers of Advancement grade 65 or higher. This item is obtained by enchanting existing Advancement upper-body armor with an Old Drop.
머슬 슈트(230)는 80등급 이상의 남자 슬레이어가 사용할 수 있는 상의입니다. 이 아이템은 기존 승직 상의에 올드 드롭을 인첸트 함으로써 얻을 수 있습니다.	Muscle Suit(230) is upper-body armor usable by male Slayers of Advancement grade 80 or higher. This item is obtained by enchanting existing Advancement upper-body armor with an Old Drop.
머슬 슈트(230)는 80등급 이상의 여자 슬레이어가 사용할 수 있는 상의입니다. 이 아이템은 기존 승직 상의에 올드 드롭을 인첸트 함으로써 얻을 수 있습니다.	Muscle Suit(230) is upper-body armor usable by female Slayers of Advancement grade 80 or higher. This item is obtained by enchanting existing Advancement upper-body armor with an Old Drop.
머슬 슈트(250)는 100등급 이상의 남자 슬레이어가 사용할 수 있는 상의입니다. 이 아이템은 기존 승직 상의에 올드 드롭을 인첸트 함으로써 얻을 수 있습니다.	Muscle Suit(250) is upper-body armor usable by male Slayers of Advancement grade 100 or higher. This item is obtained by enchanting existing Advancement upper-body armor with an Old Drop.
머슬 슈트(250)는 100등급 이상의 여자 슬레이어가 사용할 수 있는 상의입니다. 이 아이템은 기존 승직 상의에 올드 드롭을 인첸트 함으로써 얻을 수 있습니다.	Muscle Suit(250) is upper-body armor usable by female Slayers of Advancement grade 100 or higher. This item is obtained by enchanting existing Advancement upper-body armor with an Old Drop.
돌연변이는 외부로부터 주어진 DNA에 의하여 생물의 유전적인 성질이 변하는 일을 말합니다. 이 주사는 울프독의 형질을 전환 시키는 주사로 울프독의 외형을 바꾸는 기능을 합니다. 이 주사를 맞은 울프독은 울버린으로 바뀌게 됩니다. 이 주사는 1회성이므로 투여하게 되면 울프독은 영구적으로 울버린으로 변신하며 되돌릴 수 없습니다.	A mutation is a change in an organism's genetic traits caused by DNA introduced from outside. This injection transforms the traits of a Wolfdog, changing its appearance. A Wolfdog given this injection turns into a Wolverine. The injection is single-use: once it is administered, the Wolfdog becomes a Wolverine permanently and cannot be changed back.
이 펜던트의 이름이 말해주듯 신비한 힘을 가진 펜던트이다.  펜던트의 독특한 문양은 지금은 잊혀져 버린 문자라고만 전해져 온다.마법금속이라 불리는 미스릴을 사용하여 만들어야만 힘을 발휘한다는 이 팬던트는 그 문양을 조각하는 것만으로도 봉인된 정령의 힘을 더욱더 각성 시킬 수 있다고 한다.	As its name says, a pendant with mystic power. Its distinctive pattern is said only to be a script now forgotten. This pendant shows its power only when made of mithril, the so-called magic metal, and merely carving its pattern is said to further awaken the power of the sealed spirits.
캐릭터의 이름을 1회 변경할 수 있습니다.	Lets you change your character's name once.
태고의 숲에 깃들어 있는 정령인 네이픈은 긴 꼬리를 지닌 새의 형상으로 숲의 이곳저곳을 살피던 수호자였습니다. 그가 관리하는 숲은 누구의 눈에도 띄지 않았고 설령 외부의 누군가가 침입하려해도 안전하게 보호받을 수 있었습니다. 유사시에 네이픈은 자신의 긴 꼬리 깃털로 숲을 단단히 감싸안았고 누구도 쉽게 이를 뚫을 수 없었습니다. 만약 침입자의 힘이 강대하여 막을 수 없게 될 경우 네이픈은 숲을 꼬리로 감싸 눈에 띄지 않는 곳으로 옮겨갈 수 있었기 때문에 침입자를 따돌릴 수 있었습니다.	Naphne, a spirit dwelling in the primeval forest, was a guardian in the form of a long-tailed bird who watched over every corner of the forest. The forest in his care was hidden from every eye, and even if an outsider tried to break in, it remained safely protected. In times of danger Naphne wrapped the forest tightly in his long tail feathers, and no one could easily break through them. If an intruder was too powerful to stop, Naphne could wrap the forest in his tail and carry it off to a hidden place, and so shake off the intruder.
고대 거인의 뼈을 가공하여 제작된 것으로 거인들은 고대의 세계를 구성하던 존재들로 알려지고 있다. 이들을 타락한 정령이라고도 하는데 그 힘은 일반적인 정령의 갑절에 달하는 것이었다고 한다. 하지만 그 사악한 기운 때문에 사용자에게 미칠 부작용을 막기 위해 표면에 정화의 문장을 새겨놓는다. 하지만 그 기운이 워낙에 강하기 때문에 아무리 순수한 영혼을 지니 자라도 한번 이것을 사용한 자는 타락의 기운에 감염되어 원래의 순수한 상태로 돌아오기는 어렵다고 한다.	Made by working the bones of ancient giants, beings known to have made up the ancient world. They are also called fallen spirits, and their power is said to have been twice that of ordinary spirits. Because of their evil aura, a seal of purification is engraved on the surface to protect the user from side effects. But the aura is so strong that anyone who uses it even once, however pure their soul, is tainted by corruption and can hardly return to their original purity.
이전까지는 도검이라 하면 소수의 장인들에 의해 만들어진 것이 사용되었지만 수요가 늘어나며 대량 생산의 필요성이 부각되며 다수의 군납업체에서 도검의 제작에 뛰어들게 되었다. 그 중 S&W 사의 시제품이 표준규격화 되어 출시된 것이 바로 SWMS 3000, 통칭 ‘니들 엣져’ 이다. 	Swords were once made by only a handful of craftsmen, but as demand grew and the need for mass production became clear, many military suppliers took up sword-making. Among them, the S&W prototype that was standardized and released is the SWMS 3000, commonly known as the 'Niddle Edger'.
탄소 함유율 1.6% 이상의 탄소강 합금으로 제작되어 강도와 경도가 뛰어나며 날의 형태가 그라디우스와 유사한 곡선을 이루고 있기 때문에 베고 찌르기에 적합하다. 초기모델의 경우 손잡이 부위를 가죽으로 처리했지만 유지보수비의 상승 때문에 합성수지로 대체되면서 그립감이 떨어진다는 평을 듣기도 한다.	Made of a carbon steel alloy with a carbon content of 1.6% or more, it has excellent strength and hardness, and its blade curves much like a gladius, making it well suited to both cutting and thrusting. Early models had leather-wrapped grips, but rising maintenance costs led to synthetic resin instead, and some complain that the grip suffers for it.
니드는 재앙을 뜻하나, 그 재앙은 모든 것이 자신에게 달려있어 스스로가 나서서 자아 절제하고 근신한다면 그 재앙을 줄일 수 있는, 그러한 것임을 암시한다. 그러나 해야할 일만을 하는 때이고, 자유 의사를 존중해줄 수 있는 시간은 아니라고 해석도며, 좌설과 불행을 경험할 것이므로 그에 대비하라는 의미가 담겨져 있다. 한계를 책정해 움직일때라는 것을 경고한다고 할수 있다. 	Nied means disaster, but it hints that the disaster depends entirely on oneself and can be lessened by exercising self-restraint and behaving with prudence. It is also read as a time to do only what must be done, not a time when free will can be honored, and it carries the message to prepare for the setbacks and misfortune to come. It can be said to warn that it is time to set limits before acting.
모든 우주만물을 창조할 수 있는 에너지를 가진 실재로 인식되는 '태극'상징의 힘을 겹쳐진 칼과 불꽃의 이미지로 표현한 챠크람이다. '태극(太極)'은 우주의 근본적 실재이다. 이 태극이 변해서, 음과 양이 된다. 천지만물은 모두 양과 음으로 이루어져 있다. 보통 음(陰)은 우주의 여성적 에너지를, 양(陽)은 남성적 에너지를 대표한다. 음양은 즉 남자와 여자, 하늘과 땅, 태양과 달, 강함과 부드러움 등과 같은 우주자연에 존재하는 모든 대립을 상징한다. 음과 양의 변화작용에 따라 우주만물의 제현상 역시 변화된다. 변화하지 않는 것은 우주만물이 음양의 원리에 따라 계속해서 변화한다는 변화의 원리이다.	A chakram that expresses, in images of overlapping blades and flames, the power of the 'Taiji' symbol, seen as the reality holding the energy to create all things in the universe. The 'Taiji' is the fundamental reality of the universe. The Taiji changes to become yin and yang. Heaven, earth and all things are made of yang and yin. Yin usually represents the feminine energy of the universe, and yang the masculine. Yin and yang thus symbolize every opposition in nature: man and woman, heaven and earth, sun and moon, strength and softness, and so on. As yin and yang change and interact, all the phenomena of the universe change too. The only thing that does not change is the principle of change itself: that all things keep changing according to the principle of yin and yang.
Objective Individual Combat Weapon 의 약자로, 가장 최근 개발된 현대식 무기 중에 하나이다. 영국제로 쌍발식이며, 적외선 스코프 및 레이저 조준경, 단검 등이 부착되어 있다. 총은 각기 7부분으로 나뉘며, 쌍발식이기 때문에 각기 다른 탄창을 탑재하고 있다. E.V.E.에서는 대 뱀파이어 전에 걸맞게 최신식 무기를 제공하기 위해 시험단계를 거친 후 지급될 예정으로 전방 투입된 일부 장교들에게만 시험 지급되었다.	Short for Objective Individual Combat Weapon, one of the most recently developed modern weapons. British-made and double-barreled, it is fitted with an infrared scope, a laser sight, a bayonet and more. The gun breaks down into 7 parts, and being double-barreled it carries a separate magazine for each barrel. To provide state-of-the-art weapons fit for the war against Vampires, E.V.E. plans to issue it after a testing phase; so far it has been issued on trial only to some officers deployed at the front.
금 도금 처리가 된 장방형의 슬레이어용 방패로, 아메리카 파미 인디언의 영혼 의식에 사용하던 문양이 화려하게 그려져 있다. 그 안에는 그들이 숭배하는 뱀이 또아리를 틀고 있으며 이는 어둠으로의 안식을 상징한다고 한다. 1970년대부터 제작되기 시작한 이 방패는 100% 수공으로 만들어지며, 한 개의 방패를 만드는데 무려 3년이나 걸린다고 한다.	A gold-plated rectangular Slayer shield, richly painted with patterns used in the spirit rituals of the Pami Indians of America. Within them lies a coiled serpent the Pami worship, said to symbolize rest in darkness. Made since the 1970s, this shield is entirely handmade, and a single shield takes as long as 3 years to make.
축제용 폭죽입니다. 오른 클릭으로 폭죽을 사용하면 밤하늘을 아름답게 수 놓아줍니다.	A festival firecracker. Right-click to set it off and it will paint the night sky beautifully.
오렌지 루비아떼 오토바이를 불러내기 위해 필요한 아이템이다. 루비아떼 오토바이를 불러내기 위해서는 루비아떼 키를 소지한 상태에서 오토바이 판매NPC에게 “제 오토바이를 찾고 싶습니다” 라고 말을 건네면 된다. 단, 유료 사용자일 경우 안전지대를 제외한 나머지 장소에서 루비아떼키를 오른마우스로 클릭하여 루비아떼 오토바이를 소환할 수 있다.	An item needed to call up the Orange Rubiate motorcycle. To call up a Rubiate motorcycle, speak to the motorcycle vendor NPC while carrying the Rubiate Key and say "I would like to collect my motorcycle." Premium users, however, can summon the Rubiate motorcycle anywhere except safe zones by right-clicking the Rubiate Key.
축제용 연발 광역 폭죽입니다. 오른 클릭으로 폭죽을 사용하면 밤하늘을 아름답게 수놓아줍니다. 세발의 주황색 폭죽이 연속적으로 터지게 됩니다.	A festival multi-shot wide-area firecracker. Right-click to set it off and it will paint the night sky beautifully. Three orange firecrackers go off one after another.
축제용 광역 폭죽입니다. 오른 클릭으로 폭죽을 사용하면 밤하늘을 아름답게 수놓아줍니다. 세발의 주황색 폭죽이 동시에 터지게 됩니다.	A festival wide-area firecracker. Right-click to set it off and it will paint the night sky beautifully. Three orange firecrackers go off at once.
산의 정령인 오레아스는 메아리의 정령이라 불리며 산에서 메아리가 길게 울려퍼질때는 이 오레아스의 장난끼가 발동한 것이다. 매우 장난이 심하여, 산세를 바꾸어 여행자에게 길을 잃게 하기도 한다. 하지만 자신의 가호를 받는 자에게는 길을 잃지 않고, 바른 길을 가르쳐 주며, 위협이 다가 왔을 때는 가르쳐 주기도 한다고 한다.	Oread, the mountain spirit, is called the spirit of echoes, and when an echo rings long through the mountains, it is Oread's mischief at work. She is so mischievous that she sometimes reshapes the mountains to make travelers lose their way. But those under her protection never go astray: she shows them the right path and even warns them when danger approaches.
도서관에 보관되어 있는 동양에 대한 책이다. 고대에서부터 전해져 내려오는 책으로, 현존하는 책 중에서 가장 오래된 것이다. 동양의 지혜와 무예에 대한 내용이 쓰여 있다.	A book about the East kept in the library. Handed down since ancient times, it is the oldest book in existence. It describes the wisdom and martial arts of the East.
숲에서 가장 먼저 이슬을 머금는 잎사귀를 뜻하는 오리샤는 정령들이 가장 좋아하는 것 중 하나이다. 이 오리샤의 힘을 응축해 만들어진 오리샤 펜던트는 정령과의 친화력을 큰 폭으로 상승시켜준다고 한다.	Orissa, the name for the leaf that first holds the dew in the forest, is one of the things spirits love most. The Orissa Pendant, made by condensing Orissa's power, is said to greatly raise one's affinity with spirits.
소총에 대해서 조금이라도 아는 사람이라면 누구나 한번쯤은 들어본 적이 있는 카라스토예프가 독자적으로 개발한 소총 시리즈 POLAN 의 최초 모델이다. 소련에서 젊은 시절을 보내다가 뱀파이어들의 부흥으로 인해서 가족을 모두 잃은 카라스토예프는 결국 30살 때 유럽으로 망명하게 되었으며, 교황청의 전폭적인 지원을 바탕으로 소총을 개발하기 시작했으며, 최초로 만든 이 모델에게 뱀파이어에게 죽음을 당한 자신의 아내의 이름인 "POLAN"을 붙이게 된다.	The first model of POLAN, the rifle series independently developed by Karastoyev, a name anyone who knows even a little about rifles has heard at least once. Karastoyev spent his youth in the Soviet Union until the rise of the Vampires cost him his whole family, and at 30 he finally fled into exile in Europe. With the full backing of the Holy See he began developing rifles, and he gave his very first model the name "POLAN", after his wife, who had been killed by Vampires.
"SODOM"은 POLAN 시리즈 중에서 가장 범용성이 높은 소총으로 알려져 있다. 이 소총은 P-61S 와 80 % 이상의 부품을 공유할 수 있으며, 특수부대에서의 필드테스트에서 만점을 받을 정도로 뛰어난 성능을 발휘했다고 한다. "SODOM"에는 화력조절과 주야간 사격 시 명중률을 향상시키는 등의 다양한 액세서리 키트가 존재한다. 대부분의 특수부대에서 채택될 정도로 인기가 높았지만, 정작 카라스토예프는 이 총에 만족하지 못했다는 이야기가 전해진다.	"SODOM" is known as the most versatile rifle of the POLAN series. It shares over 80% of its parts with the P-61S and is said to have performed so well that it earned perfect marks in field tests with special forces. A variety of accessory kits exist for the "SODOM", for adjusting firepower and improving accuracy in day and night shooting. It was popular enough to be adopted by most special forces, yet the story goes that Karastoyev himself was never satisfied with it.
"Polan 40"이라고도 불리 우는 이 소총은 카라스토예프가 다섯번째로 제작한 POLAN 시리즈의 최종 모델이다. 이 모델을 마지막으로 카라스토예프는 소총 제작에서 손을 떼고, 스나이퍼건에 관심을 돌리기 시작했다. 그러나, 그 성능은 그 어떤 소총도 감히 따라오지 못할 정도로 뛰어났다.	Also called the "Polan 40", this rifle is the final model of the POLAN series and the fifth Karastoyev built. After this model Karastoyev gave up making rifles and turned his interest to sniper guns. Its performance, however, was so outstanding that no other rifle dared to match it.
카라스토예프가 두 번째로 선보인 미네르바는 POLAN의 다음 모델로, 무거운 총열로 인해 안정성이 향상되었으며, 인체공학적으로 설계된 파트들은 보다 편안한 사격을 가능케 했다. 무엇보다 뛰어난 이 총의 장점은 바로 명중률의 개선이다. 스코프만 장착하면 저격까지도 가능한 수준의 명중률로 인해 자신감을 얻은 카라스토예프는 이후 스나이퍼 건의 개발에도 뛰어들게 된다. 당연히 총탄의 고 회전에서 나오는 파괴력 역시 뛰어나기 때문에, 많은 슬레이어들이 사용하고 있는 총이다.	The Minerva, Karastoyev's second creation, succeeded the POLAN: its heavy barrel improved stability, and its ergonomically designed parts made shooting more comfortable. Above all, this gun's great strength is its improved accuracy. Accurate enough to snipe with nothing more than a scope fitted, it gave Karastoyev the confidence to go on to develop sniper guns as well. Naturally, the destructive power of its high-spinning bullets is also excellent, and many Slayers use it.
다른 SMG 모델들이 기존의 SMG를 특정 성능을 높이기 위해 개조하는 바람에 다른 부가 기능을 잃어 버린 반면, 이 EasyRider 는 기관총의 기본에 가장 충실한 제품이라고 평가 받는 총 중의 하나이다. 휴대를 용이하게 하기 위해 탈착식 개머리판을 채용되었고, 사격 반동을 줄이기 위해 총열에 무게 감을 주었다. 명중률을 높이기 위해 ATS(Advanced Targeting System)을 가미한 조준경과 비약적인 파이어 파워의 증강을 위해 최첨단 조선을 채용함으로써 기존의 SMG의 위력을 배가 시킨 제품이다. 자동/반자동의 선택도 별도의 조정간 없이 방아쇠를 반쯤 당기면 반 자동, 끝까지 당기면 자동이 되는 식이다.	Where other SMG models lost other features by modifying existing SMGs to boost one particular capability, the EasyRider is regarded as one of the guns most faithful to the basics of the machine gun. It adopts a detachable stock for easier carrying, and its barrel is weighted to reduce recoil. It doubles the power of earlier SMGs with a sight incorporating ATS (Advanced Targeting System) for higher accuracy and state-of-the-art rifling for a dramatic boost in firepower. Switching between automatic and semi-automatic needs no separate selector: pull the trigger halfway for semi-automatic and all the way for automatic.
PG-13 'Roc'은 세계에 가장 정확한 반자동 저격용 소총이라고 말할수있다.PG-13 'Roc'의 그 정확성 300미터에서 80mm(3.14")원 안으로 탄창군이 50발이 적중된다.PG-13 'Roc'은 약간의 특별한 단위부대들과 선발된 반테러리스트 단위부대들에 인기가 많다.그것은 2가지 이유때문에 군대환경에 잘 맞는다. 그 첫번째로 탄피를 10미터 정도로 배출된다는 점과 두번째 이유는 그것이 Hensoldt 6x42의 고정 스코프를 장작하고 있다는 점이다.6x는 600미터에 사용되는 것으로 고정되어 있는데 전투시 군저격병들은 600~700미터정도의 거리에 위치하기 때문이다.PG-13 'Roc'은 단발식 저격총과 반자동 소총의 장점을 고루 갖춘 최고의 뛰어난 경찰및 대테러진압부대에 적합한 저격총이지만, 너무 고가의 장비이기 때문에 오직 가장 선발된 단위부대들만이 갖고 있는 무기이기도 하다.	The PG-13 'Roc' can be called the most accurate semi-automatic sniper rifle in the world. Its accuracy is such that at 300 meters a 50-round group lands inside an 80 mm (3.14") circle. The PG-13 'Roc' is popular with a few special units and select counterterrorist units. It suits a military environment for two reasons: first, it ejects spent casings about 10 meters away, and second, it carries a fixed Hensoldt 6x42 scope. The 6x is fixed for use at 600 meters, because in combat military snipers position themselves around 600-700 meters away. The PG-13 'Roc' combines the strengths of the single-shot sniper rifle and the semi-automatic rifle, making it the finest sniper rifle for police and counterterrorist units, but it is so expensive that only the most elite units have it.
아우스터즈 종족의 초창기에 카리사스를 보좌하던 무녀 팔마가 사용하던 허리띠이다. 팔마에 대해서는 정확한 기록이 남아있지 않다. 카리사스가 뱀파이어의 희생자를 치유할 수 있는 능력을 갖추는데 상당한 도움을 주었지만 결코 자신을 다른 자에게 드러내는 일이 없었다고 하며 원래 뱀파이어 족의 일원이었지만 알 수 없는 연유에서 카리사스를 보좌하게 되었다는 정도만 전해질 뿐이다. 그녀의 허리띠는 정령들로 하여금 뱀파이어인 그녀에게 거부감을 갖지 않도록 하는 영력이 담겨 있었다고 한다.	A sash worn by the shrine maiden Palma, who served Carissas in the early days of the Ousters race. No precise records of Palma remain. She is said to have greatly helped Carissas gain the power to heal Vampires' victims, yet never revealed herself to anyone else; all that is told is that she was originally one of the Vampire race and, for unknown reasons, came to serve Carissas. Her sash is said to have held a spiritual power that kept the spirits from feeling any aversion to her, a Vampire.
파괴신 루드라와 처음 결혼한것은 사티라는 여신이었습니다. 하지만 사티는 다시 태어나서 그를 찾겠다는 약속을 남기고 죽고 루드라는 아내를 잃은 슬픔으로 고행에만 매달리게 됩니다. 사티는 팔바티의 모습으로 환생을 하게 되지만 루드라는 여전히 고행에만 매달리며 눈을 뜨려고도 하지 않습니다. 	The first to marry Rudra, the god of destruction, was the goddess Sati. But Sati died, promising to be reborn and find him again, and Rudra, grieving the loss of his wife, gave himself over to nothing but austerities. Sati was reborn as Palvati, but Rudra, still absorbed in his austerities, would not even open his eyes.
그러던 와중에 신들의 세계가 강력한 악마에 의해서 위협받게 되고 신들은 그 악마를 제거할 수 있는건 루드라와 팔바티 사이에서 태어난 아이 밖에 없다는 걸 알게 됩니다.	Meanwhile the world of the gods came under threat from a mighty demon, and the gods learned that the only one who could destroy it was a child born to Rudra and Palvati.
우여곡절 끝에 시바는 마침내 그녀가 사티의 환생임을 알게 되어 결혼하고 그녀가 낳은 아이가 마침내 악마를 물리쳐 신들의 사회도 평화롭게 되었습니다.	After many twists and turns, Shiva at last realized that she was Sati reborn and married her, and the child she bore finally defeated the demon, bringing peace to the society of the gods.
16세기 신교 세력이 성장 하면서 로마 교황이 군주들의 충성을 다지고자 하사했던 십자가이다. 표면이 황금으로 화려하게 도금되어 신교 측으로부터 타락한 구교의 상징이라며 크게 지탄을 받기도 하였다. 19세기까지는 단지 상징물로 취급 당할 뿐이었지만, 한 종교학자에 의해 성스러운 힘이 담겨져 있다는 사실이 밝혀졌다. 이 십자가는 16세기 클레멘스 9세 교황의 재위기간 동안 만들어진 것이라고 한다.	A cross the Pope bestowed on monarchs to secure their loyalty as Protestant power grew in the 16th century. Its surface is lavishly gilded, and the Protestants harshly condemned it as a symbol of the corrupt old Church. Until the 19th century it was treated as a mere symbol, but a scholar of religion revealed that it holds holy power. The cross is said to have been made during the reign of Pope Clement IX in the 16th century.
크리스마스 트리 조각은 모두 12종입니다. 12조각을 모두 모아 위치를 맞추어주면 예쁜 크리스마스 트리로 변하게 됩니다.	There are 12 kinds of Christmas tree pieces in all. Collect all 12 pieces and put them in the right places, and they turn into a pretty Christmas tree.
알베르투스가 만든 점토인형의 조각 입니다. 	A fragment of the clay figure made by Albertus.
고통의 십자가. 성직자들은 과거 예수님께서 겪으셨던 그 고통을 함께 하고자 이 십자가를 들었다. '비아돌로로사'는 라틴어로 '슬픔의 길' 이라는 뜻으로서 고통의 십자가에 그림 또는 조각으로 표시를 해놓고 그날의 슬픈 현장을 생생하게 느끼려 한다.	The Cross of Suffering. Clerics took up this cross to share in the suffering Jesus once endured. 'Via Dolorosa' is Latin for 'the Way of Sorrow'; it is painted or carved on the Cross of Suffering so as to feel vividly the sorrowful scene of that day.
펜타클의 상징은 피타고라스 학파의 사람들이 편지에 도장삼아 찍어 친구의 건강을 기원하곤 하던 상징이다. 펜타클은 손에서 펜을 한번도 떼지 않고 그릴 수 있는 오각형의 별을 말한다. 펜타클은 다양한 문화권에서 쓰이던 상징인데, 특히 고대 그리스에서는 건강의 여신인 휘기에이아(Hygieia)의 상징이기도 했다. 그래서 펜타클을 휘기에아의 상징(signum Hygeae), 혹은 건강의 상징(signum Salutatis) 등으로 부른다. 여기 보이는 상징은 이 휘기에이아의 상징인 펜타그램을 새겨넣은 서클릿으로서 부적으로 사용되는 것이다. 	The pentacle is a symbol the Pythagoreans stamped on their letters like a seal, wishing their friends good health. A pentacle is a five-pointed star that can be drawn without once lifting the pen. It was used in many cultures, and in ancient Greece in particular it was also the symbol of Hygieia, goddess of health. So the pentacle is called the sign of Hygieia (signum Hygeae) or the sign of health (signum Salutatis). What you see here is a circlet engraved with the pentagram, Hygieia's symbol, used as a talisman.
러시아 군부대에서 사용되던 L1소총을 개조한 저격용 총인 페룬은, 방아쇠 압력을 낮추고 일부 디자인을 바꾸는 정도로 꽤 괜찮은 저격 총으로 활용할 수 있었다. 하지만 소총을 개량한 덕에 그 이상을 명중률을 기대하기 어려웠고 신소재와 프레임의 발란스가 안 맞아 내구성이 약간 떨어진 단점이 있다.	The Perun, a sniper gun converted from the L1 rifle used by Russian army units, made quite a decent sniper gun with little more than a lighter trigger pull and a few design changes. But being an improved rifle, it could not be expected to be any more accurate than that, and its drawback is slightly lower durability because the new materials and the frame are out of balance.
퍼브 챠크람은 고대 인도 북부의 시크교도가 사용했다고 한다. 이 무기의 특이한 점은 ‘베는’ 투척무기라는 점인데 회전하면서 날아가는 사정거리가 40~50m이다. 실험에 의하면 30m 떨어진 곳의 직경 3cm의 대나무 줄기를 절단했다고 한다. 하지만, 현재 보통의 인간이 사용하기에는 체력과 기술이 부족한 터라, 챠크람은 거의 잊혀진 무기로서 박물관과 문서에서만 명맥을 잊고 있었다. 아우스터즈의 교육에 대하여 여러가지 연구를 하던 시오람은 자신이 인도여행 중 보게 되었던 챠크람이 아우스터즈가 육체의 힘과 기술을 수련하기 위하여 적합하다고 생각하게 되었다. 그는 자신의 지식과 손재주로, 시크교도들이 사용하였던 퍼브 챠크람을 재현하게 되었고, 그의 예상대로, 챠크람은 아우스터즈에게 최적의 무기가 되었다.	The Perv Chakram is said to have been used by the Sikhs of ancient northern India. What is unusual about this weapon is that it is a throwing weapon that 'cuts'; spinning in flight, it has a range of 40-50 m. In tests it reportedly severed a bamboo stalk 3 cm thick at 30 m. But ordinary humans today lack the strength and skill to use it, so the chakram became an almost forgotten weapon, surviving only in museums and documents. Sioram, who was researching many aspects of Ousters training, thought the chakram he had seen while traveling in India would be ideal for Ousters to train their bodily strength and skill. With his knowledge and craftsmanship he recreated the Perv Chakram the Sikhs had used, and just as he expected, the chakram became the perfect weapon for the Ousters.
고대 유럽인들의 주술문자인 룬문자를 결합시켜 만들어진 재물을 얻게 해주는 바인드룬의 형상을 모방한 챠크람이다. 룬문자는 북유럽 사람들이 기원후 1세기부터 중세시기까지 사용하였던 알파벳 체계이다. 룬문자는 글을 기록하기 위해서 사용되었을 뿐 아니라 마법과 점술에도 자주 이용된 신비스런 문자이다. 이 룬문자는 글자 하나하나에도 주술적 의미가 담겨져 있지만 그 주술 효과를 높이기 위해 몇개의 글자를 함께 묶어 새로운 기호를 만들어 사용하기도 했는데 이를 바인드룬(Bindrune)이라고 부른다. 이 바인드룬은 늘상 있게 마련인 사람들의 잔잔한 소망들 이루기 위해 사용했던 것이다. 	A chakram modeled on the shape of a bindrune that brings wealth, made by combining runes, the magical script of the ancient Europeans. Runes are an alphabet the peoples of Northern Europe used from the 1st century AD to the Middle Ages. They were a mysterious script used not only for writing but often for magic and divination as well. Each rune carries a magical meaning of its own, but to heighten the magical effect several runes were sometimes bound together into a new sign, called a bindrune. Bindrunes were used to fulfill the small wishes people always have.
펫의 속성을 초기화 시켜주는 아이템입니다. 2차 속성이 존재하거나 속성이 붙지 않은 10레벨 미만 펫에게는 사용할 수 없습니다. 속성이 초기화된 펫은 성장하지 않으니 주의하시기 바랍니다.	An item that resets a Pet's attributes. It cannot be used on Pets that have a second attribute, or on Pets under level 10 with no attribute. Note that a Pet whose attributes have been reset will no longer grow.
펫의 이름을 1회 변경할 수 있습니다.	Lets you change your Pet's name once.
모터사이클 "피닉스(Phoenix)"의 열쇠이다.	The key to the "Phoenix" Motorcycle.
금으로 만들어진 판대가 갑옷처럼 엮어져 만들어진 견고한 팔찌이다. 링 브레이슬릿과 마찬가지로 팔찌에 사용되는 판대의 두께에 따라서 강도와 세기가 달라진다. 플레이트 갑옷을 착용할 때 같이 사용하는 팔찌이다.	A sturdy bracelet made of gold plates linked together like armor. As with the Ring Bracelet, its strength depends on the thickness of the plates used. It is worn together with plate armor.
백금 장식이 달린 목걸이이다. 은의 쉽게 무르는 특성 때문에 은 펜던트에 백금을 씌운 것이다. 순수 은의 능력보다는 떨어지지만, 은 위에 덧씌어진 백금때문에 산(acid)에 강하다. 이전의 것들보다 내구성, 방어력 면이 향상된 것이다.	A necklace with a platinum ornament. Because silver softens easily, the silver pendant is coated in platinum. It falls short of the power of pure silver, but the platinum over the silver makes it resistant to acid. It improves on earlier pendants in durability and defense.
백금으로 만들어진 회오리 문양의 반지이다. 이 반지의 겉 표면의 문양인, 나선은 여러 가지의 힘이 혼합된 것으로 태양, 달, 대기,우주의 순환, 힘과 생명의 원천을 나타낸다. 이 반지는 착용하는 순간, 사용자에게 어떤 힘을 부여한다고 해서, 반지를 쟁취하기 위해 수많은 사람들이 전쟁을 치루기도 했었다. 그 힘에 대해서는 사실상 알려진 바는 없으나, 힘을 부여한다고 믿는 반지이다.	A swirl-patterned ring made of platinum. The spiral on its outer surface is a blend of many forces and represents the sun, the moon, the air, the cycles of the cosmos, and the source of power and life. Since this ring was said to grant some power to its wearer the moment it was put on, many people even went to war to win it. Nothing is actually known of that power, but it is a ring believed to grant power.
강력한 쾌락의 집념과 망상이 에너지의 형태로 응축되어 만들어진 유혹과 매혹의 폭탄으로 이 폭탄이 폭발하면 응축되어 있던 강한 사념으로 인하여 슬레이어나 아우스터즈의 경우 Mp 와 Ep 가 완전 고갈되며 일정 시간동안 회복과 치료가 불가능해 진다. 뱀파이어의 경우 이 가스에 노출되어 자제력을 잃으면 스킬의 사용이 불가능해 진다.	A bomb of temptation and allure, made of powerful obsessions and fantasies of pleasure condensed into energy. When it explodes, the intense thoughts condensed within completely drain the MP and EP of Slayers and Ousters, and for a certain time they cannot recover or be healed. Vampires exposed to this gas lose their self-control and become unable to use skills.
특수 우레탄 섬유로 만들어진 여자 뱀파이어용 슈트이다. 우레탄의 잘 늘어나지 않는 성질에 직접적으로 공격을 받을 수 있는 부분에는 유리섬유로 만들어진 플레이트를 부착하여 방어력을 부여하였다. 내구성에서는 뛰어난 이 슈트는 슬레이어의 기본적인 무기로는 쉽게 변형되지 않는다는 장점을 꼽을 수 있다. 뱀파이어들은 자신의 취향에 따라 이 슈트에 특별한 능력을 부여하는 마법을 사용한다.	A suit for female Vampires made of special urethane fiber. Since urethane barely stretches, plates of glass fiber were attached to the areas exposed to direct attack to give it defense. Highly durable, this suit has the advantage of not deforming easily under the Slayers' basic weapons. Vampires use magic to give this suit special abilities to suit their own taste.
일정시간 무기에 독 속성이 부여되어 공격 시 일정확률로 지속형 독 공격이 더해집니다. (6일간 사용)	Gives your weapon the poison attribute for a certain time, so your attacks have a chance to add a lasting poison attack. (Lasts 6 days)
형태 변화는 외부로부터 주어진 DNA에 의하여 그 형태가 변하는 일을 말합니다. 이 주사는 주인을 따르도록 되어 있는 ‘울프독, 센터우로, 스티지, 픽시’ 로 형태 변화 시킬 수 있습니다.	Polymorph means a change of form caused by DNA introduced from outside. This injection can change a Pet's form into one of the companions made to follow their master: 'Wolfdog, Centauro, Stirge, Pixie'.
Pomz 가 해체된 상태. 부비트랩대용으로 사용되는 이 지뢰는 땅속에 매설되는 부분인 나무 지지대, 뇌관 및 다량의 폭약이 들어있는 철제 원통과 두개의 지뢰를 잇는 기폭용 줄로 구성된다. 	Pomz in disassembled form. Used in place of a booby trap, this mine consists of a wooden stake that is buried in the ground, a steel cylinder holding the detonator and a large charge of explosive, and a trigger wire linking two mines.
모양이 투척용 수류탄과 흡사한 이 지뢰는 많은 종류의 변형이 있었다. 부비트랩처럼 수시로 설치할 수 있으며, 무리를 이루거나 최소한 한 줄에 4개 이상의 지뢰를 설치할 수 있다. 복잡하게 얽힌 기폭용 줄(tripwire)이 당겨짐으로써 고리가 해제되어 2~3초의 지연시간 후에 기폭 된다.	Shaped much like a hand grenade, this mine came in many variations. It can be set at any time like a booby trap, and can be laid in clusters or at least 4 to a line. When the tangle of trigger wires (tripwire) is pulled, the ring is released and the mine detonates after a 2-3 second delay.
로마 교황청에서 직접 제공하는 메이스, 이 메이스는 성직자 자신이 소유하는 것이 아니다. 이 메이스를 통해 성직자는 자신의 신념의 근원과 직접 연결 될 수 있다. 	A mace supplied directly by the Holy See in Rome; it is not the cleric's own property. Through this mace a cleric can connect directly with the source of his faith.
만일에 그 힘에 취해 마음속에 교만이나 불신의 감정이 생기는 성직자가 있다면 그는 이 메이스의 노예가 될 것이며, 평범한 몽둥이에 지나지 않는다. 에슬라니아에서 이 메이스를 보게 되는 뱀파이어는 이미 뱀파이어가 아니다.	Should any cleric become drunk on its power and let pride or unbelief take root in his heart, he will become a slave of this mace, and it will be nothing more than an ordinary club. Any Vampire who sees this mace in Eslania is already no longer a Vampire.
전장에 나서는 전사로 선택된 아우스터즈들은 기존의 밝고 투명한 분위기를 버리고 스스로를 어둠에 뭍어야만 했다. 그들의 의상은 죽음의 색이라 할 수 있는 어두운 보라빛으로 통일되어 있다. 보라색은 죽음을 의미하지만 동시에 고귀한 영혼을 뜻하는 색이기도 하며 죽음의 신에게 온전히 자신을 내맡긴다는 의지의 표명이기도 했다. 그들이 전장에서 죽음을 맡이하게 되면 보라빛의 의복은 그대로 그들의 수의가 되어 영혼의 회손을 막아줄 것이라 믿고 있다.	Ousters chosen as warriors to go to the battlefield had to abandon their usual bright, clear air and bury themselves in darkness. Their garb is uniformly a dark purple, the color of death. Purple signifies death but also a noble soul, and it was a declaration of their will to give themselves wholly to the god of death. They believe that if they meet death on the battlefield, their purple garments will become their shrouds and protect their souls from harm.
프리미엄 쿠폰입니다. 이 쿠폰은 블루 카오스 가디언을 잡으면 루팅되는 아이템입니다. 쿠폰을 50장 모으면 자동적으로 ‘프리미엄 1주일 교환권’으로 바뀌게 됩니다.	A Premium Coupon. It is looted from the Blue Chaos Guardian. Collect 50 coupons and they automatically turn into a 'Ticket to the Premium Zone'.
"바티칸 나이츠" (Vatican Knights)라는 천주교 직속 슬레이어 조직의 신부들이 사용하던 보호 장구이다. 가죽으로 손을 만들고 그 겉은 판금으로 씌워서 방어력과 활동성을 동시에 강조했다. 역시 신부의 장구답게 호화스러운 장식도 같이 되어 있다. 단, 손목 부위가 흰 천으로 되어 있어서 방어력이 떨어지는 단점을 가지고 있다. 손목부위의 흰 천 위에는 성서의 글귀가 붉은 색으로 적혀 있다. "내가 너희에서 악마를 물리칠 수 있는 지혜와 권능을 주노니, 너희는 나가서 용맹하게 싸워라! 내가 항상 너희와 함께 할 것이다" 방어력은 떨어지지만 성령의 힘이 깃든 장갑이다	Protective gear used by the priests of the "Vatican Knights", a Slayer organization directly under the Catholic Church. The hand is made of leather covered with sheet metal, stressing both defense and mobility. As befits a priest's gear, it is also lavishly decorated. However, the wrist is made of white cloth, which weakens its defense. On the white cloth at the wrist a verse of scripture is written in red: "I give you the wisdom and power to overcome the devil; go forth and fight bravely! I will always be with you." Its defense is lower, but it is a glove imbued with the power of the Holy Spirit
"바티칸 나이츠" (Vatican Knights)라는 천주교 직속 슬레이어 조직의 신부들이 사용하던 보호 장구이다. 가죽으로 손을 만들고 그 겉은 판금으로 씌워서 방어력과 활동성을 동시에 강조했다. 역시 신부의 장구답게 호화스러운 장식도 같이 되어 있다. 단, 손목 부위가 흰 천으로 되어 있어서 방어력이 떨어지는 단점을 가지고 있다. 손목부위의 흰 천 위에는 성서의 글귀가 붉은 색으로 적혀 있다. "내가 너희에서 악마를 물리칠 수 있는 지혜와 권능을 주노니, 너희는 나가서 용맹하게 싸워라! 내가 항상 너희와 함께 할 것이다" 방어력은 떨어지지만 성령의 힘이 깃든 장갑이다.	Protective gear used by the priests of the "Vatican Knights", a Slayer organization directly under the Catholic Church. The hand is made of leather covered with sheet metal, stressing both defense and mobility. As befits a priest's gear, it is also lavishly decorated. However, the wrist is made of white cloth, which weakens its defense. On the white cloth at the wrist a verse of scripture is written in red: "I give you the wisdom and power to overcome the devil; go forth and fight bravely! I will always be with you." Its defense is lower, but it is a glove imbued with the power of the Holy Spirit.
충절, 종교적 열정, 기원, 보증의 의미를 갖고 있는 귀단백석(noble opal)이라 하여, 보석으로서의 오팔은 이것을 말한다. 오팔은 중세에 ‘눈돌 ophtalmius’이라 하여 눈병을 고치고, 소유자의 모습이 보이지 않게 하였다고 한다. 또, 신성로마제국의 왕관에 장식된 돌은 밤에 빛을 발했다고 전해진다. 이 때부터 신성한 보석으로 칭송된 오팔은 모든 해악으로부터 지켜준다는 수호의 의미로 많은 이들에게 사랑 받게 되었다. 	Opal as a gem means the noble opal, which carries the meanings of loyalty, religious zeal, prayer and assurance. In the Middle Ages opal was called the 'eye stone' (ophtalmius), said to cure eye diseases and to make its owner invisible. The stone set in the crown of the Holy Roman Empire is also said to have shone at night. Praised as a sacred gem from then on, opal came to be loved by many as a symbol of protection from all harm.
로마 바티칸 교황청에서 하사한 사제들의 반지이다. 반지의 중앙에는 십자가가 달려있으며, 이 반지를 착용하는 순간부터 성스러운 신의 은총을 받는다고 믿고있다.	A priest's ring bestowed by the Holy See in the Vatican, Rome. A cross is set at its center, and it is believed that from the moment one puts on this ring one receives God's holy grace.
정령사들에게 있어서 가장 중요한 원소이자, 변화 그 자체를 의미하는 불을 시각화 한 서클릿이다.특히 위의 상징은 17세기 정령사들의 서적에 실린 삽화에서 유래하였다. 불 정령사들의 마법이란 '불에서 시작해서 불에서 끝난다'라고 할 정도로 불은 물질을 변성시키는데 있어서 가장 중요한 수단이었으며, 동시에 불은 불완전한 물질을 변성시켜, 통일되고 안정된 물질로 바꾸는 만큼 완전과 통일의 상징이기도 하다. 비단 불 속성 뿐 아니라 모든 정령 마법을 구사 함에 있어, 안정되며 완벽하게 시술 할 수 있는 도움을 준다.	A circlet that visualizes fire, the most important element to spirit mages and the embodiment of change itself. The symbol above comes in particular from an illustration in a 17th-century book by spirit mages. So central was fire that the magic of fire spirit mages was said to 'begin in fire and end in fire'; fire was the most important means of transmuting matter, and since it transmutes imperfect matter into unified, stable matter, it is also a symbol of perfection and unity. Not only for fire but for all spirit magic, it helps the wearer cast with stability and perfection.
프라우드 어페럴(180)은 30등급 이상의 여자 뱀파이어가 사용할 수 있는 코트입니다. 이 아이템은 기존 승직 코트에 올드 드롭을 인첸트 함으로써 얻을 수 있습니다.	Proud Apparel(180) is a coat usable by female Vampires of Advancement grade 30 or higher. This item is obtained by enchanting an existing Advancement Coat with an Old Drop.
프라우드 어페럴(195)은 45등급 이상의 여자 뱀파이어가 사용할 수 있는 코트입니다. 이 아이템은 기존 승직 코트에 올드 드롭을 인첸트 함으로써 얻을 수 있습니다.	Proud Apparel(195) is a coat usable by female Vampires of Advancement grade 45 or higher. This item is obtained by enchanting an existing Advancement Coat with an Old Drop.
프라우드 어페럴(215)은 65등급 이상의 여자 뱀파이어가 사용할 수 있는 코트입니다. 이 아이템은 기존 승직 코트에 올드 드롭을 인첸트 함으로써 얻을 수 있습니다.	Proud Apparel(215) is a coat usable by female Vampires of Advancement grade 65 or higher. This item is obtained by enchanting an existing Advancement Coat with an Old Drop.
프라우드 어페럴(230)은 80등급 이상의 여자 뱀파이어가 사용할 수 있는 코트입니다. 이 아이템은 기존 승직 코트에 올드 드롭을 인첸트 함으로써 얻을 수 있습니다.	Proud Apparel(230) is a coat usable by female Vampires of Advancement grade 80 or higher. This item is obtained by enchanting an existing Advancement Coat with an Old Drop.
프라우드 어페럴(250)은 100등급 이상의 여자 뱀파이어가 사용할 수 있는 코트입니다. 이 아이템은 기존 승직 코트에 올드 드롭을 인첸트 함으로써 얻을 수 있습니다.	Proud Apparel(250) is a coat usable by female Vampires of Advancement grade 100 or higher. This item is obtained by enchanting an existing Advancement Coat with an Old Drop.
푼고 메이스는 끝에 달린 육중한 무게의 쇠 구와 날카로운 침 봉으로 뼈를 부수고 가죽을 뭉개는 무서운 무기이다. 중세 파코미우스 수도원의 그릇된 믿음을 가지고 있었던 일부 수도자들에 의해 만들어진 것이라고 한다. 이들은 여호와의 뜻이라는 미명하에 자신들이 세운 믿음에 위배되는 사람들을 잔혹하게 처단하였고, 이들에 의해 억울한 누명을 쓰고 죽어간 사람들의 수는 셀 수도 없이 많았다고 한다. 150년 동안 지속된 이들의 악행은 1590년에 발각되어 고통스러운 죽음과 함께 종말을 맞이했다.	The Pungo Mace is a fearsome weapon that crushes bone and mangles flesh with the heavy iron ball and sharp spikes on its end. It is said to have been made by some monks of the medieval Pachomian monastery who held misguided beliefs. In the false name of Jehovah's will, they cruelly executed anyone who went against the faith they had set up, and the people who died at their hands under false accusations were beyond counting. Their atrocities, which lasted 150 years, were uncovered in 1590 and ended with their agonizing deaths.
특수한 마법이 걸려있는 아이템을 순수한 상태로 되돌리기 위해서는 마법 흡수를 가장 잘 할 수 있는 물체가 필요하다.	To return an item bearing special magic to a pure state, you need an object that absorbs magic as well as possible.
지금까지 발견된 것 중에는 퍼지 몬드가 가장 강력한 마법 흡수 능력을 갖고 있다고 전해진다. 퍼지 몬드는 아이템에 걸려있는 마법을 흡수하고 스스로 소멸 한다.	Of all such objects found so far, the Purge Mound is said to have the strongest power to absorb magic. The Purge Mound absorbs the magic on an item and then destroys itself.
축제용 연발 광역 폭죽입니다. 오른 클릭으로 폭죽을 사용하면 밤하늘을 아름답게 수놓아줍니다. 세발의 보라색 폭죽이 연속적으로 터지게 됩니다.	A festival multi-shot wide-area firecracker. Right-click to set it off and it will paint the night sky beautifully. Three purple firecrackers go off one after another.
축제용 광역 폭죽입니다. 오른 클릭으로 폭죽을 사용하면 밤하늘을 아름답게 수놓아줍니다. 세발의 보라색 폭죽이 동시에 터지게 됩니다.	A festival wide-area firecracker. Right-click to set it off and it will paint the night sky beautifully. Three purple firecrackers go off at once.
이 수류탄은 던지기 전에 타격을 가함으로써 신관이 작동하는 타격식 투척용으로, 막대 모양이다. 주변 5타일을 초토화 시키는 파괴력을 가진 폭탄으로 C4를 원료로 한다. (C4에 대한 설명은 bomb material을 읽어보기 바란다.)	A stick-shaped throwing grenade whose fuse is set off by striking it before it is thrown. A bomb made from C4, powerful enough to devastate 5 tiles around it. (For details on C4, read the bomb material description.)
이 검은 색의 전투 글러브는 아크릴 섬유에 우레탄을 덧대 만들어졌으며, 방습성과 통기성, 활동성, 내구성 등의 모든 면에서 완벽하다는 평가를 받고 있다. 관절의 움직임에 따라 동작 부위를 최적화한 곡선이 처리되어 단지 한겹의 피부가 더 덥혀져 있는 느낌을 줄 뿐이라고 한다. 특수 장갑을 전문적으로 생산하는 Supreme Gloves 사의 최신 개발품이다.	These black combat gloves are made of acrylic fiber backed with urethane, and are rated perfect in every respect: moisture resistance, breathability, mobility and durability. Their curves are shaped to optimize each moving part to the movement of the joints, so they are said to feel like no more than an extra layer of skin. The latest development from Supreme Gloves, a specialist maker of special gloves.
초 국적 거대 제약회사로 유명한 RESS 사가 MT 시리즈로 유명한 Buell 사를 인수해서 내 놓은 샷건의 초기형 모델로, VKU-2탄을 사용할 수 있다. 앨리게이터에서의 실험을 통해 개발한 완성형 총이다. 파괴력은 의심할 여지가 없으나 신뢰성에 있어서는 아직 미완성적인 작품이다. 근접 전에서는 "악마와 같은 힘"을 발휘하지만, 안정성 문제 때문에 현재 제한적으로 보급되어 있는 상태이다.	The initial shotgun model released by RESS, the multinational pharmaceutical giant, after it acquired Buell, famous for its MT series; it can use VKU-2 rounds. A finished gun developed through experiments with the Alligator. Its destructive power is beyond doubt, but its reliability is still a work in progress. In close combat it shows "demonic power", but because of stability issues it is currently issued only on a limited basis.
RESS사가 Buell사를 인수하기 전, 대형포유류를 일격에 사살할 수 있는 슈퍼샷건의 개조를 의뢰한 적이 있었다. 당시 뱀파이어의 생체학적 연구를 극비리에 진행했던 RESS사는 실제 뱀파이어의 조직을 보다 많이 입수할 필요가 있었기에, 뱀파이어를 생포하기 위한 용병 대를 구성해야만 했다. 그러나, 용병 대는 몰살당했고 RESS사는 결국 어떤 유용한 정보도 캐내지 못했다고 한다.이때, 시험모델 몇 개만 개발되고 실제로 생산라인은 가동되지 않았었다. 그러나, Buell 사가 인수된 이후 결국 이 시험모델은 Alligator 라는 이름으로 대량 생산되었다.	Before RESS acquired Buell, it once commissioned a modified super shotgun that could kill large mammals in a single shot. RESS, then secretly conducting biological research on Vampires, needed more actual Vampire tissue, so it had to form a mercenary unit to capture Vampires alive. But the mercenaries were wiped out, and RESS reportedly never extracted any useful information. At the time only a few test models were built, and no production line ever actually ran. After Buell was acquired, however, the test model was finally mass-produced under the name Alligator.
걸작 Hayabusa의 정밀사격 능력을 최대한데로 끌어올린 저격 총으로, 홀트의 라이벌 격이다. 잭 폴란이 전면에 나서서 제작한 이 총은 컴팩트한 디자인과 까다로운 사용법으로 이름이 높다. 한번 익숙해 지면 이보다 나은 SR도 없겠지만 처음 다루기가 힘들다 는 뜻에서 Tomboy라는 별칭이 있다.	A sniper gun that pushes the precision-shooting ability of the masterpiece Hayabusa to its limit, and a rival to the GX90 HOLT. Built under the personal lead of Jack Polan, it is renowned for its compact design and demanding handling. Once you are used to it there may be no better SR, but because it is hard to handle at first it has earned the nickname Tomboy.
센터우로를 원격으로 조종하기 위해서는 꼭 필요한 아이템이다. 이 콘트롤러는 라디오 주파수에 의해 센터우로를 조종할 수 있으며 최대 50M까지 유효 거리를 가지고 있다.	An essential item for remotely controlling the Centauro. This controller steers the Centauro by radio frequency and has an effective range of up to 50 m.
리트라 챠크람은 뱀 문양으로 이루어진 상징은 미로(Labyrinth)이면서 동시에 만달라(Mandala)라고 할 수 있다. 북아메리카의 인디언 부족인 나바호부족(Navajo) 사람들이 병의 치유를 위한 부적으로 사용했던 문양을 모방한 챠크람이다. 원래 만다라(Mandala)는 인도와 티벳 지방에서 명상을 위한 도구로 만들어진 신비한 그림을 말하는데, 그 형태는 미로(Labyrinth)를 연상시킨다. 미로의 상징적 의미는 자신의 본질을 나타내는 중심을 둘러 싸고 사악한 것이 접근하지 못하도록 보호해준다는 것이다. 나바호족은 뱀을 특별히 치유의 에너지를 가진 불멸의 신비한 존재로 여겼다. 챠크람의 중심에는 다섯가지 공간으로 구분된 손잡이가 있는데, 이것은 인간의 영혼을 이루고 있는 구성요소들의 통합을 상징한다. 따라서, 나바호족의 뱀 만달라는 인간의 영혼을 지키고 치유하는 강력한 상징이 되는 것이다.	The serpent-patterned symbol of the Raetra Chakram can be called both a labyrinth and a mandala. The chakram is modeled on a pattern that the Navajo, an Indian people of North America, used as a charm to heal illness. A mandala is originally a mystical picture made in India and Tibet as a tool for meditation, and its form recalls a labyrinth. The symbolic meaning of the labyrinth is that it surrounds the center, which represents one's true nature, and protects it from the approach of evil. The Navajo regarded the serpent as an immortal, mystical being with special healing energy. At the chakram's center is a grip divided into five spaces, symbolizing the unity of the elements that make up the human soul. The Navajo serpent mandala thus becomes a powerful symbol that guards and heals the human soul.
유대교의 대표상징인 '메노라(Menorah)'의 고대적 형상으로, 자연 에너지로부터 보다 강력한 지혜를 얻도록 돕는 종교적 상징이다. 하루 하루를 보다 짜임새 있고, 지혜롭고 살아야겠다고 다짐하는 사람들에게 특히 힘을 줄 수 있는 상징으로 이것을 방어구의 모양으로 만든 것이다.메노라(Menorah)는 일곱 개의 가지를 가진 큰 촛대로서,촛대는 빛의 나무를 상징한다. 그 빛은 주에게까지 비치고, 다른 빛들은 모두 그 빛을 향해 비친다'라는 언급이 있다. 먼저 일곱 개의 각 가지는 태양, 달과 수성, 목성, 금성, 토성, 화성 등의 다섯 행성을 나타냄과 동시에, 일주일의 칠일을 나타낸다. 우주 전체와 인간의 삶을 그리고 있다고 보아도 된다. 또한 이 촛대에 사용된 세 개의 U모양은 각각 지혜, 힘, 아름다움을 상징한다. 	An ancient form of the 'Menorah', the chief symbol of Judaism, a religious symbol that helps one draw greater wisdom from the energy of nature. This symbol, which gives strength especially to those resolved to live each day in a more ordered and wiser way, has been made into the shape of armor. The Menorah is a great seven-branched candlestick, and the candlestick symbolizes the tree of light. It is said that its light shines up to the Lord, and all other lights shine toward it. First, the seven branches represent the sun, the moon and the five planets Mercury, Jupiter, Venus, Saturn and Mars, and at the same time the seven days of the week. It may be seen as depicting the whole universe and human life. The three U shapes used in the candlestick symbolize wisdom, strength and beauty respectively.
란테 차크람(180)는 30등급 이상의 아우스터즈가 사용할 수 있는 차크람입니다. 이 아이템은 기존 승직 차크람에 올드 드롭을 인첸트 함으로써 얻을 수 있습니다.	Rantea Chakram(180) is a chakram usable by Ousters of Advancement grade 30 or higher. This item is obtained by enchanting an existing Advancement Chakram with an Old Drop.
란테 차크람(195)는 45등급 이상의 아우스터즈가 사용할 수 있는 차크람입니다. 이 아이템은 기존 승직 차크람에 올드 드롭을 인첸트 함으로써 얻을 수 있습니다.	Rantea Chakram(195) is a chakram usable by Ousters of Advancement grade 45 or higher. This item is obtained by enchanting an existing Advancement Chakram with an Old Drop.
물리 공격력 : +10	Physical Damage: +10
란테 차크람(215)는 65등급 이상의 아우스터즈가 사용할 수 있는 차크람입니다. 이 아이템은 기존 승직 차크람에 올드 드롭을 인첸트 함으로써 얻을 수 있습니다.	Rantea Chakram(215) is a chakram usable by Ousters of Advancement grade 65 or higher. This item is obtained by enchanting an existing Advancement Chakram with an Old Drop.
란테 차크람(230)는 80등급 이상의 아우스터즈가 사용할 수 있는 차크람입니다. 이 아이템은 기존 승직 차크람에 올드 드롭을 인첸트 함으로써 얻을 수 있습니다.	Rantea Chakram(230) is a chakram usable by Ousters of Advancement grade 80 or higher. This item is obtained by enchanting an existing Advancement Chakram with an Old Drop.
생명력(HP) : +1050	HP: +1050
물리 공격력 : +30	Physical Damage: +30
란테 차크람(250)는 100등급 이상의 아우스터즈가 사용할 수 있는 차크람입니다. 이 아이템은 기존 승직 차크람에 올드 드롭을 인첸트 함으로써 얻을 수 있습니다.	Rantea Chakram(250) is a chakram usable by Ousters of Advancement grade 100 or higher. This item is obtained by enchanting an existing Advancement Chakram with an Old Drop.
'Rebirth'(재생,부활)이라는 의미를 담고 있는 펜던트이다. 오각형 별꼴은 동경, 빛, 영적존재, 교육을 상징하며, 오각형의 다섯 개 꼭지 점은 각기 영(영혼), 공기, 불, 물, 땅을 나타낸다. 또한 카톨릭에서는 예수가 입은 다섯 군데의 성스러운 상처를 나타내기도 한다. 이 펜던트는 흑마법의 부활의식에 사용되었던 별 모양에서 따왔다고 한다.	A pendant carrying the meaning 'Rebirth' (regeneration, resurrection). The five-pointed star symbolizes aspiration, light, spiritual beings and education, and its five points represent spirit (soul), air, fire, water and earth. In Catholicism it also represents the five holy wounds of Jesus. This pendant is said to take its shape from the star used in black magic resurrection rites.
빨간색 떡국은 옵션이 없는 아이템에 STR+1을 부여할수있는 인첸트 송편으로 아이템 종류에 상관없이 무조건 인첸트에 성공할 수 있다.	The Red Rice Cake Soup is an enchant item that adds STR+1 to an item with no option, and the enchant always succeeds regardless of item type.
빨간색 송편은 옵션이 없는 아이템에 STR+1을 부여할수있는 인첸트 송편으로 아이템 종류에 상관없이 무조건 인첸트에 성공할 수 있다.	The Red Rice Cake is an enchant rice cake that adds STR+1 to an item with no option, and the enchant always succeeds regardless of item type.
레드 루비아떼 오토바이를 불러내기 위해 필요한 아이템이다. 루비아떼 오토바이를 불러내기 위해서는 루비아떼 키를 소지한 상태에서 오토바이 판매NPC에게 “제 오토바이를 찾고 싶습니다” 라고 말을 건네면 된다. 단, 유료 사용자일 경우 안전지대를 제외한 나머지 장소에서 루비아떼키를 오른마우스로 클릭하여 루비아떼 오토바이를 소환할 수 있다.	An item needed to call up the Red Rubiate motorcycle. To call up a Rubiate motorcycle, speak to the motorcycle vendor NPC while carrying the Rubiate Key and say "I would like to collect my motorcycle." Premium users, however, can summon the Rubiate motorcycle anywhere except safe zones by right-clicking the Rubiate Key.
빨강색은 고대부터 세계 각지의 제사나 주술의 의식속에서 마술적인 힘을 지닌 색으로 취급되어 왔다. 영어의 Red라는 단어에는 악마의 의미도 갖고 있다. 어쨌든 빨강은 인간의 심층심리에 있어서 선악을 초월한 강렬한 힘의 근원으로써의 상징성을 지니고 있다.	Since ancient times, red has been treated around the world as a color with magical power in rites and sorcery. The English word Red even carries a sense of the devil. In any case, deep in the human psyche red stands as a source of intense power beyond good and evil.
Red Star 아이템은 이벤트 아이템으로써 종족과 위치에 따라서 아래의 NPC 에게서 아이템 혹은 돈으로 교환할 수 있다.	The Red Star is an event item that can be exchanged for items or money with the NPCs below, depending on your race and location.
용도 : 별의 갯수가 20 / 40 / 60 / 80 / 100 개 일때 교환이 가능하며, Str 옵션이 붙은 고급 아이템 혹은 돈으로 교환할 수 있다.	Use: Stars can be exchanged when you have 20 / 40 / 60 / 80 / 100 of them, for high-grade items with a Str option or for money.
친구에게서 받은 크리스마스 선물~. 두근거리는 마음을 진정시키고 선물로 바꾸어주는 NPC에게로 가져가보세요. 행복한 크리스마스 되시고요.	A Christmas present from a friend! Calm your pounding heart and take it to the NPC who turns it into a present. Have a merry Christmas.
리피니움은 특정온도 하에서는 어떠한 물질도 정제해낼 수 있는 신비로운 광물로 에슬라니아의 광산왕이며 지독한 구두쇠로 소문났던 부르비아 2세의 소유지에서만 독점 생산되었습니다. 현재는 뱀파이어의 출현으로 인해 생산이 중지되고 보이지 않는 미로 갱도 속에 잠들어 있다고 합니다.	Refinium is a mysterious mineral that can refine any substance at a certain temperature; it was mined exclusively on the lands of Burbia II, Eslania's mining king and a notorious miser. Production has now stopped because of the Vampires' appearance, and it is said to lie dormant in the invisible labyrinth of the mine shafts.
바그 나우는 '호랑이의 손톱'이라는 의미를 갖는 인도의 무기로, 그 모양이나 상처 등으로도 이름의 유래를 알 수 있다. 원래의 크기는 손바닥에 들어갈 정도의 크기로 암살용으로 사용되었던 무기지만, 뱀파이어들은 자신들의 근력과 힘을 기르기 위하여 그 모양을 확장하여, 거대한 칼날이 이어진 모습으로 개량하였다.	The bagh nakh, meaning 'tiger's claw', is an Indian weapon whose name is explained by its shape and the wounds it leaves. Originally small enough to fit in the palm and used for assassination, it was enlarged by the Vampires to build up their strength and power, reshaped into a form with huge linked blades.
크로우 중에서도 상당히 긴편에 속하는 이 무기는 그 날의 길이만 해도 무려 50센티가 넘는다. 손잡이는 마호가니를 사용하였고 날부분은 인도 남부에서 생산된 흑단으로 제작되었으며, 길이가 긴만큼 다루기 어렵다는 단점을 보완하기 위해 가벼운 목재를 사용하였다. 일부 뱀파이어들은 목재 무기라며 이를 우습게 여기는 이도 있지만, 바늘로 찔러도 들어가지 않을 정도의 단단함을 가진 흑단 칼날이 눈앞을 스치고 나면 이내 입을 다물게 된다.	Rather long even for a claw, this weapon has blades over 50 cm long. The handle is mahogany and the blades are ebony from southern India; light wood was used to make up for how hard such a long weapon is to handle. Some Vampires sneer at it as a wooden weapon, but they soon fall silent once an ebony blade too hard for a needle to pierce flashes before their eyes.
그리스 정교는 가톨릭의 한 파였지만 로마 교황이란 자체가 정치적인 성향이 많다는 이유로 인정하지 않았다. 이로 인해 교황청과 그리스 정교회는 보이지 않는 대립관계에 있었다. 뱀파이어라는 공동의 적을 상대함에 있어서도 교황청의 주도하에 벌어지는 활동이란 이유로 정교회의 정식적인 지원은 이루어지지 않았지만 소속 수사들의 독립적인 활동에 제약을 두진 않았다. 이 수사들은 일반적인 십자가와 다른 등변 형태의 십자가를 통해 자신들의 신분을 표현했으며 신념에 따라 독자적으로 활동하는 이 수사들이 사용하는 십자가라는 의미에서 릴라이언트(Reliant)라 명칭이 붙었다.	The Greek Orthodox Church was once a branch of the Catholic faith, but it refused to recognize the Pope, holding that the office itself was too political. This left the Holy See and the Greek Orthodox Church in an unspoken rivalry. Even against the Vampires, their common enemy, the Orthodox Church gave no official support, since the campaign was led by the Holy See, but it placed no restrictions on the independent activities of its monks. These monks showed who they were with an equal-armed cross unlike the common cross, and as the cross of monks acting on their own convictions it was named Reliant.
제작연대가 14C말로 추정되는 이 스크롤은 흑마법 연구가 요벨에 의해 부활 마법의 비밀이 남겨져 있다는 사실이 보고된다. 또한 이 스크롤은 인간이 아닌 뱀파이어나 동물에게도 영향을 끼치며 친다고 한다.	This scroll, thought to date from the late 14th century, was reported by the black magic researcher Yobel to hold the secret of resurrection magic. The scroll is also said to affect not only humans but Vampires and animals as well.
리버스 닷 펜던트는 “부활” 이라는 고대문자를 응용해서 만들어졌다. 이 펜던트는 또 다른 이름으로 부활의 증명이라고도 불리우며, 부활을 꿈꾸는 아우스터즈들이 그들의 염원을 담아 늘 지니고 있는 상징적인 도구이기도 하다.	The Revers Dot Pendant was made using an ancient character meaning "resurrection". It is also known as the Proof of Resurrection, and is a symbolic token that Ousters dreaming of resurrection always carry, filled with their longing.
맨 처음 이 도가 에슬라니아 들어왔을 때 사람들은 무수히 많은 도 중 하나라고 생각했었다. 특징이라곤 도 끝에 달린 링이 전부였고 모양도 평범한 곡도 였기 때문이다. 하지만 곧 생각이 바뀌었다. 이 도에 수많은 고급뱀파이어들이 희생당했고 그 중에는 리더급 뱀파이어도 속해 있었다. 	When this blade first came to Eslania, people took it for just one of countless blades. Its only distinguishing feature was the ring at its tip, and in shape it was an ordinary curved blade. But they soon changed their minds. Many high-ranking Vampires fell to this blade, including leader-class Vampires.
티베트에서 들어 온 이 도는 도 끝의 링 하나 하나가 뱀파이어의 힘을 억제 시키는 특별한 힘을 지닌 링이었다. 공격할 때 마다 링에서 특유의 소리가 나며 단점은 공격속도가 느리다는 점 뿐이다.	Brought in from Tibet, this blade bore rings at its tip, each with a special power to suppress a Vampire's strength. The rings make a distinctive sound with every strike, and its only drawback is its slow attack speed.
은 고리로 엮어 만들어진 팔찌이다. 은 고리의 개수와 두께에 따라서 그 강도와 세기가 달라진다. 순수 은만으로 된 팔찌인 경우에는, 은 자체의 특성이 단단하지 않아 쉽게 부러질 수 있고 방어력이 떨어지기 때문에 다른 원소를 첨가하여 - 산에 강한 백금을 이용, 그것을 팔찌 틀에 씌워서 - 튼튼하게 만든다.	A bracelet made of linked silver rings. Its strength depends on the number and thickness of the rings. A bracelet of pure silver alone breaks easily and offers little defense because silver itself is not hard, so other elements are added to strengthen it: acid-resistant platinum is coated over the bracelet frame.
해골이 여럿이 붙어있는 고리모양의 뱀파이어용 반지이다. 달의 기운이 가장 왕성한 보름달이 뜨는 날 밤, 죽은 지 꼭 한달 된 시체의 무덤을 파서 해골을 꺼내 그것을 깎아 반지를 만든다고 한다. 전설에서 이 반지는 죽은 자를 소환하는데 사용했다고 해서 '소환의 반지'라고도 불리 운다. 사람의 뼈로 만든 이 반지는 일정기간 사용하면 부서진다. 때문에 보름달이 뜬 다음날이면, 반지를 만들기 위한 뱀파이어들로 인해 무덤가가 온통 벌집쑤셔놓은 것같이 파헤쳐져 있다고 한다.	A Vampire ring shaped like a loop of several skulls joined together. It is said to be made on the night of a full moon, when the moon's energy is strongest, by digging up the grave of a corpse dead exactly one month, taking out the skull and carving it into a ring. In legend this ring was used to summon the dead, so it is also called the 'Ring of Summoning'. Made of human bone, the ring breaks after a certain period of use. That is why, on the day after a full moon, the graveyards are said to be dug up like a kicked beehive by Vampires making rings.
2차 대전에서 사막의 여우로 칭송되었던 롬멜의 훈장. 그를 기리기 위해 E.V.E 에서 소중히 다루고 있는 물건이다.	The medal of Rommel, hailed as the Desert Fox in World War II. An object E.V.E. treasures in his honor.
가운데에 십자가는 '주'를 의미하며,옆에 박혀있는 작은 것들은'성모'를 의미한다. 묵주반지는 묵주기도 드릴 때 사용하는 반지로, 로사리오는 "장미꽃다발" 이란 뜻의 라틴 말이며, 서방교회에서 전례 되었다. 가장 널리 보급된 기도로, 성모님께서 도미니꼬 성인에게 발현하여 기도 방식을 알려 주었다는 설과 옛날 신자들이 시편 150편을 읽으면서 기도할 때 글을 모르는 사람들도 함께하기 위하여 주의 기도, 성모 송 150번을 하게 되었다는 설이 있다.	The cross in the middle stands for 'the Lord', and the small beads set beside it stand for 'the Holy Mother'. A rosary ring is used when praying the Rosary; rosario is Latin for "garland of roses", and the devotion was handed down in the Western Church. It is the most widely practiced prayer; one account holds that the Holy Mother appeared to Saint Dominic and taught him how to pray it, another that when early believers prayed by reading the 150 Psalms, those who could not read joined in by saying the Lord's Prayer and the Hail Mary 150 times.
슬레이어 검 계열의 사용자들이 기본적으로 착용하는 방어구이다. 고대 그리스에서 유래된 나무 방패 형식을 그대로 따르고 있으며, 안쪽에는 사용자가 손으로 잡을 수 있도록 가죽으로 된 벨트가 있다. 이 방패는 나무로 만들어서 내구성은 떨어지지만 전투를 치룰 수 있을 정도는 된다. 하지만 현재 대부분 연습용으로 사용이 되고 있다.	The basic armor worn by Slayers of the sword line. It follows the form of the wooden shield that originated in ancient Greece, with a leather strap inside for the user to grip. Being made of wood, this shield lacks durability but is good enough for battle. Today, however, it is mostly used for training.
Mammoth99 로 샷건의 강력한 파워를 다시 찾기는 했지만 휴대가 용이하지 않는다는 점에서 일반 슬레이어들은 휴대하기를 꺼려했다. 때문에 강력한 파이어 파워를 겸비하고 경량화에 치중한 것이 S-200이다. 총신의 재질을 첨단 합성 소재로 바꾸고 총의 사격 반동을 최소한으로 줄일 수 있는 AKS(Anti Kick System)의 기능을 탑재해서 현재 개발이 된 SG 계열 중 가장 신뢰 받고 있는 총이다. GOOSE의 제작사 smith에서 나온 제품으로 한방에 뱀파이어의 내장을 볼 수 있을 정도 화력이 강하다. 별칭은 "Storm" 단, 가격이 비싼 것이 일반 슬레이어들에게 접근하기 힘들게 한다.	The Mammoth99 brought back the mighty power of the shotgun, but ordinary Slayers were reluctant to carry it because it was hard to carry. So the S-200 was made to combine strong firepower with a focus on lightness. Its barrel was changed to a cutting-edge composite material and it is fitted with AKS (Anti Kick System), which minimizes recoil, making it the most trusted of all SG models developed so far. A product of Smith, maker of the GOOSE, its firepower is strong enough to show you a Vampire's guts in one shot. Its nickname is "Storm". However, its high price puts it out of reach of ordinary Slayers.
E.V.E 지원으로 개발한 S-EV11 산탄총은 신뢰성이 보장된 회전식 노리쇠 시스템을 사용함으로써 어떠한 극한 상황에서도 뛰어난 신뢰성을 자랑한다. 신형 E.V.E 산탄총은 표준형인 S-EV11, 길이를 짧게한 S-EV12 두 종류로 나눠진다. 그러나 길이를 제외한 모든 부속품은 같이 사용되며, 작동법 역시 동일하다.	Developed with E.V.E. support, the S-EV11 shotgun uses a proven rotating bolt system, giving it outstanding reliability in any extreme conditions. The new E.V.E. shotgun comes in two versions: the standard S-EV11 and the shortened S-EV12. However, apart from length they share all parts and operate the same way.
너클과 크로우의 장점을 모두 살린 이 무기는 크로우의 날카로움과 크루의 공격력이 조화를 이루고 있다. 본래 인간계의 무기 제조 업체인 SAV사에서 제작되었으나, 출고 직후 순전히 살상만을 목적으로 제작되었다고 하여 외면을 받아왔다. 생산이 중단되면서 남겨진 재고들은 비합법적인 경로를 통해 뱀파이어들의 수중에 들어왔으며, 실용성과 강력함에 매력을 느낀 많은 뱀파이어들 사이에서 고가에 매매되고 있다.	Combining the strengths of both knuckle and claw, this weapon blends the sharpness of a claw with the attack power of a knuckle. It was originally made by SAV, a human weapons maker, but right after release it was shunned for having been made purely for killing. When production stopped, the leftover stock found its way into Vampire hands through illegal channels, and it now sells at high prices among the many Vampires drawn to its practicality and power.
캐릭터의 성별을 전활 할 때 사용하는 아이템 입니다. 단, 성별을 전환할 시 착용하고 있는 의상(갑옷, 바지, 코트) 아이템을 해제 해야 합니다.	An item used to change your character's gender. However, before changing gender you must take off the clothing items you are wearing (armor, pants, coat).
SG(Shot Gun)계열의 모든 총에 쓰이는 탄으로, 16발, 단발식이다.	Shells used by all SG (Shot Gun) guns; 16 rounds, single-shot.
SG(Shot Gun)계열의 모든 총에 쓰이는 탄으로, 8발, 단발식이다.	Shells used by all SG (Shot Gun) guns; 8 rounds, single-shot.
SMG(Sub Machine Gun) 계열의 모든 총에 쓰이는 120발 탄창이다.	A 120-round magazine used by all SMG (Sub Machine Gun) guns.
SMG(Sub Machine Gun) 계열의 모든 총에 쓰이는 60발 탄창이다.	A 60-round magazine used by all SMG (Sub Machine Gun) guns.
SR(Sniper Rifle) 계열의 모든 총에 쓰이는 10발들이 탄창이다.	A 10-round magazine used by all SR (Sniper Rifle) guns.
SR(Sniper Rifle) 계열의 모든 총에 쓰이는 20발들이 탄창이다.	A 20-round magazine used by all SR (Sniper Rifle) guns.
웨폰마스터 카라스토예프가 만든 최초의 저격 총으로, POLAN 시리즈를 기본모델로 한다. 만족할만한 정밀도와 높은 신뢰성을 가진 총으로, 가벼우면서도 튼튼하고 관리가 용이하다. 카라스토예프만의 인체공학적 인 설계 덕택에 어떤 자세에서나 핀 포인트 사격이 가능한 총이다.	The first sniper gun made by weapon master Karastoyev, based on the POLAN series. A gun with satisfying precision and high reliability, light yet sturdy and easy to maintain. Thanks to Karastoyev's own ergonomic design, it allows pinpoint shooting from any position.
현대적인 디자인으로 유명한 SS 시리즈를 개조한 샷건인 Knockdown 은 실제로는 고전적인 설계원칙 하에 제작되었다. 총구에 산탄이 퍼지는 범위를 조절하는 가변초크가 달려있어 다목적으로 쓸 수 있다. 또한 VK탄, 강화 P-VK탄, S-VK탄 등 의 다양한 탄환을 자유롭게 사용할 수 있는 총이기도 하다.	The Knockdown, a shotgun modified from the SS series known for its modern design, was actually built on classic design principles. A variable choke on the muzzle adjusts the spread of the shot, allowing multipurpose use. It can also freely use a variety of rounds, such as VK, reinforced P-VK and S-VK rounds.
MOSSBERG MAVERICK 의 모델을 원형으로 하여 제작된 것으로, 권총의 그립 형태가 부착된 짧은 손잡이를 가지고 있다. 총신의 길이가 비교적 짧은 편에 속하는 산탄 총으로, 펌프 액션 방식을 따르고 있다. 이 총이 불꽃을 뿜은 자리에는 샤크초퍼란 이름 그대로 상어의 이빨이 쓸고 간 듯한 자국이 남는다고 한다.	Built on the MOSSBERG MAVERICK model, it has a short stock fitted with a pistol-style grip. A shotgun with a relatively short barrel, it uses pump action. True to the name SharkChopper, wherever this gun spits fire it is said to leave marks as if a shark's teeth had swept through.
반지를 끼고 있는 동안 반지에 녹아있는 수호정령의 힘으로 인해서 위험으로부터 벗어날 수 있는 능력을 지닌 링이다.세이프가드 링은 자신을 보호해 주는 역할 외에도 반지를 허공에 던져 반지에 녹아있는 정령의 빛을 이용해서 자신에게 닥친 위험을 동료들에게 알리는 도구로 사용되기도 한다.	A ring that lets its wearer escape danger through the power of a guardian spirit melted into it. Besides protecting its wearer, the Safeguard Ring is also used to warn comrades of danger by tossing it into the air and using the light of the spirit melted into it.
메이스 형태의 무기는 두꺼운 갑옷으로 중무장한 적을 상대할 때 효과적인 타격무기로 사용되었다. 하지만 금속 갑옷의 효용이 떨어짐과 함께 메이스의 가치 역시 떨어지게 되었고 단지 그 외형적인 폭력성을 부각시켜 힘이나 권력의 상징물로 여겨지게 되었다. 그랜터의 손에 들린 세일리언스 엣서 역시 위압감을 강조한 형태로서 직접적인 가격에 사용되지는 않는다. 하지만 무속성 물질인 금속으로 이루어져 그랜터들의 마법력을 효과적으로 전달시키는 매개체로서의 역할에 충실한 아이템으로 인정받고 있다. 	Mace-type weapons served as effective striking weapons against heavily armored foes. But as metal armor lost its usefulness, so did the mace, and it came to be seen merely as a symbol of strength or power that played up its outward violence. The Salience Asser in the hands of a Granter likewise has an intimidating form and is not used for direct blows. Yet, being made of metal, an attribute-free substance, it is recognized as an item that faithfully serves as a medium to channel the Granters' magic power effectively.
이 군화 몸체는 염화 비닐계 섬유인 사란을 재질로 사용하였고, 발목부분에는 일반적인 군화와는 다르게 단단하게 돌려 감쌀 수 있도록 넓적한 가죽 스트랩이 사용되었다. 일반 신발을 재질을 그대로 사용한 것이라, 대 뱀파이어전에서 사용하기에 내구성이 떨어진다는 단점이 있으나, 편리하기때문에 일반 슬레이어들 사이에서 널리 사용된다.	The body of these army boots is made of saran, a vinyl chloride fiber, and unlike ordinary army boots the ankle uses a wide leather strap that wraps tightly around it. Since they use the same materials as ordinary footwear, they lack durability for battle against Vampires, but they are convenient and widely used among ordinary Slayers.
기마병이 말 위에서 사용하기 위해 한 손으로 다룰 수 있을 만큼 가벼우면서 가능한 길게 만들어진 검이다.길이는 70~120cm, 무게는 1.7~2.4kg, 폭 2~4cm.찌르기 만을 위한 직선형이나 베기 위주의 곡선형의 중간을 택해 끝부분만이 둥그렇게 되어있는 것이 가장 보편적으로 사용되었다.	A sword made as long as possible while light enough for a cavalryman to wield one-handed on horseback. Length 70-120 cm, weight 1.7-2.4 kg, width 2-4 cm. The most common type took a middle path between the straight thrusting type and the curved slashing type, with only the tip rounded.
검의 끝부분에 있어서도 사용법에 따라 약간의 차이를 갖고 있는데, 찌르기 용은 창 모양의 끝을, 베기 용은 손도끼 모양의 끝을, 양쪽 모두에 사용할 목적으로는 보조칼날 형(False Edge; 검의 끝부분만이 양날로 이루어져 있어 그 길이가 검 날 전체길이의 1/3 이상일 때를 말한다.)의 끝을 가지고 있다.	The tips also differ slightly by use: thrusting swords have a spear-shaped tip, slashing swords a hatchet-shaped tip, and those meant for both a false-edge tip (False Edge: only the end of the sword is double-edged, and that part is at least 1/3 of the blade's total length).
모터사이클 "스콜피온(Scorpion)"의 열쇠이다.	The key to the "Scorpion" Motorcycle.
스크롤은 1인용으로, 성당 안의 신부 NPC가 판매한다. 각 Zone사이를 이동할 수 있게 해주는 Portal마법이 스크롤로 제공된다.	A scroll for a single person, sold by the priest NPC in the cathedral. It provides in scroll form the Portal spell, which lets you travel between Zones.
북유럽신화의 오딘(Odin)신의 상징인 ‘오딘스 휠’ 로, 남성적 힘을 담고 있으며 특히 남성을 위한 행운의 상징을 반지의 문양으로 담은 것이다. 북유럽에는 이러한 바퀴의 모습을 한 상징이 자주 눈에 띄는데, 오딘의 상징인 동시에 마술적인 힘을 나타내며, 그중에서도 남성의 마술력을 상징한다. 네잎 클로버와 마찬가지로 행운의 상징이기도 하다.	The 'Odin's Wheel', symbol of the Norse god Odin, carries masculine power; its pattern bears a symbol of good luck, especially for men. Wheel-shaped symbols like this are often seen in Northern Europe; besides being Odin's symbol they represent magical power, especially male magical power. Like the four-leaf clover, it is also a symbol of good luck.
뱀파이어가 이 혈청이 담긴 팩을 복용하면, 즉시 삼투압으로 혈청성분이 온몸으로 퍼지면서 재생 속도가 평상시보다 훨씬 증가하게 된다.	When a Vampire takes a pack of this Serum, osmotic pressure instantly spreads the serum through the whole body, raising the regeneration rate far above normal.
이 도의 형태는 다수의 적을 베기 위해 탄생한 듯 하다. 세버드블레이드의 가장 큰 특징은 끝을 뭉툭하게 그냥 잘라내 버린 듯한 형태로 도 자루에서부터 도 끝으로 갈수록 넓어진다.	This blade seems born to cut down many foes. The Severed Blade's most distinctive feature is its form, as if the tip had simply been lopped off blunt, widening from the hilt toward the tip.
기술만을 중요시 하던 무사 슬레이어들 사이에서 이슈를 낳기도 한 이 도는 "힘만 남아 도는 망나니가 쓰는 흉기"라는 소리를 듣기도 했으나 실제로는 "검 호"의 칭송을 받았던 한 슬레이어가 자신만의 도법개발을 위해 만들어 사용했었다. 무게 중심이 끝에 있어 도를 휘두를 때마다 파워와 스피드를 느낄 수 있으며 수많은 뱀파이어의 머리를 공중으로 날려버린 도이다.	This blade stirred controversy among swordsman Slayers who valued technique alone, and was even called "a thug's weapon for brutes with strength to spare", but in fact it was made and used by a Slayer hailed as a "master swordsman" to develop a sword style of his own. With its center of gravity at the tip, every swing carries power and speed, and it has sent the heads of countless Vampires flying.
어둠의 정령인 셰이드는 윌 오 위스프의 반대 속성을 지녔다. 세상 모든곳에 존재하는 윌 오 위스프 때문에 안식이 불가능하다고 판단된 신은, 셰이드를 만들어, 셰이드가 있는곳에는 윌 오 위스프가 존재할 수 없게 만들어, 생물의 안식을 가능하게 하였다. 달리 안식의 정령이라고도  불린다. 모든 것을 삼킬 듯한 어둠의 힘을 갖고 있는 이 정령은 모든 정령사들에게 금기시 되는 소환술이였다. 그 강대한 힘을 제어 할 수 있는 방법이 없었기에 아무리 위대한 정령사들도 셰이드를 함부로 다루지 못하였다. 고심하던 정령사들은 셰이드의 위험할 정도의 강력한 힘을 분산하는 방법을 택하였고, 자신들의 물건에 이들의 힘을 깃들게하여, 항시 자신들의 마력으로 그들의 힘을 제어했다고 한다. 셰이드의 힘이 깃든 물건은 찾기 힘들 뿐더러, 이를 사용한다는 것은 자신의 목숨을 걸어야 할 말큼 위험한 일이라고 한다. 	Shade, the spirit of darkness, has the opposite attribute to the Will O' the Wisp. The god, judging that rest was impossible because of the Will O' the Wisps present everywhere in the world, created Shade so that no Will O' the Wisp could exist wherever Shade was, making rest possible for living things. Shade is also called the spirit of rest. Holding a power of darkness that seems to swallow everything, this spirit was a summoning forbidden to all spirit mages. There was no way to control its immense power, so even the greatest spirit mages could not handle Shade lightly. After much deliberation the spirit mages chose to divide Shade's dangerously strong power, imbuing their belongings with it and constantly controlling that power with their own magic. Objects holding Shade's power are hard to find, and using one is said to be so dangerous that you must stake your life on it.
쉘 가드(180)는 30등급 이상의 남자 슬레이어가 사용할 수 있는 하의입니다. 이 아이템은 기존 승직 하의에 올드 드롭을 인첸트 함으로써 얻을 수 있습니다.	Shell Guard(180) is lower-body armor usable by male Slayers of Advancement grade 30 or higher. This item is obtained by enchanting existing Advancement lower-body armor with an Old Drop.
쉘 가드(180)는 30등급 이상의 여자 슬레이어가 사용할 수 있는 하의입니다. 이 아이템은 기존 승직 하의에 올드 드롭을 인첸트 함으로써 얻을 수 있습니다.	Shell Guard(180) is lower-body armor usable by female Slayers of Advancement grade 30 or higher. This item is obtained by enchanting existing Advancement lower-body armor with an Old Drop.
쉘 가드(195)는 45등급 이상의 남자 슬레이어가 사용할 수 있는 하의입니다. 이 아이템은 기존 승직 하의에 올드 드롭을 인첸트 함으로써 얻을 수 있습니다.	Shell Guard(195) is lower-body armor usable by male Slayers of Advancement grade 45 or higher. This item is obtained by enchanting existing Advancement lower-body armor with an Old Drop.
쉘 가드(195)는 45등급 이상의 여자 슬레이어가 사용할 수 있는 하의입니다. 이 아이템은 기존 승직 하의에 올드 드롭을 인첸트 함으로써 얻을 수 있습니다.	Shell Guard(195) is lower-body armor usable by female Slayers of Advancement grade 45 or higher. This item is obtained by enchanting existing Advancement lower-body armor with an Old Drop.
쉘 가드(215)는 65등급 이상의 남자 슬레이어가 사용할 수 있는 하의입니다. 이 아이템은 기존 승직 하의에 올드 드롭을 인첸트 함으로써 얻을 수 있습니다.	Shell Guard(215) is lower-body armor usable by male Slayers of Advancement grade 65 or higher. This item is obtained by enchanting existing Advancement lower-body armor with an Old Drop.
쉘 가드(215)는 65등급 이상의 여자 슬레이어가 사용할 수 있는 하의입니다. 이 아이템은 기존 승직 하의에 올드 드롭을 인첸트 함으로써 얻을 수 있습니다.	The Shell Guard (215) is lower-body armor for female Slayers of Advancement grade 65 and above. It can be obtained by enchanting existing Advancement lower-body armor with an Old Drop.
쉘 가드(230)는 80등급 이상의 남자 슬레이어가 사용할 수 있는 하의입니다. 이 아이템은 기존 승직 하의에 올드 드롭을 인첸트 함으로써 얻을 수 있습니다.	The Shell Guard (230) is lower-body armor for male Slayers of Advancement grade 80 and above. It can be obtained by enchanting existing Advancement lower-body armor with an Old Drop.
쉘 가드(230)는 80등급 이상의 여자 슬레이어가 사용할 수 있는 하의입니다. 이 아이템은 기존 승직 하의에 올드 드롭을 인첸트 함으로써 얻을 수 있습니다.	The Shell Guard (230) is lower-body armor for female Slayers of Advancement grade 80 and above. It can be obtained by enchanting existing Advancement lower-body armor with an Old Drop.
쉘 가드(250)는 100등급 이상의 남자 슬레이어가 사용할 수 있는 하의입니다. 이 아이템은 기존 승직 하의에 올드 드롭을 인첸트 함으로써 얻을 수 있습니다.	The Shell Guard (250) is lower-body armor for male Slayers of Advancement grade 100 and above. It can be obtained by enchanting existing Advancement lower-body armor with an Old Drop.
쉘 가드(250)는 100등급 이상의 여자 슬레이어가 사용할 수 있는 하의입니다. 이 아이템은 기존 승직 하의에 올드 드롭을 인첸트 함으로써 얻을 수 있습니다.	The Shell Guard (250) is lower-body armor for female Slayers of Advancement grade 100 and above. It can be obtained by enchanting existing Advancement lower-body armor with an Old Drop.
로마의 장군이자 정치가인 아그리파가 사용하던 방패의 모양을 본따서 만든 것이다. 표면의 재질은 크롬과 니켈의 특수 합금강 처리를 해서 튼튼하나 이로 인해 무게가 많이 나간다는 단점이 있다.	Modeled on the shield once carried by Agrippa, the Roman general and statesman. Its surface is treated with a special chrome-nickel alloy steel, which makes it sturdy but also gives it the drawback of being very heavy.
세공자가 누군지는 모르지만, 단순한 사각의 방패 모양으로 되어 있고, 보석이 없지만, 붉은색 구리는 구리라기 보다는 금에 가까울 정도의 광을 내고 있기 때문에 금에 붉은 피가 섞여 있기 때문이라는 소문도 있습니다. 어찌 되었든 세공자의 세심한 덕분에 이 귀걸이를 착용한 뱀파이어를 보호할 수 있는 피의 축복이 어려 있어 전투에서 부상을 크게 줄일 수 있습니다.	No one knows who crafted it. It has the shape of a simple square shield and bears no gems, but its red copper shines so brightly that it looks closer to gold than copper, and rumor has it that this is because the gold is mixed with red blood. Whatever the truth, thanks to the craftsman's meticulous care it holds a blessing of blood that protects the Vampire who wears this earring, greatly reducing the wounds taken in battle.
두개의 폭탄사이에 발목 정도 높이의 투명한 실(납선)을 뇌관으로 사용하는 폭탄으로 강한 파괴력을 자랑한다. TNT를 사용했었으나, 현재는 C4를 사용한다. 폭발반응이 신속하며 폭굉, 즉 충격파를 수반한 폭발을 유도한다.	A bomb that uses a transparent thread (lead wire) strung at ankle height between two charges as its trigger, and it boasts great destructive power. It once used TNT but now uses C4. It reacts quickly and produces a detonation, that is, an explosion accompanied by a shock wave.
황금빛 머리를 가졌다는 여신 지프의 이름이 붙은 하드 너클이다. 태양의 이글거리는 불꽃을 연상케하는 화려한 칼날이 붙어있으며, 가벼우면서도 뛰어난 공격력을 가져 투터운 매니아층을 확보하고 있다. 금색으로 빛나는 화려한 외관은 멀리서도 쉽게 눈에 띄여, 이를 손에 쥔 뱀파이어를 본 슬레이어들에게 공포감을 심어주기에 충분하다.	A hard knuckle named after Sif, the goddess said to have golden hair. It bears a flamboyant blade reminiscent of the sun's blazing flames, and being light yet powerful it has won a devoted following. Its dazzling golden look catches the eye even from afar, enough to strike fear into any Slayer who sees a Vampire holding it.
20자 내외의 알림 글을 작성하여 임의의 장소에 푯말로 세워 둘 수 있다.(6시간 사용가능)	Lets you write a notice of about 20 characters and set it up as a signpost anywhere you like. (Usable for 6 hours)
20자 내외의 알림 글을 작성하여 임의의 장소에 푯말로 세워 둘 수 있다.(12시간 사용가능)	Lets you write a notice of about 20 characters and set it up as a signpost anywhere you like. (Usable for 12 hours)
20자 내외의 알림 글을 작성하여 임의의 장소에 푯말로 세워 둘 수 있다.(24시간 사용가능)	Lets you write a notice of about 20 characters and set it up as a signpost anywhere you like. (Usable for 24 hours)
AR(Assault Rifle) 계열의 모든 총에 쓰이는 은도금 탄으로 뱀파이어에게 대미지를 더 줄 수 있다. 20발들이 탄창.	Silver-plated rounds for all AR (Assault Rifle) guns that deal extra damage to Vampires. A 20-round magazine.
AR(Assault Rifle) 계열의 모든 총에 쓰이는 은도금 탄으로 뱀파이어에게 대미지를 더 줄 수 있다. 40발들이 탄창.	Silver-plated rounds for all AR (Assault Rifle) guns that deal extra damage to Vampires. A 40-round magazine.
은으로 도금한 십자가. 처음 성직자가 받게 되는 십자가이다. 견습성직자 들은 이 십자가를 들고 항상 자신의 길을 되돌아 보며 빛의 길을 걸으려 노력했다.	A silver-plated cross, the first cross a cleric receives. Apprentice clerics carried this cross, always looking back on their own path as they strove to walk the path of light.
은으로 만든 뱀파이어용 귀걸이다. 실버링과 한세트를 이루는 귀걸이로 뱀파이어의 은에 대한내성을 강화시키기위해 고안된 귀걸이이다. 아래의 원형 부분에 마녀의 축복 주문이 새겨져있어 '어둠의 축복' 혹은 '새벽의 입맞춤'이라는 별명이 있는 귀걸이이다. 	A Vampire earring made of silver. It forms a set with the Silver Ring and was designed to strengthen a Vampire's resistance to silver. A witch's blessing spell is engraved on the round part at the bottom, earning it the nicknames 'Blessing of Darkness' and 'Kiss of Dawn'.
메이스 전체가 은으로 이루어진 메이스, 기본적인 생김새는 아이언 메이스와 똑같다. 기본적인 아이언 메이스 의 파워에 은의 힘을 더해 안정적인 메이스다. 실버 메이스의 자루 부분은 두 개 의 봉을 서로 꼬아서 가공했으며 뭉치 부분은 은에 첨가물을 더해 자신들 교회의 심벌과 함께 가공되어 있다.	A mace made entirely of silver, identical in basic shape to the Iron Mace. It adds the power of silver to the basic power of the Iron Mace, making it a dependable mace. The shaft of the Silver Mace is made of two rods twisted together, and the head is worked from silver with additives, together with the symbol of its owners' church.
지방마다 서로 다른 소재의 메이스를 사용했으나 가장 많은 사용 된 것이 "은"이다.	Each region used maces of different materials, but the most widely used was "silver".
은으로 만든 뱀파이어용 반지이다. 뱀파이어의 은에 대한 내성을 강화시키기 위해 고안된 반지로, 레이스 브레이슬릿과 같은 방법으로 만들어졌다. 가운데 박혀 있는 원석은 자수정으로 이것을 사용한 사람에게는 태초의 어둠의 종족의 지혜를 받을 수 있다는 전설이 전해져, '지혜의 반지'라고도 불리 운다.	A Vampire ring made of silver. Designed to strengthen a Vampire's resistance to silver, it is made in the same way as the Lace Bracelet. The stone set in the middle is an amethyst, and legend says that whoever uses it may receive the wisdom of the primordial race of darkness, so it is also called the 'Ring of Wisdom'.
SG(Shot Gun)계열의 총에 쓰이는 은도금 탄으로 뱀파이어에게 대미지를 더 줄 수 있다. 16발, 단발식이다.	Silver-plated shells for SG (Shot Gun) guns that deal extra damage to Vampires. 16 shells, single-loaded.
SG(Shot Gun)계열의 총에 쓰이는 은도금 탄으로 뱀파이어에게 대미지를 더 줄 수 있다. 8발, 단발식이다.	Silver-plated shells for SG (Shot Gun) guns that deal extra damage to Vampires. 8 shells, single-loaded.
SMG(Sub Machine Gun) 계열의 모든 총에 쓰이는 은도금 탄으로 뱀파이어에게 대미지를 더 줄 수 있다. 120발 탄창.	Silver-plated rounds for all SMG (Sub Machine Gun) guns that deal extra damage to Vampires. A 120-round magazine.
SMG(Sub Machine Gun) 계열의 모든 총에 쓰이는 은도금 탄으로 뱀파이어에게 대미지를 더 줄 수 있다. 60발 탄창.	Silver-plated rounds for all SMG (Sub Machine Gun) guns that deal extra damage to Vampires. A 60-round magazine.
SR(Sniper Rifle) 계열의 모든 총에 쓰이는 은도금 탄으로 뱀파이어에게 대미지를 더 줄 수 있다. 10발들이 탄창.	Silver-plated rounds for all SR (Sniper Rifle) guns that deal extra damage to Vampires. A 10-round magazine.
SR(Sniper Rifle) 계열의 모든 총에 쓰이는 은도금 탄으로 뱀파이어에게 대미지를 더 줄 수 있다. 20발들이 탄창.	Silver-plated rounds for all SR (Sniper Rifle) guns that deal extra damage to Vampires. A 20-round magazine.
물푸레나무의 정령인 멜리아. 청공의 신의 피가 대지에 떨어졌을 때 태어났다고 전해진다. 고대 그리스의 시인 헤시오드는 [일과 나날]중에서 신들이 만든 인간의 역사를 다섯 개의 종족으로 분류해서 이야기하고 있는데, 그중 세번 째에 해당하는 청동종족이 실은 물푸레나무에서 태어났다고 한다. 이런 탓인지 물푸레나무의 정령인 멜리아를 인간의 선조로 보는 시각도 있다. 하지만 이들은 현재 이들은 인간들에 의하여 파괴된 자연에 의하여 그들의 명맥을 이어가기 어려운 상황이며, 인간을 심히 두려워하고 있다. 그들은 자신들이 살고 있는 지역이 오염되면 죽음을 맞이 하게 되는데 이 때, 자신들이 머리에 하고 있던 서클릿 만을 남겨두고 완전히 자취 없이 사라진다고 한다. 	Melia, the spirit of the ash tree, is said to have been born when the blood of the sky god fell upon the earth. In "Works and Days" the ancient Greek poet Hesiod divides the history of the humans made by the gods into five races, and the third of these, the race of bronze, is said to have actually been born from ash trees. Perhaps for this reason, some regard the ash spirit Melia as the ancestor of humankind. Today, however, with nature destroyed by humans, they can barely survive, and they are deeply afraid of humans. When the land they live in is polluted they die, and at that moment they vanish without a trace, leaving behind only the circlet they wore on their heads.
하얀 말 두 마리가 서로 다른 방향을 보고 있는 모양의 펜던트가 달린 슬레이어용 목걸이이다. 펜던트의 모양이 그리스 신화에 나오는 태양 신의 전차를 끄는 백마를 닮았다 하여, '천상 군주의 말' 이라고도 불리 운다. 날개가 달린 전설의 말은 구름같이 사뿐히 날아오르며 번개같이 날쌔다고 하며, 이것을 착용하면 행동이 민첩해 진다는 설이 있다. 펜던트로 사용된 두 하얀 말은 왼쪽은 죽음과 달을, 반대의 것은 생명과 태양을 의미하고 있다.	A Slayer necklace with a pendant of two white horses facing in opposite directions. Because the pendant resembles the white horses that draw the sun god's chariot in Greek myth, it is also called 'Steeds of the Heavenly Lord'. The winged horses of legend are said to rise as lightly as clouds and run as swiftly as lightning, and it is said that wearing it makes one's movements nimble. Of the two white horses on the pendant, the left one stands for death and the moon, the other for life and the sun.
매혹의 정령 이라는 이름으로 전해지는 보석 시뉴이는 그 독특한 아름다움만으로 많은 수집가들의 부러움의 대상이 되었다. 하지만 가장 큰 특징은 정령을 다스릴 수 있다는 사실이었다. 이는 시뉴이의 아름다움에 반해 정령 스스로가 보석 속에 들어가기를 원하고 이렇게 만들어진 시뉴이의 펜던트는 정령의 능력을 다스릴 수 있다고 한다.	The gem Sinui, handed down under the name 'Spirit of Enchantment', became the envy of many collectors for its unique beauty alone. Its greatest trait, however, was that it could command spirits. Enthralled by Sinui's beauty, spirits long to enter the gem of their own accord, and a Sinui's Pendant made this way is said to command the powers of spirits.
사이렌은 시칠리아섬 근처 작은 섬에 살면서 고운 목소리로 노래를 불러 선원들을 유인, 파멸시켰다고 합니다. 이아손이 이끄는 아르고호의 원정때에는 그 섬 근처에 이르렀을 때 오르페우스가 열심히 수금을 타 그녀들의 노래에 대항함으로써 원정군을 무사히 지켰습니다.	The Sirens lived on a small island near Sicily and are said to have lured sailors to their doom by singing in lovely voices. When the Argonauts led by Jason came near the island, Orpheus played his lyre with all his might to counter their song and kept the expedition safe.
또 트로이 전쟁후 귀국길에 오른 오디세우스의 배가 그곳을 지나칠 때에는 키르케의 충고에 따라 부하들의 귀를 밀랍으로 막고 자신을 배의 돛대에 묶어 놓게 함으로써 그만은 그녀들의 노래소리를 들으면서도 무사히 그곳을 통과할 수가 있었다고 합니다.	Later, when Odysseus's ship passed by on the way home from the Trojan War, he followed Circe's advice, stopped his men's ears with wax and had himself bound to the mast, so that he alone heard their song and still passed by unharmed.
그 후 그녀들은 인간에게 패한 것을 후회하여 바다에 투신 자살했다고 합니다.	After that, the Sirens regretted being beaten by humans and are said to have thrown themselves into the sea.
일반적인 용도로 사용하는 피부색 변경 약이다.	A skin-color changing potion for general use.
뱀파이어의 두개골 뼈를 이용하여 만든 목걸이이다. 언제인지 정확히 알 수 없는 초기 뱀파이어의 두개골 뼈로 만들어진 펜던트는 오랜 세월을 전해오면서 그것을 사용했던 뱀파이어들의 힘을 흡수하여 그 동안의 쌓여온 힘에 의해 큰 위력을 발휘할 수 있다고 한다. 하지만 그것 또한 사용하는 사용자의 힘에 따라 다르게 나타날 수 있으며, 약한 뱀파이어의 경우 피를 빨리는 역효과가 나타날 수 있다고 한다.	A necklace made from a Vampire's skull. The pendant, made from the skull of an early Vampire of unknown age, has absorbed the power of the Vampires who used it over the long years it was handed down, and that accumulated power is said to let it unleash great might. However, its effect can vary with the strength of the wearer, and a weak Vampire may suffer the reverse effect of having their blood drained.
불멸의 상징인 리치들의 성물로 완전한 파괴 혹은 완전한 죽음을 일컽는 저주의 귀걸이이다. 이 귀걸이의 재질은 겉으로 보기엔 금으로 보이지만 사실은 한 연금술사가 만들어 낸 어둠의 금속이다. 어둠의 금속은 마녀사냥의 제물로 오해받아 죽은 아내를 위해, 자기자신의 몸을 희생해 만들어낸 귀걸이며, 아래에 매달린 해골은 자기 자식의 두개골로 조각되었다고한다. 이 귀걸이를 착용하는 뱀파이어는 영원한 파괴의 본능만을 느끼게 된다.	A cursed earring, a relic of the Liches, symbols of immortality, whose name means total destruction or total death. The earring looks like gold on the outside, but it is actually a metal of darkness created by an alchemist. He made the earring from this metal of darkness by sacrificing his own body for his wife, who died after being mistaken for a witch and burned in a witch hunt, and the skull hanging from it is said to be carved from his own child's skull. A Vampire who wears this earring feels nothing but an eternal instinct for destruction.
스카이 루비아떼 오토바이를 불러내기 위해 필요한 아이템이다. 루비아떼 오토바이를 불러내기 위해서는 루비아떼 키를 소지한 상태에서 오토바이 판매NPC에게 “제 오토바이를 찾고 싶습니다” 라고 말을 건네면 된다. 단, 유료 사용자일 경우 안전지대를 제외한 나머지 장소에서 루비아떼키를 오른마우스로 클릭하여 루비아떼 오토바이를 소환할 수 있다.	An item needed to call up the Sky Rubiate Motorcycle. To call up a Rubiate Motorcycle, carry the Rubiate Key and say "I would like to collect my motorcycle." to the Motorcycle dealer NPC. Premium users, however, can summon the Rubiate Motorcycle anywhere except safe zones by right-clicking the Rubiate Key.
축제용 연발 광역 폭죽입니다. 오른 클릭으로 폭죽을 사용하면 밤하늘을 아름답게 수놓아줍니다. 세발의 하늘색 폭죽이 연속적으로 터지게 됩니다.	A festival multi-shot wide-area firecracker. Right-click to set it off and it will paint the night sky beautifully. Three sky-blue firecrackers go off one after another.
축제용 광역 폭죽입니다. 오른 클릭으로 폭죽을 사용하면 밤하늘을 아름답게 수놓아줍니다. 세발의 하늘색 폭죽이 동시에 터지게 됩니다.	A festival wide-area firecracker. Right-click to set it off and it will paint the night sky beautifully. Three sky-blue firecrackers go off at once.
전투 부대 침투조에게 지급되는 남성용 전투복으로, 매복 전투 시에는 최적의 보호색을 띄고 있기로 유명하다. 경량화와 다이나믹한 활동화는 활동하는데에 무리없게 제작되었으나, 그 부분에 치중한 나머지 대 뱀파이어 전에서의 방어도가 좀 떨어지는 단점을 가지고 있다. 뱀파이어의 공격에 대한 방어도가 낮아 슬레이어들은 종종 임무 수행 시 부상을 당하기도 한다. 각 관절에는 보호대를 덧대어 방어도를 높여주었다.	Men's combat wear issued to the infiltration squads of combat units, famous for its ideal camouflage in ambush combat. It was made light and flexible so as not to hinder movement, but that focus leaves it with rather weak defense in battle against Vampires. Because of its low defense against Vampire attacks, Slayers are often wounded on missions. Guards are padded onto each joint to raise its defense.
전투 부대 침투조에게 지급되는 여성용 전투바지로, 매복 시에는 최적의 보호색을 띄고 있기로 유명하다. 활동성과 적은 중량감은 활동하는데에 무리없게 제작되었으나, 그 부분에 치중한 나머지 대 뱀파이어 전에서의 방어도가 좀 떨어지는 단점을 가지고 있다. 뱀파이어의 공격에 대한 방어도가 낮아 슬레이어들은 종종 임무 수행 시 부상을 당하기도 한다. 각 관절에는 보호대를 덧대어 방어도를 높여주었다.	Women's combat trousers issued to the infiltration squads of combat units, famous for their ideal camouflage in ambushes. They were made mobile and light so as not to hinder movement, but that focus leaves them with rather weak defense in battle against Vampires. Because of their low defense against Vampire attacks, Slayers are often wounded on missions. Guards are padded onto each joint to raise their defense.
뱅글 모양으로 팔뚝에 차는 스타일이다. 이것은 고대 이집트의 노예들에게 착용케 했던 팔찌 모양과 비슷하다고 해서 노예의 팔찌라고도 불리 우는 아이템이다. 이 팔찌는 강철과 강 회색의 바나듐과 합금 제작해서 내구성면에서 월등하나, 강철을 사용했기 때문에 활동하기 불편하다는 단점을 가지고 있다.	A bangle-style band worn on the forearm. It resembles the bracelets that slaves in ancient Egypt were made to wear, so it is also called the slave's bracelet. It is made of steel alloyed with vanadium, a steel-gray metal, which gives it outstanding durability, but the steel also makes it awkward to move in.
타 종족의 언어를 자기 종족 언어로 변환 시켜 주는 번역기이다. 하지만 언어 변환 시 많은 에너지 소모로 인해서 장시간 사용이 불가능 하다는 단점이 존재한다.	A translator that converts the language of another race into your own race's language. However, the conversion consumes a great deal of energy, so it has the drawback that it cannot be used for long.
외피가 반들거리는 특수 비닐 재질을 이용하여 제작된 남자 뱀파이어용 코트이다. 특수 비닐을 그대로 사용한 것이 아니라, 여러 번의 가공 처리를 해서 비교적 높은 외부 압력에서도 쉽게 망가지지 않게 제작되었다. 어느 정도 수련을 거듭한 뱀파이어는 자신의 코트에 마법적인 어떤 능력들을 부여하기도 한다. 이 코트는 마법력을 최대로 끌어올릴수 있게 해 준다고 한다.	A coat for male Vampires made of a special vinyl with a glossy surface. The vinyl is not used as is but processed several times, so the coat does not tear easily even under fairly high external pressure. Vampires with a certain amount of training sometimes give their coats magical abilities. This coat is said to let its wearer draw out their magic power to the fullest.
성직자의 인챈트 계열의 첫 단계인 성수 만들기(Create Holy Water)를 했을 때 나오는 부산물인 성수이다. 물병에 비례하여 생성된다. 작은 물병을 사용해서 만든다. 성수는 "거룩한 물" 이라는 뜻으로 사제가 특별히 축복한 깨끗한 물을 말한다. 종교적인 정화의 목적으로 성스러움을 방해하는 죄와 악마들을 쫓음으로써 더러운 것을 말끔히 씻는다는 의미를 가지고 있다. 성당에 들어갈 때 신자들이 성수를 손끝에 묻혀 십자성 호를 긋는 것은 세례 때 한 약속을 다시 기억하고 성당에 들어가는 자신의 몸과 마음이 깨끗해 지기를 바라는 마음에서이다.	Holy water, the product of Create Holy Water, the first skill of the clergy's Enchant domain. The amount made depends on the water bottle; this one is made with a small water bottle. Holy water means "sacred water": clean water specially blessed by a priest. Used for religious purification, it signifies washing away all that is unclean by driving out the sin and demons that hinder holiness. When the faithful dip their fingertips in holy water and make the sign of the cross on entering a church, they do so to recall the promise made at their baptism and in the hope that body and soul are cleansed as they enter.
성직자의 인챈트 계열의 첫 단계인 Create Holy Water의 재료이다. 작은 양에 비례한 양만큼의 성수가 생성된다.	Material for Create Holy Water, the first skill of the clergy's Enchant domain. It produces holy water in proportion to its small volume.
VERUS는 Vampire Erasing Revolution Unit System의 약자이다. 불펍(Bullup: 탄창, 약실 등이 방아쇠 뒤에 있는 소총)식으로서 5.56mm-sVK탄을 사용한다. Vk소총보다 가벼우며, 외형상 소총 전체에 걸친 커다란 운반 손잡이가 특징이고 거의 완벽한 좌우대칭으로 좌,우 어느 손으로도 조작이 가능하다. 비교적 전장이 짧은데 비해 총열이 길며 망원렌즈 사용가능하고 험난한 지형이나 기후에서도 큰 고장 없이 작동가능한데 있다. Smith사의 신뢰감이 곳곳에 묻어난 총이다.	VERUS stands for Vampire Erasing Revolution Unit System. It is a bullpup design (a rifle with the magazine and chamber behind the trigger) that fires 5.56mm-sVK rounds. It is lighter than the VK rifles, and its trademarks are a large carrying handle running the length of the rifle and near-perfect left-right symmetry, so it can be operated with either hand. Its barrel is long for its short overall length, it takes a telescopic sight, and it works without major malfunctions even in harsh terrain and weather. It is a gun that shows Smith's reliability everywhere.
뱀의 문양이 방패에 양각되어 있다. 방패의 중앙은 나무로 장식이 되어 있지만 방패의 후면과 테두리는 판금으로 되어 있기 때문에 강한 내구성과 충격 흡수력을 지니고 있다. 단, 재질로 강철을 사용한 관계로 매우 육중하고, 폭은 짧지만 길이가 길어서 휴대가 쉽지 않다. 스네이크 쉴드는 바닥에 내려놓고 사용하던 전신 방어용 방패에서 그 길이가 줄어든 형태이다.	A snake emblem is embossed on the shield. The center of the shield is decorated with wood, but its back and rim are sheet metal, giving it great durability and shock absorption. Because it is made of steel, however, it is very heavy, and it is narrow but long, which makes it hard to carry. The Snake Shield is a shortened form of the full-body shields that were once set on the ground in use.
2002년 한·일 공동 월드컵 개최의 성공을 기원함과 더불어 한국팀의 16 강 진출을 기원합니다.	Wishing success for the 2002 Korea-Japan World Cup and for the Korean team to reach the round of 16.
이 아이템은 월드컵 기간 동안 열리는 이번 이벤트에서 획득할 수 있는 아이템으로, 종족과 위치에 따라 아래의 NPC 에게서 아이템 또는 돈으로 교환할 수 있습니다.	This item can be obtained in this event held during the World Cup, and depending on your race and location it can be exchanged with the NPCs below for items or money.
용도 : 같은 종류의 축구공이 100 / 125 / 175 / 225 / 275 개 일 때, 붉은악마의 상징인 붉은색의 고급 아이템 또는 돈으로 교환할 수 있습니다.	Use: When you have 100 / 125 / 175 / 225 / 275 soccer balls of the same kind, you can exchange them for red premium items, red being the color of the Red Devils, or for money.
* 본 아이템을 돈으로 교환할 때는 반드시 같은 종류의 축구공을 모아야 하며, 이벤트 NPC 인 카이저, 코난, 스미스, 스토야노프, 브리콜라카스 에게서 '축구공을 돈으로 교환하고 싶습니다' 를 클릭하면 교환할 수 있습니다.	* To exchange this item for money you must collect soccer balls of the same kind, then click 'I want to exchange my soccer balls for money' with the event NPCs Kaiser, Conan, Smith, Stoyanov or Vrykolakas.
스포츠 슈즈만 전문업체로 유명한 B&R사에서 최초로 개발한 전투용 부츠이다. 스포츠화 개발업체의 시작품답게 디자인이 깔끔하고 활동성이 뛰어나다. 소재로 라이크라를 사용해 발목을 부드럽고 단단하게 조여주며, 우레탄은 지면에서 전해지는 충격을 고스란히 흡수해준다. B&R의 최고경영자 브린은 우리가 보여줄 수 있는 모든 기술과 미래가 이 한 켤레의 신발 안에 담겨있다 고 말했다.	The first combat boots developed by B&R, a company famous for making nothing but sports shoes. As the prototype of a sports shoe maker, they have a clean design and excellent mobility. Lycra holds the ankle softly but firmly, and urethane absorbs the shocks coming up from the ground. Brin, the CEO of B&R, said that all the technology and future they could show was contained in this one pair of shoes.
태양 모양의 커다란 장식이 달린 슬레이어용 팔찌이다. 이 팔찌의 문양은 남미 피라미드의 관 주위에 반드시라고 말해도 좋을 정도로 장식되어 있으며, 종말의 연장을 상징한다고 한다. 그들 사이에서 태양은 새로 태어남 즉 재생의 의미를 담고 있어, 이 팔찌를 넣어주고 무덤에 묻힌 이들의 내세에서의 생을 기원하였다고 한다.	A Slayer bracelet with a large sun-shaped ornament. This pattern decorates the area around the coffins in South American pyramids almost without exception and is said to symbolize life continuing beyond the end. To them the sun meant rebirth, that is, regeneration, and they would place this bracelet in the grave to pray for the afterlife of the buried.
솔로몬의 큰 열쇠인 일곱 가지 종류로 이루어진 상징 중 수성에 속하는 인장이다.수성은 그리스의 헤르메스, 로마의 메르쿠리의 별이다. 이 메르쿠리/헤르메스 신은 재미있게도 사기꾼과 도둑의 신이기도 하다. 실로 헤르메스는 태어난 날 당일에 벌써 아폴론의 소를 훔친 재주로 유명한 신이다. 그렇기 때문에 이러한 수성의 권능을 빌리는 이 부적을 사용하게 되면 다른 사람들의 숨겨진 생각을 꿰뚫어 볼 수 있다고 한다. 또한 만물에 대한 이해와 지혜를 갖도록 돕기도 한다고 전해지면서, 이를 소유하고 싶어하는 이들이 많다고 한다.	Of the seven kinds of symbols that make up the Greater Key of Solomon, this is the seal belonging to Mercury. Mercury is the star of Hermes in Greece and Mercurius in Rome. Interestingly, this god Mercurius/Hermes is also the god of swindlers and thieves. Indeed, Hermes is famous for having stolen Apollo's cattle on the very day he was born. So it is said that using this talisman, which borrows Mercury's power, lets one see through the hidden thoughts of others. It is also said to help one gain understanding and wisdom about all things, and many people long to own it.
'토너먼트 서배튼'이라고도 불리는 부츠로, 발을 보호해주는 신발겸 갑옷이다. 과거에는 무거운 금속성 재질로 만들었으나, 현대에 강화 알류미늄 8005 프레임을 사용하여 강한 충격과 높은 하중에 잘 견디며, 무게는 운동화 정도의 무게로 가볍게 되었다. 하지만 생산 된 양이 극 소수이며, 고가이기에 쉽게 찾아 볼수 없는 신발이다.	Boots also called 'Tournament Sabatons', serving as both footwear and armor to protect the feet. They used to be made of heavy metal, but today a reinforced aluminum 8005 frame lets them withstand strong impacts and heavy loads while being as light as sneakers. However, only a handful have been produced, and they are so expensive that they are rarely seen.
아우스터즈 퀘스트에 사용되는 아이템으로써 불의 정령의 기운이 감도는 정령석 아이템이다. 아우스터즈 종족의 부활에 밀접한 관계가 있는 아이템이며, 속성 및 사용용도는 아우스터즈 종족만이 알 수 있다.	An item used in the Ousters quest: a spirit stone suffused with the energy of the fire spirit. It is closely tied to the revival of the Ousters race, and only the Ousters know its properties and uses.
아우스터즈 퀘스트에 사용되는 아이템으로써 물의 정령의 기운이 감도는 정령석 아이템이다. 아우스터즈 종족의 부활에 밀접한 관계가 있는 아이템이며, 속성 및 사용용도는 아우스터즈 종족만이 알 수 있다.	An item used in the Ousters quest: a spirit stone suffused with the energy of the water spirit. It is closely tied to the revival of the Ousters race, and only the Ousters know its properties and uses.
SPAS사에서 만들어진 산탄 총으로, 프랑스의 테러 진압 부대 등에서 사용되면서 진가를 발휘하고 있다. 조작이 간편하며, 탄약과 파괴력에 따라 반자동과 펌프액션의 유연한 연동이 가능한 현대 산탄 총의 전형을 보여준다. 하지만 복잡한 내부 구조 때문에 고장이 잦고 수리가 어렵다는 단점이 있다. 화약 냄새에 쉽게 도취되는 자라면 누구나 손에 넣고 싶어하는 이 총은 '깡패'란 별칭을 가지고 있다.	A shotgun made by SPAS that has proven its worth with French counter-terrorism units, among others. It is easy to operate and can switch flexibly between semi-automatic and pump action depending on the ammunition and firepower needed, making it the very model of the modern shotgun. However, its complex internals make it prone to jamming and hard to repair. Coveted by anyone easily intoxicated by the smell of gunpowder, this gun has the nickname 'Thug'.
특별한 용도로 사용되는 열쇠이다.	A key used for a special purpose.
거미의 홑눈이 여러 개 붙은 모양이라는 뜻에서 붙여진 이름으로, '감시자의 눈' 이라 불리기도 한다. 백금으로 만들어진 반지 틀에, 여러 개의 사파이어 원석을 넣었다. 크리스트 교에서 거미는 죄인을 눈멀게 하는 악마사탄, 가난한 자의 피를 짜내는 수전노로 상징된다.	Named for its resemblance to a spider's cluster of simple eyes, it is also called the 'Eye of the Watcher'. Several raw sapphires are set in a platinum ring band. In Christianity the spider symbolizes Satan the devil, who blinds sinners, and the miser who squeezes the blood of the poor.
아름다운 인간 여성으로 둔갑하는 거미의 일종인 운골리안트와 같은 변종의 생물은 자연의 질서를 어기는 이들로, 아우스터즈들은 이런 이들을 처단하는 역할도 행하게 되었다. 계집거미라는 속칭으로 불리기도 하는 이들은몸길이는 2센티미터 전후의 보통 거미로 고대 에슬라니안 각지에 있었다. 아름다운 여자로 변신한 운골리안트는 종종 남자를 유혹하여 자신의 먹이로 삼기도 하였는데, 매우 난폭하며 영생의 생명을 갖고 있었기에, 이들을 처단하는 방법은 산체로 금등의 단단한 금속으로 도금하는 방법 밖에 없었다고 한다. 현재 간간히 그러한 운골리안트의 도금품이 나오고 있으며, 과거의 조상들의 용맹을 기리며, 이것을 악세서리로 만들기도 한다.	Creatures such as the Ungoliant, a kind of spider that takes the form of a beautiful human woman, are mutants who break the order of nature, and so the Ousters also took on the role of destroying them. Commonly called spider-women, they were ordinary spiders about 2 centimeters long found all over ancient Eslania. Transformed into beautiful women, the Ungoliants often seduced men and made them their prey; they were extremely ferocious and had eternal life, so the only way to destroy them was to plate them alive in gold or some other hard metal. Such plated Ungoliants still turn up now and then, and people make them into accessories in honor of the valor of their ancestors.
Splinter 가 해체된 상태. 다량의 쇠구슬등의 폭발을 유도하는 물질들이 들어있는 원통형의 외관과 뇌관 및 안전핀등으로 구성되어 있다.	The Splinter in dismantled form. It consists of a cylindrical casing holding a large number of steel balls and other substances that trigger the explosion, a primer and a safety pin.
가장 기본적인 폭탄으로, 살상 반경이 현재의 폭탄들 중 가장 좁다. 들어가는 쇠구슬은 다른 폭탄에 비해 많아 파편이 많이 생성되며, 주로 슬레이어들의 연습용으로 사용된다.	The most basic bomb, with the narrowest lethal radius of all current bombs. It holds more steel balls than other bombs, so it produces many fragments, and Slayers mostly use it for practice.
투명의 정령이라 불리는 스프라이트는 과거 소환사들에게 인기 있는 소환령으로 소환자를 투명하게 해 주었다고 한다. 특별한 형체가 없으며 정령사와 정령사이의 교감에 의해 존재하는 정령으로 고대 마법으로 찾아낼 수 있다고 한다. 현재는 고대의 손상된 마법서에 의하여, 미비한 마법들만 있는 상태로 신발이나 방어구 등에 그의 힘의 일부를 불어 넣을 수 있는 정도이다. 아직 그의 어떠한 힘이 발현 되는지는 확인 되지 않은 상태이다.	The Sprite, called the spirit of invisibility, was once a popular summon among summoners and is said to have made the summoner invisible. It has no particular form and exists through the bond between spirit master and spirit, and it can be found through ancient magic. Today, because the ancient spellbooks are damaged, only feeble spells remain, enough to breathe part of its power into shoes, armor and the like. Which of its powers such items reveal has yet to be confirmed.
뱀파이어와 아우스터즈의 물리공격이 주고 베는 형태가 많다는 점에 착안해 제작된 방패이다. 가장자리를 두꺼운 티탄 합금으로 처리하여 측면에서의 가격을 효과적으로 방어할 수 있다. 그리고 상대적으로 얇게 처리된 중앙부를 보완하기 위해 금속 돌기를 박아 넣었다. 	A shield designed with the thrusting and slashing physical attacks of Vampires and Ousters in mind. Its rim is made of thick titanium alloy so it can effectively block blows from the side, and metal spikes are set into the relatively thin center to reinforce it.
성녀 헬레나의 십자가로, 325년 경에 그리스도가 십자가에 못박혀 돌아가신 갈바리아 언덕에 교회를 짓고, 그 곳에서 당시의 그리스도를 매달았던 십자가를 찾았다. 그 이후부터 그녀는 십자가를 의미하게 되었다고 한다. 성녀 헬레나의 업적을 기리기 위해 베네딕투스의 여자 수도회에서 성녀 헬레나의 아름다운 마음씨와 박애애를 기리고 본받기 위한 수녀들을 위해 14세기에 제작된 것으로, 그리스도의 계시를 받은 수도자들은 그녀의 마음씨를 기리며 그 십자가를 사용한다고 한다고 한다.	The cross of St. Helena. Around 325 she built a church on Calvary, the hill where Christ was nailed to the cross and died, and there she found the cross on which Christ had hung. From then on she came to stand for the cross. To honor St. Helena's achievements, it was made in the 14th century by a Benedictine order of women for nuns who wished to honor and follow her beautiful heart and charity, and religious who have received Christ's revelation are said to use this cross in memory of her heart.
철을 연금하여 만든 아주 단단한 팔찌이다. 강철로 만들어져 그 강도만큼은 강하며, 탄소의 함유량과 담금질의 횟수에 따라 그 강도가 달라진다.	A very hard bracelet made from refined iron. Being made of steel it is certainly strong, and its hardness varies with the carbon content and the number of times it is quenched.
구두 앞 축을 강철로 만든 전투화이다. 레더 부츠에서 다른 형태로 발전된 모양이다. 기존 부츠의 단점을 보완하고자 구두 앞 축을 강철로 제작되고, 부츠의 길이도 발목까지 오는 형태로 바뀌었으나 크게 나아지지는 않았다. 기존의 부츠에 비해 좀 무겁다는 단점을 지니고 있다.	Combat shoes with steel toe caps, a development of the Leather Shoes. To make up for the flaws of earlier boots, the toe caps were made of steel and the boots were cut to ankle height, but they did not improve much. They have the drawback of being somewhat heavier than earlier boots.
Stirge 들을 효율적으로 운반하기 위해 고안해 낸 아이디어 제품이다. 머리가 나쁜 Stirge들은 곧잘 주인을 잃고 방황하기에 필요 없을 때는 가방에 가두어 놓을 수 있도록 되어 있다.	A clever product designed to carry Stirges efficiently. Dim-witted Stirges often lose their masters and wander off, so they can be shut in the bag when they are not needed.
축제용 연발 폭죽입니다. 오른 클릭으로 폭죽을 사용하면 밤하늘을 아름답게 수놓아줍니다. 스톰 폭죽은 한번에 여러 발의 폭죽이 동시에 터지는 폭죽입니다.	A festival multi-shot firecracker. Right-click to set it off and it will paint the night sky beautifully. The Storm Firecracker sets off many firecrackers at once.
스텃 버클러(180)는 30등급 이상의 슬레이어가 사용할 수 있는 방패입니다. 이 아이템은 기존 승직 방패에 올드 드롭을 인첸트 함으로써 얻을 수 있습니다.	The Stout Buckler (180) is a shield for Slayers of Advancement grade 30 and above. It can be obtained by enchanting an existing Advancement shield with an Old Drop.
스텃 버클러(195)는 45등급 이상의 슬레이어가 사용할 수 있는 방패입니다. 이 아이템은 기존 승직 방패에 올드 드롭을 인첸트 함으로써 얻을 수 있습니다.	The Stout Buckler (195) is a shield for Slayers of Advancement grade 45 and above. It can be obtained by enchanting an existing Advancement shield with an Old Drop.
스텃 버클러(215)는 65등급 이상의 슬레이어가 사용할 수 있는 방패입니다. 이 아이템은 기존 승직 방패에 올드 드롭을 인첸트 함으로써 얻을 수 있습니다.	The Stout Buckler (215) is a shield for Slayers of Advancement grade 65 and above. It can be obtained by enchanting an existing Advancement shield with an Old Drop.
스텃 버클러(230)는 80등급 이상의 슬레이어가 사용할 수 있는 방패입니다. 이 아이템은 기존 승직 방패에 올드 드롭을 인첸트 함으로써 얻을 수 있습니다.	The Stout Buckler (230) is a shield for Slayers of Advancement grade 80 and above. It can be obtained by enchanting an existing Advancement shield with an Old Drop.
스텃 버클러(250)는 100등급 이상의 슬레이어가 사용할 수 있는 방패입니다. 이 아이템은 기존 승직 방패에 올드 드롭을 인첸트 함으로써 얻을 수 있습니다.	The Stout Buckler (250) is a shield for Slayers of Advancement grade 100 and above. It can be obtained by enchanting an existing Advancement shield with an Old Drop.
Stun 이 해체된 상태. 다량의 폭약이 들어가는 원통의 철제 외관과 안전용 마개 및 뇌관 및 손잡이, 안전핀으로 구성되어 있다.	The Stun in dismantled form. It consists of a cylindrical steel casing that holds a large amount of explosive, a safety cap, a primer, a lever and a safety pin.
일반적으로 군대에서 연막탄의 용도로 사용되는 이 수류탄은 폭발음이 커서 반경 2 타일 이내의 생물들의 귀를 멍멍하게 만든다. 폭발음으로 인해 기절시킨다는 의미를 담고 있으며, 이전의 폭탄들에 비해 많은 C4와 쇠구슬을 내장할 수 있어 충격 및 살상력이 높다.	Generally used by armies as a smoke grenade, this grenade makes such a loud bang that it deafens living things within a 2-tile radius. Its name comes from stunning with the blast, and it can hold more C4 and steel balls than earlier bombs, so its impact and lethality are high.
뱀파이어들은 먼 곳에서도 자신의 안식처를 소환할 수 있습니다. 관 속에 들어가서 전투 중에 입었던 데미지를 모두 치료할 수 있습니다. 뱀파이어가 관에 들어가 있는 상태에서는 Defense 와 Protection 의 페널티를 받습니다. 관에 들어가 있는 상태에서 공격을 받을 경우, 많은 피해를 입으므로 슬레이어들의 눈에 띄지 않아야 합니다. 	Vampires can summon their resting place even from far away. By lying in the coffin they can heal all the damage taken in battle. While a Vampire is in the coffin, it suffers Defense and Protection penalties. Being attacked while in the coffin causes heavy damage, so stay out of sight of Slayers.
서몬실프와 비슷한 기능을 한다. 다만 이 돌은 픽시를 소환한다. 돌의 모양이 타원형이 아니라 네모난 형태를 가지고 있다.	Works like Summon Sylph, except that this stone summons a Pixie. The stone is square rather than oval.
Swift-EX 가 해체된 상태. 납작한 원통형의 철제 외관, 뇌관 및 지뢰 상단에 부착되는 인공지능 동작 센서로 구성되어 있다. 	The Swift-EX in dismantled form. It consists of a flat cylindrical steel casing, a primer and an AI motion sensor attached to the top of the mine.
동작 센서를 달고 있는 지뢰로, 현재의 지뢰 중에 가장 최신형 모델이다. 지뢰 상단에 부착된 인공지능 센서로 반경 100m 내의 사물을 감지하여 3~5초의 지연시간 후, 자동으로 폭발한다.	A mine fitted with a motion sensor, the newest model of all current mines. The AI sensor on top of the mine detects objects within a 100 m radius and explodes automatically after a delay of 3-5 seconds.
남성용 뱀파이어 코트로, 얇은 면사를 이용하여 만들어진 이 코트는 가볍고 활동하기 편리하나 방한, 방어력 및 내구성이 낮아 쉽게 찢어질 수 있는 가능성이 큰 코트이다. 뱀파이어들은 마법 수련을 통해 코트의 내구력 및 방어력을 높이기도 한다. 그래서 전세계의 마법 교육을 맡은 뱀파이어들이 어린 뱀파이어들에게 강력하게 추천하는 코트이다. 저렴한 가격으로 쉽게 구입할 수 있어, 어린 뱀파이어들 사이에서 애용된다.	A Vampire coat for men. Made of fine cotton thread, it is light and easy to move in, but it offers little warmth, defense or durability and tears easily. Vampires sometimes raise a coat's durability and defense through magical training, so the Vampires who teach magic around the world strongly recommend this coat to young Vampires. It is cheap and easy to buy, making it a favorite among young Vampires.
팔뚝에 장착하는 중금속의 합금 재질로 만들어진 것으로 끝에는 날카로운 날이 있어 반격을 하기에 유용한 방패이다. 팔뚝에 착용하는 방패이므로 움직이기 쉽고 가볍게 제작되었다. 방패 끝의 날은 몇 겹이 겹쳐있는 두터운 가죽을 자를 수 있을 정도로 날카롭고 강하다. 사용자의 활동성을 최대한 고려한 방패로, 슬레이어의 방어구로 널리 사용되는 아이템이다.	A shield worn on the forearm, made of a heavy-metal alloy, with a sharp blade at the tip that makes it useful for counterattacks. Since it is worn on the forearm, it was made light and easy to move with. The blade at its tip is sharp and strong enough to cut through several layers of thick leather. Designed with the user's mobility foremost in mind, it is widely used as Slayer armor.
알 수 없는 힘이 깃들여진 검, 검의 자루와 검 신에 전쟁의 여신 bellona가 새겨져 있는 것이 특징이다. 이 검이 어디에서부터 왔는지 아무도 모르지만 이 검을 앞세우고 전쟁에 나간 군대는 반드시 승리를 거두었다는 전설이 있다. 보기에도 아름다운 이 검은 너무나도 잔혹한 운명의 검으로 한번 검을 잡으면 그 무한한 힘에 취해 계속 적을 베기를 원했으며 그녀 밑에 수많은 영웅들이 넘어져 갔다. 이 검의 진정한 힘은 단순히 휘두르는 것으론 나오지 않는다.	A sword imbued with an unknown power, marked by the war goddess Bellona engraved on its hilt and blade. No one knows where it came from, but legend has it that any army that went to war behind this sword was sure to win. Beautiful to look at, it is a sword of truly cruel fate: whoever grasped it was intoxicated by its boundless power and wanted to keep cutting down enemies, and countless heroes fell beneath her. The sword's true power does not come out from merely swinging it.
소환석은 바람의 정령을 불러낼 소중한 도구이다. 바람의 정령은 수백년 전부터 우리를 보호해주며, 언제든 바람처럼 빠르게 움직일 수 있도록 도와주는 고마운 존재였다. 소환석 안에 갖힌 자그마한 생명체는 바람의 정령을 따르던 애퀼러 족 요정으로 정령과의 소통에 다리 역할을 해준다.	A summon stone is a precious tool for calling the wind spirit. For hundreds of years the wind spirit has protected us, a welcome presence that helps us move as swiftly as the wind whenever we need. The tiny creature trapped inside the summon stone is a fairy of the Aquila tribe that followed the wind spirit, and it serves as a bridge for communing with the spirit.
호두나무의 뿌리와 말린 잎사귀로 만든 이 서클릿이다. 이 나무는 마녀들이 집회 때 춤을 추며 그 주변을 돌았기 때문에 평이 좋지 않다. 호두나무 뿌리에서는 근방에서 자라는 식물들을 죽이는 쥐글론이라는 물체가 분비된다. 호두나무 그늘 아래서 쉬면 생체 에너지를 흡수당해서 매우 위험하니 조심하기 바란다. 호두나무 잎을 몇 장 베개 밭에 놓아두면 미래를 보여 주는 꿈을 꿀 수 있기 때문에 위험한 일을 피할 수 있다. 	This circlet is made from the roots and dried leaves of the walnut tree. The tree has a poor reputation because witches danced around it at their gatherings. Walnut roots secrete a substance called juglone that kills the plants growing nearby. Resting in the shade of a walnut tree is very dangerous, as it drains your life energy, so be careful. Putting a few walnut leaves under your pillow gives you dreams that show the future, so you can avoid danger.
최고의 정확도를 가진 저격총이다. 기존 자동 발사식 저격총들이 가지고있던 부품들간의 미세한 균열과 반동으로 인한 흔들림등을 최소화 하여 볼트액션식 저격총을 능가하는 사격 정밀도를 확보하였다. 또한 연발사격시 탄착군 범위가 2cm에 불과할 정도로 연사시 명중률도 뛰어나다. 강력한 12.7mm구경의 탄환을 사용함으로써 어떠한 뱀파이어에게도 치명적인 타격을 입힐 수 있다.	A sniper rifle with the highest accuracy. By minimizing the tiny gaps between parts and the shake from recoil that plagued earlier automatic sniper rifles, it achieves shooting precision that surpasses bolt-action sniper rifles. It is also highly accurate in rapid fire, with a grouping of only 2 cm in continuous fire. Firing powerful 12.7mm rounds, it can deal a lethal blow to any Vampire.
정글이나 던젼 등의 좁은 곳에서 뱀파이어와의 대치 상태에 있을 때 샷건을 쓰는 슬레이어의 고민은 재 장전 시간이었다. 펌프액션 방식의 샷건은 재장전 속도가 비교적 느렸기 때문에 반 자동식 총을 원했고 TND-5가 바로 이런 요구를 만족시키는 총이다. TND-5를 사용해서 슬러그 탄을 쓸 경우 100m까지 사정거리를 보이기도 한다.	When facing Vampires in tight places such as jungles or dungeons, the worry of every shotgun-wielding Slayer was reload time. Pump-action shotguns were relatively slow to reload, so they wanted a semi-automatic gun, and the TND-5 is exactly the gun that meets this need. With slug rounds, the TND-5 can reach a range of 100 m.
마우저 타입의 볼트 액션 라이플로 고압축 합성 수지 라이플 스톡에 크롬 도금된 헤비 베럴로 만들어져 있다. 마우저 타입 특유의 회전하지 않는 갈퀴부로 인해 장전부가 긴 것에 비해 신속하며 정확한 장전과 방출이 가능한 모델로 전장에서의 신뢰도가 높기 때문에 애용된다. 	A Mauser-type bolt-action rifle with a chrome-plated heavy barrel in a high-compression synthetic resin stock. Thanks to the non-rotating claw extractor typical of the Mauser type, it loads and ejects quickly and accurately despite its long action, and its reliability on the battlefield makes it a favorite.
아우스터즈 마을의 마법진이 약해진 틈을 타고 뱀파이어들이 습격한 일이 있었다. 그 습격으로 인해서 많은 희생자와 중요한 의식 도구, 서적 등을 도둑 맞은 일이 있었는데, 테일즈오브샤인 링은 그날 습격으로 인해 죽음을 맞이한 아우스터즈 병사들의 육체에서 생겨난 반지라고 한다. 자신의 일족을 수호하다 전사한 이들의 수호령이 담긴 반지로, 전장에 나가는 전사들에게 선물하는 것은 하나의 관례가 되었다고 한다.	Vampires once raided the Ousters village while its magic circle was weakened. The raid left many dead, and important ritual tools, books and more were stolen. The Tails of Shine Ring is said to have formed from the bodies of the Ousters soldiers who died in that raid. A ring holding the guardian spirits of those who fell defending their kin, it became a custom to give one to warriors going into battle.
핏빛으로 물든 나무 역십자가. 손과 발부분에 못이 박혀 있으며, 예수가 거꾸로 박혔다고 알려진다.	A wooden inverted cross stained the color of blood. Nails are driven through the places of the hands and feet, and it is said that Jesus was nailed to it upside down.
바토리 백작 부인이 불로를 위해 거듭된 연구 끝에 탄생되었다는 뱀파이어들의 영생의 묘약.	The Vampires' elixir of eternal life, said to have been born of Countess Bathory's long research into agelessness.
고대 마녀들의 애완동물인 고양이. 그 고양이의 눈을 언데드로 일깨워 귀걸이에 끼웠다. 캐츠아이는 착용자의 시야를 넒혀주며 주변을 감시하여준다. 어두운 곳에서의 몸동작이 더 날카로워지며 이 귀걸이를 마주보는 사람들에게는 극렬한 공포심과 일시적인 최면의 효과를 준다.	The cat, pet of the witches of old. Its eyes were awakened as undead and set into this earring. The Cat's Eyes widen the wearer's Vision and keep watch over the surroundings. They sharpen the wearer's movements in the dark, and anyone who looks straight at this earring is gripped by intense terror and a brief hypnotic effect.
추석 이벤트에 사용되는 카드 아이템으로 해당 NPC에게 가져다 주면 고급 아이템으로 교환해 준다.	A card item used in the Chuseok event. Bring it to the NPC in charge and it will be exchanged for a premium item.
슬레이어- 스마이로비치(무사길드 1층)	Slayer - Smirovich (Warrior Guild 1F)
뱀파이어- 레베카(림보성 내부)	Vampire - Rebecca (Inside Limbo Castle)
아우스터즈- 라비니아(아우스터즈 마을내부)	Ousters - Lavinia (Ousters Village)
추석 이벤트에 사용되는 카드 아이템으로 이벤트 기간 동안 많이 모은 유저 순으로 등수를 매겨 이에 해당되는 유저들에게 상품을 지급해 주는 이벤트 아이템이다.	A card item used in the Chuseok event. Users are ranked by how many they collect during the event, and prizes are given to the users who place.
예수가 부활하기 전에 입었던 수의로, 조심스럽게 접혀진 천에 예수의 얼굴 역상이 찍혀져 있다.	The shroud Jesus wore before his resurrection; a reversed image of Jesus's face is imprinted on the carefully folded cloth.
추석 이벤트에 사용되는 카드 아이템으로 아이템 판매 NPC에게 10만원에 거래된다고 한다.	A card item used in the Chuseok event. It is said to fetch 100,000 from item shop NPCs.
하나의 피로 묶여져 있다고 믿는 고대 뱀파이어들은 자신들의 결속을 확고히 하기 위해 이것을 착용하였다고 한다. 한때 인간들의 손에 넘어간 것들도 있긴 하였으나, 이를 손에 넣은 자들은 필연적으로 불운한 종말을 맞이하여 다시 어둠 속으로 되돌아오게 되었다고 한다. 이것을 만든 고대 뱀파이어들의 염원인 영원한 화합과 번영의 의미가 깃들어져 있다.	The ancient Vampires, who believed they were bound by one blood, are said to have worn this to strengthen their bond. Some once fell into human hands, but those who took them inevitably met an ill-fated end, and the items returned to the darkness. It carries the wish of the ancient Vampires who made it: eternal harmony and prosperity.
추석 이벤트에 사용되는 카드 아이템으로 해당 NPC에게 가져다 주면 휘기 아이템이나 엽기 아이템으로 교환해 준다.	A card item used in the Chuseok event. Bring it to the NPC in charge and it will be exchanged for a rare item or a quirky item.
너클 파트를 개량한 소프트 너클 장갑이다. 너클 파트의 미약한 공격력을 보완하기위해 원추형의 날카로운 징을 박아넣었다. 이로써 뱀파이어는 보다 예리하고 공격적인 접근전을 펼 수 있게 되었다. 너클 파트보다 다루기가 약간 까다롭지만 어린 뱀파이어들이 가장 선호하는 무기이다.	A soft knuckle glove improved from the Knuckle Part. To make up for the Knuckle Part's weak attack, sharp conical studs were set into it, letting Vampires fight in close combat more keenly and aggressively. It is a little trickier to handle than the Knuckle Part, but it is the weapon young Vampires like best.
모터사이클 "썬더버드(Thunderbird)"의 열쇠이다.	The key to the motorcycle "Thunderbird".
프리미엄 1주일 교환권입니다. 유료 유저의 경우나 프리미엄 서비스를 이용했던 유저는 이벤트 종료 후 펫용 먹이인 푸더로 교환됩니다.	A one-week Premium voucher. For premium users, or users who have used the premium service before, it will be exchanged for Fodder, a pet food, after the event ends.
주석을 입힌 양철로 만든 건틀릿. 중세 기사들의 갑옷과 같이 착용하던 것으로 팔꿈치까지 오는 길이의 것이다. 철판을 보호하기 위해 주석을 입혔으나, 부식되면 사용을 못하게 되어 다른 화학재료를 사용하여 도금하는 방법을 사용한다. 제작당시 수작업으로 철판에 구멍을 내어 각 마디마다 고리를 만들어 구멍으로 연결하여 각 관절부분의 마디마디를 움직이기 편리하게 하였다.	A gauntlet made of tin-coated iron plate, worn with the armor of medieval knights and reaching up to the elbow. The iron was coated with tin to protect it, but corrosion made it unusable, so it is now plated with other chemical materials. When it was made, holes were punched by hand in the iron plate and rings were made at each segment and linked through the holes, so each joint could move easily.
본래 E.V.E. 에서 계획 중이던 중보병대의 장비로 개발되던 장비이다. 상당한 부피를 가지고 있지만 실제로는 여러 겹의 섬유를 압착하여 제작한 것으로 무게는 가벼운 편이다. 적에 대한 돌격 시 적 방향으로 노출되는 어깨부의 보호를 목적으로 제작되었으며 표면의 돌기는 강한 태클을 이용한 공격 용도로도 사용될 수 있다. 하지만 인간에 비해 빠른 움직임을 보이는 뱀파이어와 아우스터즈를 상대로 태클을 감행하기란 쉽지 않다. 두꺼비의 울퉁불퉁한 등을 닮았기 때문에 ‘두꺼비 등’ 이라 불리운다.	Equipment originally developed for a heavy infantry unit that EVE was planning. It is quite bulky, but since it is actually made from many layers of pressed fiber, it is fairly light. It was made to protect the shoulders, which face the enemy during a charge, and the studs on its surface can also be used for attacking with powerful tackles. However, it is not easy to tackle Vampires and Ousters, who move faster than humans. Because it resembles a toad's bumpy back, it is called the 'Toad Back'.
챠크람은 평평한 고리 모양의 금속으로 만들어진 무기인데 고리의 바깥쪽 모두 날이 다려 있다. 폭이 약 2~4cm인 고리의 직경은 10~30cm의 링 모양이며 무게는 0.15kg~0.5kg 가량이다. 사용법은 고리의 안쪽에 둘째 손가락을 넣고 회진시켜 속도를 붙인 후 던지든지, 아니면 원반처럼 엄지손가락과 둘째손가락을 끼워 던진다. 하지만 실제로 던지는 방법이 바르게 전승된 것은 없는 듯하다. 토우 챠크람은 챠크람의 가장 기본적인 모습이라고 할 수 있는 챠크람이다.	A Chakram is a weapon made of a flat metal ring with a blade all around its outer edge. The ring is about 2-4 cm wide and 10-30 cm in diameter, and it weighs about 0.15-0.5 kg. It is used either by putting the index finger through the ring and spinning it to build speed before throwing, or by gripping it between thumb and index finger and throwing it like a discus. However, it seems no throwing method has been handed down correctly. The Tou Chakram can be called the most basic form of the Chakram.
토너먼트 아머는 이름 그대로 서유럽의 기사들이 실력을 겨루었던 토너먼트 경기에서 사용된 갑옷이다. 이 갑옷이 타격에 대해 방어효과를 갖기 위해서는 상당히 두꺼울 필요가 있었으니 당연히 무거워 다소 실용성이 떨어졌다. 하지만, 발달된 현대의 기술로, 가벼운 알루미늄 합금 물질로, 토너먼트 아머의 위용을 살리면서 가벼운 무게와 확실한 방어효과를 갖은 형태로 변형되어 많은 무사들에게 애용되고 있다고 한다.	Tournament Armor, as the name says, is the armor worn in the tournaments where Western European knights tested their skill. To defend against blows it had to be quite thick, so it was naturally heavy and somewhat impractical. With advanced modern technology, however, it has been remade in a light aluminum alloy that keeps the grandeur of Tournament Armor while being light and giving solid protection, and it is said to be a favorite of many warriors.
토너먼트 쿼스는 토너먼트 아머의 하의 부분으로 이름 그대로 서유럽의 기사들이 실력을 겨루었던 토너먼트 경기에서 사용된 갑옷이다. 이 갑옷이 타격에 대해 방어효과를 갖기 위해서는 상당히 두꺼울 필요가 있었으니 당연히 무거워 다소 실용성이 떨어졌다. 하지만, 발달된 현대의 기술로, 가벼운 알루미늄 합금 물질로, 토너먼트 아머의 위용을 살리면서 가벼운 무게와 확실한 방어효과를 갖은 형태로 변형되어 많은 무사들에게 애용되고 있다고 한다.	The Tournament Cuisse is the lower-body part of the Tournament Armor, the armor worn, as the name says, in the tournaments where Western European knights tested their skill. To defend against blows it had to be quite thick, so it was naturally heavy and somewhat impractical. With advanced modern technology, however, it has been remade in a light aluminum alloy that keeps the grandeur of Tournament Armor while being light and giving solid protection, and it is said to be a favorite of many warriors.
성별이 나뉘어 있는 아이템의 착용 제한 성별을 전환시켜준다.	Switches the gender restriction of an item that is limited to one gender.
4개의 보랏빛 구슬이 가운데의 원을 둘러싸고 있는 형태의 슬레이어 목걸이이다. 이것은 기독교의 삼위일체를 상징하며, 카톨릭의 본산인 바티칸에서 제작한 것으로 알려져 왔으나 최근 17세기 성 아르디쿠아스의 일곱 번째 작품이라는 것이 문헌적으로 밝혀졌다. 성 아르디쿠아스는 자신의 축복을 담아 꼭 49개의 셋트를 만들어 독실한 신자들에게 선물하였다고 한다.	A Slayer necklace with four purple beads surrounding a central circle. It symbolizes the Christian Trinity, and it was long thought to have been made in the Vatican, the seat of Catholicism, but documents recently revealed it to be the seventh work of the 17th-century St. Ardicuas. St. Ardicuas is said to have made exactly 49 sets filled with his blessing and given them to devout believers.
Slacks 의 단점을 보완하여 만들어진 남성용 강화 전투복이다. 매복하기에 최적의 보호색을 띄고 있으며, 활동성과 경량화는 활동하는데에 무리없게 제작되었으나, 활동성에 치중한 나머지 대 뱀파이어 전에서의 방어도가 좀 떨어지는 단점을 가지고 있다. 뱀파이어의 공격에 대한 방어도가 낮아 슬레이어들은 종종 임무 수행 시 부상을 당하기도 한다. 충격감을 최소화시키기 위해 슬레이어들은 관절 부위에 보호대를 덧대기도 한다.	Reinforced men's combat wear made to overcome the flaws of the Slacks. It provides ideal camouflage for ambushes and was made mobile and light so as not to hinder movement, but the focus on mobility leaves it with rather weak defense in battle against Vampires. Because of its low defense against Vampire attacks, Slayers are often wounded on missions. To minimize impact, Slayers sometimes pad guards onto the joints.
Slacks 의 단점을 보완하여 만들어진 여성용 강화 전투복이다. 최적의 보호색을 띄고 있으며, 활동성과 적은 중량감은 활동하는데에 무리없게 제작되었으나, 활동성에 치중한 나머지 대 뱀파이어 전에서의 방어도가 좀 떨어지는 단점을 가지고 있다. 뱀파이어의 공격에 대한 방어도가 낮아 슬레이어들은 종종 임무 수행 시 부상을 당하기도 한다. 충격감을 최소화시키기 위해 슬레이어들은 관절 부위에 보호대를 덧대기도 한다.	Reinforced women's combat wear made to overcome the flaws of the Slacks. It provides ideal camouflage and was made mobile and light so as not to hinder movement, but the focus on mobility leaves it with rather weak defense in battle against Vampires. Because of its low defense against Vampire attacks, Slayers are often wounded on missions. To minimize impact, Slayers sometimes pad guards onto the joints.
투척용 폭탄 중 가장 강한 파괴력을 자랑하는 폭탄으로 폭탄이 터지면 회오리 바람을 일으키는 것 같은 파괴력을 가진 폭탄이다. 파편의 비산 범위가 반경 55m이상으로 가장 넓다. 안에 내장되어 있는 파편이 많을수록 살상능력이 커지며, 은 파편을 넣어서 뱀파이어 사냥에 쓰인다.	The most destructive of all throwing bombs, with a blast like a raging whirlwind when it goes off. Its fragments scatter over a radius of 55 m or more, the widest of any bomb. The more fragments packed inside, the greater its lethality, and with silver fragments it is used for hunting Vampires.
DMS는 에슬라니아를 포함한 전 월드를 별도의 부가장비 없이도 40자 내외의 짧은 문장을 주고받을 수 있는 문자 서비스로, 단문메시지서비스라고도 한다. 휴대전화의 보급을 통하여 이메일과 달리 발송 시점과 거의 동시에 내용 전달이 가능하기 때문에 새로운 통신수단의 하나로 테스트중인 상태다.	DMS is a text service that lets you exchange short messages of about 40 characters across the whole world, Eslania included, with no extra equipment; it is also called the short message service. Spread through mobile phones and, unlike e-mail, delivering its content almost the instant it is sent, it is being tested as a new means of communication.
가운데에 페리토트를 지니고 있는 방패모양의 반지이다. 성스러운 힘을 막는 반지로, 성력이 발현되면 일시적으로 그 힘을 마비시킨다고 한다. 표면에는 뱀파이어가 사용하는 성력을 마비시키는 마법에 대한 표식들이 그려져 있어서 슬레이어 성직자가 발현하는 인챈트계열을 잠시동안 막을 수 있다고 한다.	A shield-shaped ring with a peridot in the center. It is a ring that blocks holy power, said to paralyze it for a moment when it manifests. Its surface is inscribed with the marks of the magic Vampires use to paralyze holy power, so it is said to block the Enchant domain wielded by Slayer clerics for a short time.
방패의 모양이 유니콘으로 되어있는 방패이다. 중세 기사들이 사용하던 유니콘 방패는 카톨릭적 의미로서 그리스도를 의미 하고 있다. 전쟁에 나가기 전, 사제들의 은총을 받고 유니콘이 그려진 이 방패를 사용했다고 한다. 현재의 이방패는 E.V.E 에서 자체적으로 생산에 들어간 것이다. 합성수지 재질을 사용해 제작된 이 방패는 가볍고 사용하기에는 편리하나, 내구성이나 방어력이 떨어지는 단점을 보완하기 위해 이 방패에 특수한 가공을 해서 사용한다.	A shield shaped like a unicorn. The unicorn shields used by medieval knights stood for Christ in the Catholic sense. Before going to war, knights are said to have received the priests' blessing and then carried this shield with the unicorn on it. The present-day shield is produced by EVE itself. Made of synthetic resin, it is light and easy to use, but to make up for its weak durability and defense it is given a special treatment before use.
이집트 신화에 등장하는 빛의 신 호루스는 명부의 신 오시리스와 여신 이시스의 아들이다. 그는 아버지 오시리스를 살해한 숙부 세트에게 복수하는데 그 때 한쪽 눈을 잃었다고 한다. 이 호루스의 눈알을 상형문자화 한 부적이 우쟈트이다. 우쟈트는 건강이나 안전을 기원하는 부적이며 몸에 간직하고 묻힌 사자는 사후의 세계에서 부활해 하늘로 올라간다고 한다. 	Horus, the god of light in Egyptian mythology, is the son of Osiris, god of the underworld, and the goddess Isis. He took revenge on his uncle Set, who had murdered his father Osiris, and is said to have lost one eye in the fight. The amulet that renders this eye of Horus as a hieroglyph is the Uzat. The Uzat is an amulet for health and safety, and the dead buried with it are said to be reborn in the afterlife and rise to the heavens.
러시아의 저격병들은 정밀한 장거리 사격이 가능한 새로운 볼트액션의 저격용 라이플을 필요로 했다.그래서 1998 Vladimir에 Stronskiy는 Snaiperskaya Vintovka를 Izhmash OJSC의 Arms 연구&개발 부서에게 디자인하였고 그곳에서 v-03 'Chemos' 스나이퍼 라이플이 만들어진것이다.총열과 약실은 냉압연 방식으로 만들어졌으며 단조후에 각 구멍들을 다듬는 방식으로 제작되었다.총열은 네개의 핀으로 완충기에 고정되어 있으며 총열과 완충기는 두개의 볼트로 총 자루에 고정되어 있다.또한 광범위한 7x 범위인 PKS-07스코프를 장착했다.	Russian snipers needed a new bolt-action sniper rifle capable of precise long-range fire. So in 1998 Vladimir Stronskiy designed the Snaiperskaya Vintovka for the Arms R&D department of Izhmash OJSC, and there the V-03 'Chmos' sniper rifle was made. The barrel and chamber are cold-rolled, and each bore is finished after forging. The barrel is fixed to the receiver with four pins, and the barrel and receiver are fixed to the stock with two bolts. It also mounts a PKS-07 scope with a wide 7x range.
VK-45 는 작고 강력한 무기를 원하는 사람들을 위해 개발된 컴팩트한 경기관총이다. 초기에 " 빠르게 권총탄을 쏟아 붇는다" 의 개념에서 시작한 기관단총은 특수부대에서 주로 사용되었으나, 가볍고 휴대가 편하다는 잇점으로 인해 비밀리에 뱀파이어를 사냥해야 하는 슬레이어들의 주무기로 사용되게 되었다. VK탄을 최초로 SMG에서 사용할 수 있도록 개조되었기에, 파워면에서 많은 발전이 있었으며, 사용하기에 견고한 개머리판과 특수처리 된 총열이 장착되어 저렴한 가격에 비해서 높은 융통성을 지니게 되었다.	The VK-45 is a compact machine gun developed for those who want a small but powerful weapon. The submachine gun, which began with the idea of "pouring out pistol rounds fast", was mainly used by special forces, but because it is light and easy to carry it became the main weapon of Slayers who must hunt Vampires in secret. As the first SMG modified to fire VK rounds, it made great strides in power, and with a sturdy stock and a specially treated barrel it offers great versatility for its low price.
Visor Technology 사 300 Series의 첫번째 기종으로, 헬기조종사와 교신을 하기위한 무전기이다. 군대에서 사용하기 위해 VT사에서 특수하게 제작한 것이다. 일반 무전기에 두 배로 넓은 주파수 대역을 가지고 있으며, 혼신방지 시스템인 CTCSS이 내장되어 있다. 이 무전기는 충전식 배터리를 장착하고 있어 Charging 이 최대 5번까지 가능하다.	The first model of Visor Technology's 300 Series, a radio for communicating with Helicopter pilots. VT made it specially for military use. It has a frequency band twice as wide as an ordinary radio and a built-in CTCSS interference-prevention system. The radio has a rechargeable battery that can be charged up to 5 times.
VT - 310 다음 기종으로 기존의 것보다 확장된 주파수 대역을 가지고 있다. 넓어진 주파수 대역으로 업그레이드되었다. 충전식 배터리를 최대 10번까지 Charging 이 가능하다.	The successor to the VT-310, with a wider frequency band than before. It has been upgraded with the broader frequency band. Its rechargeable battery can be charged up to 10 times.
VT사의 가장 최신 기종으로 기존의 무전기 중에서 가장 넓은 주파수 대역과 첨단 기능을 갖추고 있는 무전기이다. 내장된 CTCSS, DTCS 를 좀 더 쉽게 설정할 수 있도록 고안되었다. 현재 군사용으로 사용되는 무전기의 단점인 떨어지는 수신 율과 보안시스템을 보완하여 제작되었다. 충전식 배터리를 최대 20번까지의 Charging 이 가능하다.	VT's newest model, a radio with the widest frequency band and the most advanced features of any radio. It was designed so that its built-in CTCSS and DTCS are easier to set up. It was built to fix the poor reception and security that are the weak points of current military radios. Its rechargeable battery can be charged up to 20 times.
전투 부대 침투조에게 지급되는 남성용 전투복으로, 매복 전투 시에는 최적의 보호색을 띄고 있기로 유명하다. 활동성과 적은 무게감을 주는 데에 역점을 두고 제작되었기 때문에, 방한 및 방어도, 내구성이 낮은 편이다. 전투복 자체의 떨어지는 방어도와 내구성을 높이기 위해 방탄조끼를 착용한다. 각 관절에는 보호대를 덧대어 방어도를 높여주었다.	Men's combat wear issued to the infiltration squads of combat units, famous for its ideal camouflage in ambush combat. Because it was made with the emphasis on mobility and light weight, its warmth, defense and durability are rather low. A bulletproof vest is worn to make up for the uniform's poor defense and durability. Guards are padded onto each joint to raise its defense.
전투 부대 침투조에게 지급되는 여성용 전투 자켓으로, 매복 시에는 최적의 보호색을 띄고 있기로 유명하다. 활동성과 적은 중량감을 주는 데에 역점을 두고 제작되었기 때문에, 방한 및 방어도, 내구성이 낮은 편이다. 전투복 자체의 떨어지는 방어도와 내구성을 높이기 위해 방탄조끼를 착용한다. 각 관절에는 보호대를 덧대어 방어도를 높여주었다.	A women's combat jacket issued to the infiltration squads of combat units, famous for its ideal camouflage in ambushes. Because it was made with the emphasis on mobility and light weight, its warmth, defense and durability are rather low. A bulletproof vest is worn to make up for the uniform's poor defense and durability. Guards are padded onto each joint to raise its defense.
뱀 모양이 새겨진 뱀파이어용 팔찌로, 양쪽의 뱀이 입을 크게 벌리고 가운데의 사파이어를 받들고 있는 형상이다. 여기서 뱀은 성경에서 그려진 '유혹자'의 의미이다. '요한계시록' 12;9절에는 "악마라고도 하고 사탄이라고도 하는 오래된 뱀...'이라 쓰여 있으며, 사탄과 악을 상징한다고 한다. 이 팔찌의 뱀들은 지혜와 어둠의 힘을 의미하며, 사용자에게 두 가지의 힘을 부여한다는 전설을 가지고 있는 팔찌이다.	A Vampire bracelet engraved with snakes: two snakes open their mouths wide to hold up a sapphire in the middle. Here the snake means the 'tempter' as portrayed in the Bible. Revelation 12:9 says "that old serpent, called the Devil, and Satan...", and it is said to symbolize Satan and evil. The snakes on this bracelet stand for wisdom and the power of darkness, and legend has it that the bracelet grants both powers to its wearer.
사이클론의 집합체로 한 개의 사이클론의 신관이 작동하게 되면 연쇄적인 폭발을 하는 폭탄이다. 사이클론의 집합으로 이루어진 만큼 강한 파괴력을 가진다. 지뢰 자체에 파편의 양은 그리 많지 않으나, 사이클론의 설치가 어렵기 때문에 이 같은 방법을 주로 사용한다. 하나의 뇌관을 건드리면 연쇄반응을 일으킨다.	A cluster of Cyclones: when the fuze of one Cyclone goes off, a chain of explosions follows. Being made up of a cluster of Cyclones, it has great destructive power. The mine itself holds few fragments, but since Cyclones are hard to lay, this method is mostly used instead. Touching a single primer sets off a chain reaction.
그리스도교 신자들이 위난과 곤둥에 처했을 때 그 이름을 부르며 대원(代願)을 바라는 14인의 순교성자(殉敎聖者)중 한명인 볼라시오를 상징하는 반지로 이들 14성인은 박해를 받으며 처참한 죽음을 앞두고 신에게 특별히 구원을 청했다는 전설에서 유래하는데, 이들 에 대한 숭배는 13세기경 중부 독일에서 시작되어 온 유럽에 번졌다고 한다. 대개 이 성인들은 미술분야에서는 동물이나 사물의 이름으로 표현되며, 볼라시오의 경우 '십자가 모양으로 된 두개의 초'를 나타낸다.	A ring symbolizing Volasio, one of the fourteen martyred saints whose names Christians call on to intercede for them in danger and hardship. These fourteen saints come from the legend that, facing persecution and a gruesome death, they asked God for special favor, and their veneration began in central Germany around the 13th century and spread across all of Europe. In art these saints are usually represented by animals or objects; for Volasio it is 'two candles in the shape of a cross'.
특수 임무를 맡은 에이전트에게 지급되는 남성용 전투복으로, 전신이 티타늄 금속의 재질을 사용하여 내구성과 방어도를 극대화시켰다. 전량 주문 제작에 의존하며 모든 공정이 수동으로 이루어진 제품으로 유명하다. 강화 티타늄 금속을 사용했음에도 불구하고 무게를 최대한으로 줄이고 활동성을 좋게 만든 뛰어난 제품이다.	Men's combat wear issued to agents on special missions, made entirely of titanium metal to maximize durability and defense. It is famous for being made wholly to order, with every step done by hand. Despite the reinforced titanium, it is an excellent product that keeps the weight to a minimum and allows good mobility.
특수사로 만들어진 이 여성용 자켓은 E.V.E의 장교급 대원들에게만 특별 지급되는 전투복이다. 높은 강도에서도 쉽게 찢어지거나 변형되지 않아 내구성 및 방어도에서 높은 점수를 받은 전투용 자켓이다. 티타늄 같은 강화 금속제를 외부에 붙여, 방어력이 높은 대신 활동성이 떨어지는 단점이 있다.	Made of special thread, this women's jacket is a combat uniform issued only to officer-rank members of EVE. It does not tear or deform easily even under great stress, earning it high marks for durability and defense. Reinforced metal such as titanium is attached to the outside, giving it high defense at the cost of mobility.
워 벨트는 최첨단 인체공학적 설계를 통해 제작되어 어떠한 체형에서도 최적화된 상태로 허리에 감싸 붙는다. 덕분에 멜빵 끈을 사용하지 않고도 많은 아이템들을 수납할 수 있으며, 보다 높은 활동성을 보장하게 되었다. 앞에 달린 푸른색의 액티브 너브 시스템은 신경과 생체조직을 끊임없이 활발한 상태로 유지시켜, 오랜 전쟁 속에서도 긴장감을 잃지 않도록 도와준다고 한다.	The War Belt is made with a cutting-edge ergonomic design that wraps the waist in an optimal fit for any body type. As a result it can hold many items without shoulder straps and allows greater mobility. The blue Active Nerve System on the front keeps the nerves and body tissue constantly active, and it is said to help the wearer stay alert even through long wars.
일반적인 가죽부츠에 앞부분에 금속으로 덧댄 부츠이다. 레더부츠의 부드러운 가죽과 앞판에 강철 재질을 사용하여 방어면과 내구성, 편리함등을 동시에 갖춘 군화이다. 슬레이어들 사이에서 최고의 군화로 평가되고 있으나, 특수하게 제작되고 가격이 비싸서 쉽게 구입할 수 없다는 단점을 안고 있다.	Ordinary leather boots with metal reinforcement on the front. Using the soft leather of the Leather Shoes and a steel toe plate, these combat boots combine defense, durability and comfort. They are rated the best combat boots among Slayers, but they have the drawback of being specially made and expensive, so they are hard to come by.
에이전트용 강화 전투복으로, 전신을 티타늄 금속으로 덧대어 방어도를 극대화 시킨 제품에서 한단계 높아진 방어력을 자랑한다. 최대의 방어력과 내구성을 자랑하며, 경량화와 활동성에도 역점을 두어 최고의 전투복이라는 호평을 듣고 있는 전투복이다. 역시 이 전투복도 전량 주문 제작에 의존하여 모든 공정이 사람의 손을 거쳐 제작되어 엄청난 값을 지불하고 사야하는 단점이 있다.	Reinforced combat wear for agents, offering one level more defense than the model that maximized defense by covering the whole body with titanium. With the highest defense and durability, and with attention also paid to light weight and mobility, it is praised as the best combat wear there is. This one too is made wholly to order, every step passing through human hands, so it has the drawback of costing a fortune.
에이전트용 강화 여성 전투복으로, 전신을 티타늄 금속으로 덧대어 방어도를 극대화 시킨 제품에서 한단계 높아진 방어력을 자랑한다. 최대의 방어력과 내구성을 자랑하며, 경량화와 활동성에도 역점을 두어 최고의 전투복이라는 호평을 듣고 있는 전투복이다. 역시 이 전투복도 전량 주문 제작에 의존하여 모든 공정이 사람의 손을 거쳐 제작되어 엄청난 값을 지불하고 사야하는 단점이 있다.	Reinforced women's combat wear for agents, offering one level more defense than the model that maximized defense by covering the whole body with titanium. With the highest defense and durability, and with attention also paid to light weight and mobility, it is praised as the best combat wear there is. This one too is made wholly to order, every step passing through human hands, so it has the drawback of costing a fortune.
헬멧의 외장을 강화 플라스틱과 티타늄을 함께 사용하여 제작된 헬멧으로, 탑재된 모든 기능의 완전 자동화가 실행되었다. 인공지능 칩을 사용하였으며, 사물에 대한 정확한 데이터를 표시하지 못했던 단점들을 적극적으로 보완했다. 내구성과 충격 흡수력, 방어력의 모든 단점들을 극복했다는 호평을 받은 헬멧으로, 스코프의 자동 줌 시스템이 더해졌다. 헬멧 안에 내장된 작은 칩을 사용하여 정확한 타겟을 왼쪽에 붙은 작은 렌즈에 전송, 타겟에 대한 상세한 데이터를 출력한다. AAIS (Automatic-Artificial Intelligent Scanning) 시스템 장착.	A helmet whose shell combines reinforced plastic and titanium, with every built-in function fully automated. It uses an AI chip and actively fixes the earlier flaw of failing to display accurate data on objects. Praised for overcoming every weakness in durability, shock absorption and defense, it adds an automatic zoom system to the scope. A small chip built into the helmet sends the exact target to a small lens on the left and outputs detailed data on the target. Equipped with the AAIS (Automatic-Artificial Intelligent Scanning) system.
정령은 영혼 불멸의 존재로, 설령 현재에 정령의 실체가 사라진다고 하더라도, 그들의 영혼은 끊임 없이 순환 한다. 이들은 다시 부활하기 위하여 정령석에 자신들의 영혼을 담고, 끊임없이 정신과 힘을 정화한다. 이 때 정령석 밖으로 흘러나오는 그들의 순수한 힘을 무기나 마법의 스펠에 깃들게 하면 그 매개체에는 지속적으로 정령의 힘이 깃들게 된다. 이 정령석은 얼음의 정령 그류페인의 힘을 깃들게 할 수 있다. 	Spirits are immortal beings; even if a spirit's physical form vanishes, its soul circulates without end. To be reborn, they place their souls in spirit stones and ceaselessly purify their minds and power. If the pure power that flows out of a spirit stone is infused into a weapon or a magic spell, that medium becomes lastingly imbued with the spirit's power. This spirit stone can infuse the power of the ice spirit Gryupein.
 정령은 영혼 불멸의 존재로, 설령 현재에 정령의 실체가 사라진다고 하더라도, 그들의 영혼은 끊임 없이 순환 한다. 이들은 다시 부활하기 위하여 정령석에 자신들의 영혼을 담고, 끊임없이 정신과 힘을 정화한다. 이 때 정령석 밖으로 흘러나오는 그들의 순수한 힘을 무기나 마법의 스펠에 깃들게 하면 그 매개체에는 지속적으로 정령의 힘이 깃들게 된다. 이 정령석은 물의 정령 운디네의 힘을 깃들게 할 수 있다. 	 Spirits are immortal beings; even if a spirit's physical form vanishes, its soul circulates without end. To be reborn, they place their souls in spirit stones and ceaselessly purify their minds and power. If the pure power that flows out of a spirit stone is infused into a weapon or a magic spell, that medium becomes lastingly imbued with the spirit's power. This spirit stone can infuse the power of the water spirit Undine.
 정령은 영혼 불멸의 존재로, 설령 현재에 정령의 실체가 사라진다고 하더라도, 그들의 영혼은 끊임 없이 순환 한다. 이들은 다시 부활하기 위하여 정령석에 자신들의 영혼을 담고, 끊임없이 정신과 힘을 정화한다. 이 때 정령석 밖으로 흘러나오는 그들의 순수한 힘을 무기나 마법의 스펠에 깃들게 하면 그 매개체에는 지속적으로 정령의 힘이 깃들게 된다. 이 정령석은 물의 정령 나이아스의 힘을 깃들게 할 수 있다. 	 Spirits are immortal beings; even if a spirit's physical form vanishes, its soul circulates without end. To be reborn, they place their souls in spirit stones and ceaselessly purify their minds and power. If the pure power that flows out of a spirit stone is infused into a weapon or a magic spell, that medium becomes lastingly imbued with the spirit's power. This spirit stone can infuse the power of the water spirit Naias.
정령은 영혼 불멸의 존재로, 설령 현재에 정령의 실체가 사라진다고 하더라도, 그들의 영혼은 끊임 없이 순환 한다. 이들은 다시 부활하기 위하여 정령석에 자신들의 영혼을 담고, 끊임없이 정신과 힘을 정화한다. 이 때 정령석 밖으로 흘러나오는 그들의 순수한 힘을 무기나 마법의 스펠에 깃들게 하면 그 매개체에는 지속적으로 정령의 힘이 깃들게 된다. 이 정령석은 물의 정령 시큐엘의 힘을 깃들게 할 수 있다. 	Spirits are immortal beings; even if a spirit's physical form vanishes, its soul circulates without end. To be reborn, they place their souls in spirit stones and ceaselessly purify their minds and power. If the pure power that flows out of a spirit stone is infused into a weapon or a magic spell, that medium becomes lastingly imbued with the spirit's power. This spirit stone can infuse the power of the water spirit Sicuel.
정령은 영혼 불멸의 존재로, 설령 현재에 정령의 실체가 사라진다고 하더라도, 그들의 영혼은 끊임 없이 순환 한다. 이들은 다시 부활하기 위하여 정령석에 자신들의 영혼을 담고, 끊임없이 정신과 힘을 정화한다. 이 때 정령석 밖으로 흘러나오는 그들의 순수한 힘을 무기나 마법의 스펠에 깃들게 하면 그 매개체에는 지속적으로 정령의 힘이 깃들게 된다. 이 정령석은 물의 정령 엘퀴네스의 힘을 깃들게 할 수 있다. 	Spirits are immortal beings; even if a spirit's physical form vanishes, its soul circulates without end. To be reborn, they place their souls in spirit stones and ceaselessly purify their minds and power. If the pure power that flows out of a spirit stone is infused into a weapon or a magic spell, that medium becomes lastingly imbued with the spirit's power. This spirit stone can infuse the power of the water spirit Elquines.
아이템의 종류와 단계가 동일한 아이템 두 개를 하나로 변환시켜주는 특수 기능을 지닌 인첸트 아이템입니다. 두 개의 아이템이 하나로 변환 될 때 이전 아이템의 옵션을 그대로 적용시켜 하나의 아이템에 두 개의 옵션이 붙게 됩니다. 웨픈 믹싱 포지로 인챈트 할 수 있는 아이템은 도, 검, 총, 십자가, 메이스, 너클, 차크람, 리스틀릿 아이템 입니다.	An enchant item with the special ability of turning two items of the same type and grade into one. When the two items become one, the options of the original items carry over unchanged, so the single item ends up with two options. Items that can be enchanted with a Weapon Mixing Forge are blades, swords, guns, crosses, maces, knuckles, Chakrams and Wristlets.
퓨리타스 아이템은 레어 아이템의 옵션 중에 필요로 하지 않는 옵션을 제거해 주는 아이템 입니다. 웨폰 퓨리타스 아이템은 무기류 아이템에만 인챈트가 가능 합니다. 	A Puritas item removes unwanted options from a rare item. A Weapon Puritas can only be used to enchant weapon items.
다크에덴에서 인연이 되어 결혼하게 된 유저들을 위해 특별히 제작된 반지이다. 이 반지를 착용하게 되면 상대방이 있는 위치까지 순간이동 할 수 있다.	A ring made especially for users who met through DarkEden and got married. Wearing this ring lets you teleport to where your partner is.
포켓수가 8개로 최대 8개의 퀵 아이템을 올려놓을 수 있다. 가벼운 소가죽과 금속으로 된 포켓과 벨트의 모양이 서부의 카우보이들이 사용하는 스타일로 제작 되어 웨스턴 벨트라고 불리운다. 	With 8 pockets, you can place up to 8 quick items on it. Its pockets of light cowhide and metal and the shape of the belt are styled after those worn by cowboys of the Old West, hence the name Western Belt.
몸 전체를 가리게 하기 위해서 제작된 방패로, 거대한 회오리 문양에 따라 거북의 등껍질로 경량화에 중점을 두었다. 크기가 커서 휴대가 불편하지만, 가볍고 내구성이 뛰어나다. 경량화에 치중한 나머지, 방어구로써는 거북의 등껍질이 충격을 많이 흡수를 못한다는 단점이 있다. 이 방패는 표면의 회오리 문양 때문에 'Spiral shield' 라고 불리기도 한다.	A shield made to cover the whole body, built from tortoiseshell following a huge whirlwind pattern with the emphasis on light weight. It is large and awkward to carry, but light and very durable. Because of that focus on lightness, its drawback as armor is that the tortoiseshell does not absorb much impact. Because of the whirlwind pattern on its surface, this shield is also called the 'Spiral shield'.
엘프들이 즐겨 사용한  ‘로이라’ 문양을 그대로 살려 만든 위스퍼오브엘프 링은 대지계열 마법의 촉매역할을 대체할 수 있는 반지이다.하지만 반지 자체만으로 모든 대지 계열 마법을 사용하지는 못하고 간단한 하급 마법에 요긴하게 사용하는 정도라고 한다.	Faithfully reproducing the 'Loira' pattern the elves loved, the Whisper of Elf Ring can take the place of a catalyst for earth magic. The ring alone cannot cast every kind of earth magic, however; it is said to be useful only for simple low-level spells.
우리민족의 대 명절인 설날을 맞이하여 다크에덴에서 마련한 이벤트 아이템이다.	An event item prepared by DarkEden for Seollal, the great Korean Lunar New Year holiday.
흰색 떡국을 사용하면 자신의 HP와 MP 를 한번에 채울 수 있다.	Using the White Rice Cake Soup fills your HP and MP at once.
가장 순수함을 나타내는데 적합한 이 하얀색별은 모든 사람들이 필요로 하는 돈과 교환이 가능하다는 이야기가 있다.	This white star, a fitting emblem of the greatest purity, is said to be exchangeable for money, which everyone needs.
White Star 아이템은 이벤트 아이템으로써 종족과 위치에 따라서 아래의 NPC 에게서 돈으로 교환할 수 있다.	The White Star is an event item that can be exchanged for money with the NPCs below, depending on your race and location.
* 본 아이템은 별의 갯수가 1 개 이상일때 카이저, 코난, 스미스, 스토야노프, 브리콜라카스 등에게 가셔서 '별을 돈으로 교환하고 싶습니다'를 선택하신 후 마우스 왼쪽 버튼을 클릭하여 돈으로 교환할 수 있다.	* When you have 1 or more stars, go to Kaiser, Conan, Smith, Stoyanov, Vrykolakas or the like, select 'I want to exchange my stars for money' and left-click to exchange this item for money.
월 오 더 워스프는 빛의 정령으로 신으로 부터 창조된 빛을 조정하는 능력을 지녔다. 단순히 빛을 내는 이외에 물리적 능력은 없으나, 그 빛은 사람의 눈을 순식간에 멀게 할 만큼 강렬해 질 수도 있다. 이 빛의 기운은 뱀파이어에게는 극악과도 같은 역할을, 인간의 약한 시야에 혼란을 줄 수 있는 좋은 방어 효과가 되어 왔다.  이러한 월 오 더 워스프의 힘은 과거부터 아우스터즈들에게 이 정령의 기운을 담은 물건을 수호부로 항상 지녀오는 관습을 갖게 하였다고 한다. 	The Will o' the Wisp is a spirit of light, created by the gods with the power to control light. Apart from giving off light it has no physical power, but its light can grow bright enough to blind a person in an instant. This energy of light has served as a scourge to Vampires and as a good defense that confuses weak human sight. Because of this power of the Will o' the Wisp, the Ousters are said to have long kept the custom of always carrying objects holding this spirit's energy as amulets.
이 기술은 마치 바람을 둘로 가르는 듯한 칼놀림을 보여주는 기술로 빠른 검의 스피드로 대기를 가르는 기술입니다. 팔목을 유연하게 놀려 내려치는 이 기술은 단순하지만 파괴력이 높습니다. 기술사용시 생기는 반달모양의 잔상은 칼을 빠르게 놀려 생성된 진공상태의 공기로 상대방에게 타격을 주는 기술입니다. 	This technique shows sword strokes that seem to split the wind in two, cleaving the air with a fast blade. A downward cut made with a supple wrist, it is simple but highly destructive. The half-moon afterimage left when it is used is a vacuum created by the rapidly moving blade, and it is this that strikes the opponent.
투구를 쓴 해골모양의 펜던트이다. '죽은 자의 날개'라는 뜻. 피로서 죽은 자에게 영원을 부여한다는 의미에서 생겨난 펜던트이다. 죽음의 기사라는 뜻을 가지고 있는 'Death knight'라는 다른 이름으로 불리기도 한다. 이 펜던트를 이용하여 데스나이트를 소환할 수 있다는 설이 있다.	A pendant shaped like a skull wearing a helmet. Its name means 'wing of the dead', and the pendant arose from the idea of granting the dead eternity through blood. It is also known by another name, 'Death knight', meaning the knight of death. Some say this pendant can be used to summon a Death Knight.
반지의 몸체가 꼬여있는 반지이며, 중앙에는 이음새가 있다. 사용자의 감정에 따라 이음새 부분의 강도가 바뀌는데, 머리 속이 복잡하거나 갈등을 느끼는 순간이 오게 되면 이음새가 느슨해 진다고 한다. 평안한 상태에서는 이음새 부분이 조여 지는 경향이 있다고 한다. 감정에 따라 모양새가 바뀐다는 전설이 있다.	A ring whose body is twisted, with a joint in the center. The tightness of the joint changes with the wearer's emotions: when the mind is troubled or torn by conflict, the joint is said to loosen, and in a state of calm it tends to tighten. Legend says its shape changes with one's feelings.
이 거대한 늑대의 발은 뱀파이어들이 늑대로 변신할 때 매개체로 사용하는 것으로 알려져 있다.	This huge wolf's paw is known to be used by Vampires as a medium when they turn into wolves.
울프독을 소환할 때 사용하는 아이템입니다. 	An item used to summon a Wolfdog.
울버린을 소환할 때 사용하는 아이템입니다.	An item used to summon a Wolverine.
과거부터 존재해온 정령의 일종으로 나무의 형태를 하고 있으며, 가지가 손, 뿌리가 발이기 때문에 나무마다 손발의 숫자나 피부색이 다르다. 이들은 돌아다닐 수 있었다고 하는데, 이들은 엔트라고 부른다. 현재는 인간들을 두려워한 나머지 자신들의 실체를 일부의 타 종족에게만 비춰주고 있다. 아우스터즈와 친분이 두터운 이들은 자신들의 세월의 흐름으로 생긴 고목의 껍질을 아우스터즈에게 선물하여, 그들이 늘 자연의 보호아래 있을 수 있도록 돕는다고 한다.	A kind of spirit that has existed since ancient times in the form of a tree. Its branches are its hands and its roots its feet, so the number of limbs and the color of the skin differ from tree to tree. They are said to have been able to walk about, and they are called Ents. Today, out of fear of humans, they reveal their true form only to a few other races. Close friends of the Ousters, they give the Ousters bark from their ancient trunks, grown over the ages, helping them stay always under nature's protection.
"밀라노"는 70년대 유럽쪽의 스나이퍼들로부터 사랑을 받기 시작한 구형 저격용 총이다. 이탈리아의 유명 군용무기 회사인 미에라에서 내놓은 저격용 총을, VK탄을 사용할 수 있게 임시 개조했는데, 성능이 그럭저럭 괜찮아서 호평을 받았다고 한다. 그러나, 후속 제품들이 속속 등장한 80년대에 들어서는 고전적인 무기로 전락하게 되었다. 일반적인 명중률과 화력을 가지고 있다.	The "Milano" is an old sniper rifle that began winning the affection of European snipers in the '70s. It is a sniper rifle from Miera, the famous Italian military arms maker, temporarily modified to fire VK rounds, and it was well received because it performed reasonably well. In the '80s, however, as successor models appeared one after another, it was reduced to a classic weapon. It has average accuracy and firepower.
다른 저격용 라이플들이 군용으로 제작된 것을 개조한 것이 비해, 미에라의 X-45T 토마호크는 처음부터 대뱀파이어 작전용으로 설계 제작된 전용 라이플이다. 물론 일반 전투에서도 사용이 가능하며, 베테랑급 저격 수들이 주로 사용하는 라이플로 알려져 있다.	While other sniper rifles are modifications of military designs, Miera's X-45T Tomahawk was designed and built from the start as a dedicated rifle for anti-Vampire operations. It can of course also be used in ordinary combat, and it is known as the rifle of choice for veteran snipers.
미에라는 80년대에 들어 X-31 "밀라노"를 보다 경량화하고 기능을 보완한 V2 를 생산하기 시작했다. 가스조절기를 사용해서 발사속도를 조절함으로써 사격과 조작의 안정성을 높였다. 또한, X-31보다 스코프의 배율을 높이고 총신을 약간 길게 만들어서 정밀 사격을 가능하게 했다.	In the '80s Miera began producing the V2, a lighter and improved version of the X-31 "Milano". A gas regulator controls the rate of fire, making firing and handling more stable. The scope also has higher magnification than the X-31's, and the barrel is slightly longer, allowing precision fire.
낮은 급수의 아이템을 일정 확률로 높은 급수의 아이템으로 변화시킨다.	Has a chance to turn a lower-grade item into a higher-grade item.
노란색 떡국을 사용하면 자신의 HP와 MP를 한번에 채울 수 있다.	Using the Yellow Rice Cake Soup fills your HP and MP at once.
한민족의 축제인 추석을 맞이하여 다크에덴에서 마련한 이벤트 아이템으로, 추석 이벤트 기간동안(9월20일~9월22일) 몬스터를 사냥하여 획득할 수 있다.	An event item prepared by DarkEden for Chuseok, the Korean harvest festival. It can be obtained by hunting monsters during the Chuseok event (September 20-22).
노란색 송편을 사용하면 자신의 HP와 MP를 한번에 채울 수 있다.	Using the Yellow Rice Cake fills your HP and MP at once.
옐로우 루비아떼 오토바이를 불러내기 위해 필요한 아이템이다. 루비아떼 오토바이를 불러내기 위해서는 루비아떼 키를 소지한 상태에서 오토바이 판매NPC에게 “제 오토바이를 찾고 싶습니다” 라고 말을 건네면 된다. 단, 유료 사용자일 경우 안전지대를 제외한 나머지 장소에서 루비아떼키를 오른마우스로 클릭하여 루비아떼 오토바이를 소환할 수 있다.	An item needed to call up the Yellow Rubiate Motorcycle. To call up a Rubiate Motorcycle, carry the Rubiate Key and say "I would like to collect my motorcycle." to the Motorcycle dealer NPC. Premium users, however, can summon the Rubiate Motorcycle anywhere except safe zones by right-clicking the Rubiate Key.
지금은 잊혀져 버린 세계수 이져실의 형태를 본떠 만든 펜던트이다. 신화에서는 “이져실의 비밀을 풀 수 있는 자 영생의 비밀을 알 수 있으리라” 라고 전해지기도 한다. 생명나무라 불리는 이져실의 이름답게 정령의 힘과 착용자의 신체를 활설화 시켜준다고 한다.	A pendant modeled on Yggdrasil, the now-forgotten world tree. In myth it is said that "whoever can unravel the secret of Yggdrasil shall know the secret of eternal life". True to the name of Yggdrasil, called the Tree of Life, it is said to invigorate both the power of the spirits and the wearer's body.
집 드라이브는 PC 파일들의 백업이나 파일 보관 등에 사용되는 휴대용 디스크 드라이브이다. 집 드라이브와 디스크는 두 가지 용량으로 나온다. 100 MB 크기는 실제로는 100,431,872 바이트의 데이터를 담을 수 있으며, 이는 플로피디스크 약 70장에 해당하는 분량이다. 이밖에 250 MB용 드라이브와 디스크가 있다.	A Zip drive is a portable disk drive used for backing up and storing PC files. Zip drives and disks come in two capacities. The 100 MB size actually holds 100,431,872 bytes of data, the equivalent of about 70 floppy disks. There are also 250 MB drives and disks.
칼날이 안쪽을 향하고 있는 이 독특한 크로우는 잔혹한 사형 도구이며, 고문용으로도 사용되었다고 한다. 칼날의 조임을 조정하여 머리를 칼날의 안쪽에 매달면 희생자의 얼굴가죽이 서서히 벗겨지면서 죽음에 이르게 하였다고 한다. 중앙의 작은 돌기는 고통의 비명조차 허락하지 않았으며 호흡을 어렵게 하는 역할을 하였다. 언제부터 이것이 무기로 활용되었는지는 정확히 알려지지 않았으며, 비효율적으로 보이는 외관과는 달리 전장 속에서 필살의 무기로 명성을 떨치고 있다.	This unusual claw, with its blades facing inward, is a cruel instrument of execution and is said to have been used for torture as well. By adjusting the tension of the blades and hanging the head inside them, it slowly peeled the skin from the victim's face until death. The small spike in the center did not even allow a scream of pain and made breathing difficult. No one knows exactly when it came to be used as a weapon, but despite its inefficient-looking form it has won renown on the battlefield as a deadly weapon.
아이티의 민간종교인 부두교의 비밀스런 의례에서 신령을 불러내기 위해 사용되는 상징적 도안인 베베(Vever)의 문양에서 유래한 암스밴드이다. 이 베베는 '담발라(Damballah)'라는 명칭의 뱀신을 위한 도안이다. 아이티섬의 민간종교인 부두교에서는 그들의 신령인 로아(Loa)을 불러내기 위한 의례적 장치로서, 이러한 문양들을 사용한다. 신령 로아를 소한한 자는 어떠한 위협에도 굴하지 않는 강직한 자가 될 수 있다고 한다.	An armsband derived from a vever, the symbolic design used to call up spirits in the secret rites of Voodoo, the folk religion of Haiti. This vever is the design for the serpent god named Damballah. In Voodoo, the folk religion of the island of Haiti, such patterns are used as ritual devices for calling up the spirits known as the Loa. Whoever summons a Loa spirit is said to become an unbending person who yields to no threat.
츠바이한더는 독일에서 기원하며 대개 13세기경에 등장했다고 한다. 전성기는 15세기 중엽에서 16세기 말이고,사용법은 엘리자베스 왕조에 헌신했던 요셉 스위트남과 조지 실버라는 펜싱 마스터가 이 검의 사용방법을 기록으로 남겼다. 츠바이한더를 숙달하기 위해서는 신체적인 결점이 없어야 하며, 시력과 청각이 뛰어나야 한다는 것도 필요조건이다. 그리고 한손으로 검을 지탱할 수 있도록 하고, 일상에서 무거운 것을 들어서 돌릴 수 있도록 정진하여 팔의 힘뿐만 아니라 민첩성도 뛰어날 수 있게끔 노력할 것을 강조하고 있다. 이렇게 함으로써 나중에는 독자적인 기술을 창조해낼 수 있게 된다고 한다. 	The Zweihander originated in Germany and is said to have first appeared around the 13th century. Its heyday ran from the mid-15th to the late 16th century, and Joseph Swetnam and George Silver, fencing masters devoted to the Elizabethan court, left written records of how to use it. To master the Zweihander one must have no physical defects, and keen eyesight and hearing are also required. The masters also stress being able to hold the sword in one hand, and training in daily life by lifting and swinging heavy objects so as to excel not only in arm strength but in agility as well. Doing so, they say, lets one eventually create techniques of one's own.
먹이를 찾아 날아오르는 독수리의 형상을 본따 만든 슬레이어용 팔찌이다. 북아메리카 남부의 어느 인디언 부족에서 신앙의 모체로 추앙받는 독수리는 '하늘, 범접할 수 없는 고귀함' 등을 상징한다. 동물과의 정신적인 교류를 중시하는 인디언 족장의 팔에 채워져 전해 내려왔다고 한다.	A Slayer bracelet modeled on an eagle soaring in search of prey. Revered as the root of faith by an Indian tribe in southern North America, the eagle symbolizes 'the sky and an unapproachable nobility'. It is said to have been handed down on the arms of Indian chiefs, who valued spiritual communion with animals.
Firestorm은 FN사가 98년도 시험 제작을 거쳐 이듬해부터 생산되었다. 많은 첨단 장치들이 붙어있으며 뛰어난 확장성을 가지고 있다. 광학 스코프가 부착된 5.56mm 의 기본 형태에 유탄발사기와 사격통제장치가 더해졌다. 스코프 외에 많은 옵션을 장착해 많은 변형된 형태를 만들어 낼 수 있으며, 쌍발식의 형태인 ‘Firestorm’가 가긴 괴력은 무시무시하다고 한다. 	The Firestorm was produced by FN from the year after its trial production in 1998. It carries many advanced devices and is highly expandable. A grenade launcher and a fire control system were added to the basic 5.56mm form fitted with an optical scope. Besides the scope, many options can be mounted to create many variants, and the twin-barreled 'Firestorm' is said to have fearsome power.
길이 115cm~140cm 의 검이다.일반 전투시 라이트 소드는 너무 가벼워 무장한 적을 쓰러뜨릴 수 없고 워 소드는 파괴력은 있으나 무거워 연속 공격이나 방패 착용 시 공격이 용이하지 못하다는 단점이 있다. 이점에 착안해서 한 손으로도, 양손으로도 쓸 수 있는 검으로서 본격적인 전투만을 추구하는 검으로써 일반적인 검 상식에 벗어 났다고 해서 바스타드 소드라고 불리 우게 되었다.	A sword 115-140 cm long. In ordinary combat the Light Sword was too light to bring down an armored enemy, and the War Sword, though destructive, was too heavy for consecutive attacks or for attacking while carrying a shield. Designed with this in mind, it can be used with one hand or two and is built purely for serious combat; because it broke with conventional ideas of the sword, it came to be called the bastard sword.
이 검의 장점은 임기응변에 편하다는 것으로, 거친 뱀파이어와의 접근 전에서 방패를 버리고 난투 전을 벌이기도 했다. 슬레이어들은 검 신에 신의 가호를 비는 문장을 새기거나 자루를 죽인 뱀파이어의 송곳니를 장식하기도 했다. 빠른 움직임과 체력을 가진 뱀파이어와 상대하는 슬레이어에게 적당한 검이다.	The strength of this sword is how easily it adapts to the situation; in close fights with savage Vampires, fighters would even throw away their shields and brawl. Slayers engraved prayers for divine protection on the blade or decorated the grip with the fangs of Vampires they had killed. It is a good sword for Slayers facing Vampires with their speed and stamina.
중국에서 발견된 유물로, 인간의 뼈로 만들어진 손잡이가 인상적인 도이다. 주나라 무왕이 은의 폭군 '주'를 몰아내고서 가장 큰 공을 세운 장군 허제에게 하사하였다고 한다. 이 칼은 그 후로도 가장 용맹한 장군의 손에 전해내려오다가 수나라때 유실되었다. 검신의 무게가 무거워 보통의 사람은 들어올리기조차 버거울 정도이며, 칼날 부분이 뭉툭한 편이다. 중국 도답게 힘으로 내리쳐 몸을 가르는 타입이다.	A relic found in China, a blade with a striking grip made of human bone. King Wu of Zhou is said to have given it to General Heoje, who had earned the greatest merit when the tyrant Zhou of Yin was driven out. It was then handed down to the bravest generals until it was lost during the Sui dynasty. Its blade is so heavy that an ordinary person can barely lift it, and its edge is rather blunt. As a Chinese blade, it is the type that cleaves the body with brute force from above.
이슬람교 사원에서 발견된 것으로 손잡이에는 두 마리의 뱀 모양이 새겨져 있다. 이란 북부 산악 지대의 아람트 성채를 근거지로 하는 비밀암살조직인 아사신 단원의 것으로 추정되고 있다. 교단의 부흥을 위해 인도의 이슬람 사원을 장악하여 그곳을 근거지로 삼고 정치적인 암살 계획을 펼쳤던 것으로 알려지고 있다. 톱날 모양의 검 신은 상대에게 살갗이 뜯겨져나가고 뼈가 갈리는 지옥을 맛보게 해준다.	Found in an Islamic mosque, it has two snakes carved on its grip. It is believed to have belonged to a member of the Assassins, the secret order of killers based in the fortress of Alamut in the mountains of northern Iran. To revive the order, they are known to have seized an Islamic mosque in India and used it as a base for political assassination plots. Its serrated blade makes its victims taste a hell of torn skin and ground bone.
기본적으로 양손 검의 일종으로 길이는 라이트 소드에 가깝다. 스코틀랜드의 대표적인 이 검은 최대한 검의 무게를 버티어 내며 기민성을 살려 상대를 베는 용도로 제작되었다. 뾰족한 끝과 날카로운 칼날을 가진 검으로 슬레이어들이 주로 은도금을 해서 사용해왔으며, 은 철사로 감은 손잡이도 있었다. 가드 끝 부분의 휘어진 창살로 원을 꿰뚫은 장식은 뱀파이어와의 싸움에서 승리를 기원하는 주술적 의미가 있다. 무게에 비해 얇은 두께와 탄력성으로 장검의 '베기'능력을 이어받은 검이다. 이 검은 자체의 위력보다는 슬레이어들의 자신만의 기술이 무난하게 실을 수 있고 내구성 또한 있기 때문에 애용되었다.	Basically a kind of two-handed sword, close in length to the Light Sword. This quintessential Scottish sword was built to bear its weight as well as possible while keeping it nimble for cutting down opponents. A sword with a sharp point and keen edges, it was mostly used silver-plated by Slayers, and some had grips wrapped in silver wire. The ornament at the ends of the guard, with curved bars piercing a ring, carries the magical meaning of a prayer for victory in the fight against Vampires. Thin and springy for its weight, it inherits the 'cutting' ability of the longsword. It was loved less for its own power than because Slayers could easily bring their own techniques to bear with it, and because it was durable.
11세기경 자신만의 신념, 종교의 신념을 지키기 위해 먼 타국 땅 까지 싸우러 나간 이들이 있었다. 살아 돌아온 자들 중에선 더욱 자신의 신념을 굳힌 자, 배신 당한 자 둘로 나뉘었다.	Around the 11th century there were those who went to fight in faraway lands to defend their own convictions and the convictions of their faith. Those who came back alive split into two: those whose convictions grew even firmer, and those who had been betrayed.
크루세이더(십자군 전사) 들이 사용했던 이 검은 자신들의 신념의 징표 '십자가'로 의 의미로써도 사용했었다. 전체적으로 방패를 착용하고 말 위에서도 다룰 수 있도록 적당한 크기와 무게를 가진 검으로 매끈하게 빠진 검 신에서 나오는 안정감 있고 큰 위력이 나온다. 무엇보다 십자군 전사의 신념이 깃든 검으로써 뱀파이어들에게 이 검은 상당히 껄끄러운 무기일 것이다. 검의 위력에 성스러운 힘까지 더한 훌륭한 검이다.	This sword, used by the Crusaders (the warriors of the Crusades), also served as the 'cross', the token of their convictions. It is a sword of fitting size and weight to be handled with a shield and even on horseback, and its sleek blade delivers stable, great power. Above all, as a sword imbued with the convictions of the Crusaders, it must be a thoroughly unpleasant weapon for Vampires. It is a fine sword that adds holy power to the power of the blade.
뱀파이어 공간이동에 사용되는 이 보석은 푸른 빛을 띠는 기억 장치이다. 장소를 기억시킬 때, 붉은 피의 기운이 돌에서 나와 사용자의 몸을 감싸면서 사용자를 인식한 후, 기억하고자 하는 장소 지하로 깊숙이 파고든다. 그 잠깐동안 장소를 인식한 돌은 붉게 타오르게 된다. 다시 그곳으로 돌아가고자 한다면 보석을 꺼내어 bloody tunnel로 문을 열면 기억된 장소로 통하는 문이 열리며 이동이 가능하다. 보석 하나 당 하나의 도착 존을 지정할 수 있으며, 이것은 최대 5번까지의 Charging 이 가능하다.	Used for Vampire teleportation, this bluish gem is a memory device. When it memorizes a location, the energy of red blood comes out of the stone and wraps around the user's body, recognizes the user, and then burrows deep underground at the place to be memorized. For that moment the stone, having recognized the place, glows red-hot. To go back there, take out the gem and open a door with Bloody Tunnel; the door to the memorized place opens and you can travel there. Each gem can designate one destination zone and can be charged up to 5 times.
소프트 너클 장갑 중에서 가장 뛰어난 공격력을 가지고 있다. 장인의 피가 담긴 가죽의 안쪽에 우레탄 섬유를 덧대어 내구력과 공격력을 향상시켰다. 징 역할을 대신하는 4개의 반지는 이 너클에 특별한 마법이 부여하기도 한다. 가벼운 착용감과 강력한 공격력을 모두 갖추어 접근전에서 그 진가를 충분히 보여주고 있는 무기이다.	The most powerful of the soft knuckle gloves. Urethane fiber is lined inside leather that holds a craftsman's blood, improving both durability and attack. The four rings that serve as studs sometimes lend this knuckle special magic. Light to wear yet powerful in attack, this weapon fully shows its worth in close combat.
고대부터 뱀파이어를 좆아 왔던 슬레이어들은 그들의 본래 목적에 부합되는 검들을 원했고 많은 검들을 사용해 왔다. 그 검들 중 그들의 감성에 호소하고 가장 자연스럽고 사실적인 검을 발견했다 바로 고딕 소드. 고딕 소드는 게르만 족 슬레이어들이 주로 사용했던 이 검은 그 살상정도가 너무 크고 잔인해 오히려 다른 지방의 슬레이어들에게 외면을 당하기도 한 검이다.	The Slayers who had hunted Vampires since ancient times wanted swords suited to their original purpose and used many swords. Among them they found the one that appealed most to their sensibilities and was the most natural and realistic: the gothic sword. Mostly used by Germanic Slayers, it inflicted such great and cruel carnage that Slayers from other regions sometimes shunned it.
고딕 소드는 그전에 검과는 달리 넓은 검 신과 무게에도 불구하고 균형을 잡으며 검 신과 검 자루까지 전투에 활용했으며 그 제련방법과 형태는 중세,근대와 달리한다. 검 신에도 수많은 홈들이 변형되어 새겨져 있어 아름다운 문양을 이루고 있으나 그 기능은 하나 하나 적에게 보다 큰 상처를 주기 위함이었고 슬레이어 개개인만의 정신적 힘을 곁들이기도 한 이검은 "야만스러운" 검이라는 오명을 낳기도 했으나 뱀파이어와의 전투에서 믿을 수 있는 검 중 몇 안 되는 검이다.	Unlike earlier swords, the gothic sword kept its balance despite its broad blade and weight, and both the blade and the hilt were used in combat; its forging method and shape differed from those of the medieval and early modern periods. Countless grooves of varied shapes are carved into the blade, forming beautiful patterns, but each served to inflict greater wounds on the enemy. Carrying the individual spiritual strength of each Slayer, this sword earned the stigma of being a "barbaric" sword, but it is one of the few swords that can be trusted in battle against Vampires.
호플론은 원형의 대형 방패로 전체가 금속제다. 특징은 중심에 팔을 통과시키기 위해 끈이 달려 있으며 그립이 원주상에 있다는 점이다. 이 방패는 고대 그리스를 대표하는 호플리테스라고 불리던 병사들의 필수품이라고 할수 있다. 크기는 직경 1m가량이며 후에 60cm정도로 변화해갔다. 무게는 2~3Kg가량이다.	The hoplon is a large round shield made entirely of metal. Its distinctive features are a strap in the center for passing the arm through and a grip on the rim. It could be called the essential gear of the soldiers known as hoplites, who represent ancient Greece. It was about 1 m in diameter, later shrinking to about 60 cm, and weighed about 2-3 kg.
이 푸른 보석은 다른 보석에 비해 장소를 메모리 할 때 발산하는 붉은 빛은 광도가 최대 엄청나 가끔 마력이 약한 시전자는 붉은 빛에 의해 눈이 멀기도 한다. 빛의 세기가 가장 최대이며, 메모리 영역 또한 가장 크다. 최대 20번까지의 Charging 이 가능한 뱀파이어 보석이다.	Compared with other gems, the red light this blue gem gives off when it memorizes a location is so intense that it sometimes blinds casters with weak magic power. Its light is the strongest, and its memory range is also the largest. A Vampire gem that can be charged up to 20 times.
'I.N.R.I'는 로마 총독 본시오 빌라도가 예수의 십자가 위에 써 붙인 명패로서 그의 죄목을 가리킨 "유다인의 왕 나자렛 예수" 라는 뜻이다.라틴어 Iesus Nazarenus Rex Iudaeorum의 첫 글자만 따서 INRI로 하여 십자고상 위에 붙였으며, 예수를 조롱하고 죽이기 위한 죄목이지만 이방인들 스스로가 예수의 신원과 정체성을 고백한 결과가 되었다. cross는 예수님이 못 박혀 돌아가신 십자가를 의미하며, 고통과 죽음의 상징인 동시에 구원의 상징이다.	'I.N.R.I' is the title that the Roman governor Pontius Pilate fixed above Jesus's cross, naming his crime: "Jesus of Nazareth, King of the Jews". The first letters of the Latin Iesus Nazarenus Rex Iudaeorum were taken to make INRI and placed above the crucifix; it was a charge meant to mock and kill Jesus, but in the end it became the Gentiles' own confession of who Jesus was. The cross means the cross on which Jesus was nailed and died, a symbol of suffering and death and at the same time of salvation.
10세기 후반에 제작된 것으로 추정되는 십자가. 1817년 영국인 탐험가 제임스 클러밍이 요르단 강 서안지역의 성지 예루살렘으로 가는 길목에서 발견하였다. 발견된 곳의 이름을 따서 요르단 십자가라 붙여졌으며, 발견된 자비로운 그리스도를 상징한다. 발견 직후 영국으로 이송되었다가 교황청에서 정식으로 인도되었다. 자비의 십자가라는 별칭으로도 불리운다. 	A cross believed to have been made in the late 10th century. In 1817 the English explorer James Clumming found it on the road to the holy city of Jerusalem on the West Bank of the Jordan. It was named the Jordanian Cross after the place where it was found, and it symbolizes the merciful Christ. Shortly after its discovery it was taken to England and was later formally handed over to the Holy See. It is also called the Cross of Mercy.
열대 지방에서 자라는 성스러운 꽃인 온시디움의 종류인 케볼레타를 이미지로 만든 반지이다. 열대의 작열하는 태양 빛과 순박한 마음이라는 꽃말을 가진 이 식물은 교황청에서 뱀파이어 퇴마의식에 사용되는 성물중 하나이다. 성물인 케볼레타를 이미지하여, 수공으로 만든 은반지로, 세세한 문양과 교황청의 허가로만 만들어지기에 진귀한 물건으로 시중에서 찾아보기 힘든 악세서리이다.	A ring modeled on the Kabollefa, a kind of oncidium, a holy flower that grows in the tropics. This plant, whose flower language is the blazing tropical sun and a pure heart, is one of the holy objects the Holy See uses in its rites for exorcising Vampires. A handmade silver ring modeled on the holy Kabollefa, with intricate patterns and made only with the Holy See's permission, it is a rare accessory that is hard to find on the market.
연민의 십자가라는 목걸이로 그리스도 눈물의 십자가라는 또 다른 이름이 붙어있기도 하다. 그리스도가 흘린 눈물의 결정체라는 설이 있을만큼 이 팬던트는 오래되었다. 예루살렘 북쪽지역에서 발견된 이것은 유대인들이 많은 사람들을 위해 눈물을 흘리고 고통을 짊어진 그리스도를 위해 로마의 핍박을 피해 숨어서 만들어 전했다고 한다.	A necklace called the Cross of Compassion, which also bears another name, the Cross of Christ's Tears. This pendant is so old that some say it is the crystallization of the tears Christ shed. Found in the region north of Jerusalem, it is said to have been made in hiding, away from Roman persecution, by Jews honoring Christ, who shed tears for many and bore their suffering.
미국, NAVY SEAL 의 베트남에서 사용하던 모델로, 기본적인 기관단총으로 구분된다. 삼각대와 양각대등에 올려놓아 경기관총 및 중기관총으로도 활용이 가능하다. Navy 는 독일의 M42 기관총의 탄띠 장전방식과 FG42기관총의 작동방식을 채용했던 T44 모델이었다. 기본적으로는 M42 와 FG 42의 두 가지의 방식을 받아들인 모델로 발전하게 되었다. Navy 는 신속한 총열 교체방식과 경량, 단순함 및 중기 및 경기관총의 연동이 가능하다는 특징을 가지고 있다. 이후 여러 면으로 개량되었으나 구조적 결함으로 벨기에의 걸작 FN-MAG 기관총의 인기에 눌려 그리 널리 퍼지지는 못했다. 	A model used in Vietnam by the U.S. NAVY SEALs, classed as a basic submachine gun. Mounted on a tripod or bipod, it can also serve as a light or heavy machine gun. The Navy began as the T44 model, which adopted the belt feed of the German M42 machine gun and the operating system of the FG42 machine gun. It thus developed into a model that basically combined the two systems of the M42 and FG 42. The Navy features quick barrel changes, light weight, simplicity, and the ability to work as both a heavy and a light machine gun. It was later improved in many ways, but structural flaws left it overshadowed by the popularity of the Belgian masterpiece, the FN-MAG machine gun, so it never spread very widely.
장미가 그려진 슬레이어 반지이다. 비밀이라는 의미를 담고 있는 장미는 중세 귀족들이 밀서를 보낼 때 밀랍에 장미의 봉인을 찍어 사용했다고 한다. 이 반지는 중세의 비밀 밀사 조직이었던 장미기사단에게 주어지는 반지였다. 이 조직을 인정할 수 없었던 로마 카톨릭에서는 조직의 모든 것을 불태워 없앴으나, 이 반지 하나만은 누군가에 의해 남겨졌다고 한다. 	A Slayer ring with a rose on it. The rose, which stands for secrecy, is said to have been stamped as a seal in wax by medieval nobles when sending secret letters. This ring was given to the Knights of the Rose, a secret courier organization of the Middle Ages. The Roman Catholic Church, which could not accept the organization, burned every trace of it, but this one ring is said to have been saved by someone.
Pungo Mace의 발전된 형태로 봉의 끝에 수리 형상이 달려있는 메이스이다. 깃털 하나하나까지 정교하게 조각된 형상은 무기라기보다는 예술품이라는 인상을 준다. 이것으로 공격당한 자는 환각과 공포에 휩싸이면서 서서히 죽음에 이른다고 한다. 이것은 이집트 피라미드의 지하 입구 기둥에 세워져 있던 수리의 형상으로 만든 것으로 전해진다.	An advanced form of the Pungo Mace, a mace with an osprey figure on the end of its shaft. The figure, carved down to every feather, gives the impression of a work of art rather than a weapon. Those struck by it are said to be overcome by hallucinations and terror and to die slowly. It is said to be modeled on the figure of an osprey that stood on a pillar at the underground entrance of an Egyptian pyramid.
dark seal보다 많은 장소를 기억시킬 수 있어 최대 10번까지의 Charging 이 가능한 보석이다.	A gem that can memorize more places than the dark seal, and it can be charged up to 10 times.
쿼러시어 서배튼'이라고도 불리는 부츠로, 발을 보호해주는 신발겸 갑옷이다. 과거에는 무거운 금속성 재질로 만들었으나, 현대에 강화 알류미늄 6005 프레임을 사용하여 강한 충격과 높은 하중에 잘 견디며, 무게는 운동화 정도의 무게로 가볍게 되었다. 하지만 생산 된 양이 극 소수이며, 고가이기에 쉽게 찾아 볼수 없는 신발이다.	Boots also called 'Cuirassier Sabatons', serving as both footwear and armor to protect the feet. They used to be made of heavy metal, but today a reinforced aluminum 6005 frame lets them withstand strong impacts and heavy loads while being as light as sneakers. However, only a handful have been produced, and they are so expensive that they are rarely seen.
포켓수가 8개로 최대 8개의 퀵 아이템을 올려놓을 수 있다. 허리에 치중된 포켓의 무게를 어깨 위치로 옮겨, 전체 벨트의 무게를 감소 시켰다. 포켓의 수가 늘어날수록 무게와 방어력도 비례한다.	With 8 pockets, you can place up to 8 quick items on it. It moves the weight of the pockets from the waist to the shoulders, reducing the weight of the belt as a whole. As the number of pockets grows, weight and defense rise in proportion.
몬스터를 죽인 후 클릭하면 생기는 아이템으로, 몬스터의 레벨이 높을수록 그 해골의 가격은 높아진다. 돈을 벌 수 있는 수단 중 하나이며, 상점NPC에게 팔면 된다.	An item you get by clicking a monster after killing it; the higher the monster's level, the more its Skull is worth. It is one way to earn money: just sell it to a shop NPC.
프랑크족의 투구인 스팽겐 헬름이 등장한 것은 6세기경이었으며, 그당시 어느 정도 지위에 있는 사람만이 쓸수 있는 투구 였다. 하지만, 현대에 뱀파이어와의 전쟁에서 이 헬름의 구조가 여러가지 개조의 조건으로 적절하여, '적외선 감지기','망원경'기능등이 내제된 렌즈를 삽입하여,'스팽겐 헬멧'으로 새롭게 개량되었다.	The spangenhelm, the helmet of the Franks, appeared around the 6th century, and at the time only people of a certain rank could wear it. In the modern war against Vampires, however, the helm's structure proved well suited to all kinds of modifications, and it was reborn as the 'Spangen Helmet' by fitting lenses with built-in 'infrared sensor' and 'telescope' functions.
강철로 된 슬레이어 건틀렛으로, 중세 기사가 갖추어야 할 풀셋 장비 중에 하나이다. 13세기 스코틀랜드의 로디언 주 에든버러 지방의 어떤 기사가 착용했다고 전해지고 있다. 손목 위로 올라오는 물갈퀴 같은 부분에 살갗이 다치지 않도록 최고급 소가죽을 덧대었다. 움직임을 편하게 하기 위해 각 관절 마디마디가 부드럽게 연결되어있다.	A Slayer gauntlet made of steel, one of the pieces of the full set of equipment a medieval knight had to have. It is said to have been worn by a knight from Edinburgh in the Scottish county of Lothian in the 13th century. The finest cowhide lines the web-like part that rises above the wrist so the skin is not hurt. Every joint is smoothly linked for ease of movement.
차가운 바다 빛의 뱀파이어 팔찌이다. 살아있음을 상징하는 붉은색과는 반대로, 푸른빛은 죽음을 상징하기도 한다. 이는 유한한 생명을 가진 태초의 피조물인 인간과는 달리, 무한함, 어둠의 세계의 존재인 뱀파이어를 상징하기도 한다. 역 오각형 별 모양이 가운데 있는 팔찌로, 이것이 의미하는 바는 악, 검은 마술, 요술을 의미하며, 진정한 인간성의 역전을 의미한다.	A Vampire bracelet the color of the cold sea. In contrast to red, which symbolizes being alive, blue can symbolize death. Unlike humans, the primordial creations with finite lives, it thus stands for the Vampires, infinite beings of the world of darkness. The bracelet has an inverted pentagram in the middle, which signifies evil, black magic and sorcery, and the true inversion of humanity.
V자 모양의 멜빵이 달린 군용 벨트이다. 과거 영국 SAS에 군납되던 것으로 높은 생산단가로 인해 많은 양이 생산되지 않았다. 탄창과 각종 전투시 필요한 물품들을 넣을 수 있도록 다양한 종류의 포켓이 달려있다. 플렉탄 재질로 만들어져 외부 충격을 완화해주며 거므스름한 위장 색을 띄고 있다. 견고한 내구성과 실용적인 디자인에 희소성이 더해져 용병들 사이에서는 그 이름이 널리 알려져 있다.	A military belt with V-shaped suspenders. It was once supplied to the British SAS, but its high production cost meant few were made. It has many kinds of pockets for holding magazines and various items needed in combat. Made of Flecktarn material, it softens outside impacts and has a darkish camouflage color. Its sturdy durability, practical design and rarity have made its name widely known among mercenaries.
보다 많은 대미지를 주기 위해서 검 신을 크고 무겁게 제작했으며, 검 폭도 비교적  넓은 편이다. 무게를 줄이기 위해서 검 신의 한가운데에 홈을 파기도 했다. 일반적으로 벤다라는 느낌보다는 주로 칼의 무게를 이용해 친다라는 것이 더 어울릴 것이다.	To deal more damage, the blade was made large and heavy, and it is also relatively wide. A groove was sometimes cut down the middle of the blade to reduce its weight. In general, rather than cutting, it would be better described as striking with the weight of the sword.
붉은 빛이 엷게 감도는 이 금속 재질의 크로우는 거인 괴수의 손톱이라는 이름이 무색할 정도로 가볍고 다루기가 좋다. 금속 무기로써는 상당한 공격속도를 자랑하고 있으며, 손톱의 날 부분은 진공 열처리를 하여 표면이 매우 매끄럽고 날카롭게 제작되었고 내구성도 크게 강화되었다. 수련을 거듭한 뱀파이어들은 후배 뱀파이어들에게 이 무기의 사용을 적극 추천하고 있다.	Faintly tinged with red, this metal claw is light and easy to handle, belying its name, the claws of a giant beast. It boasts considerable attack speed for a metal weapon, and the edges of its claws were vacuum heat-treated to make their surface very smooth and sharp and to greatly strengthen their durability. Seasoned Vampires strongly recommend this weapon to younger Vampires.
늑대인간의 모습인 뱀파이어로, 캡틴이 늑대인간에게 흡혈당한 하루 후에 변한 형태이다. 일반적으로 늑대인간에게 물리게 되면 보름달이 뜰 때마다 변하지만, 뱀파이어가 늑대인간에게 물리게 되면 영구히 그 모습으로 남게 된 특이한 경우를 만들어 냈다고 할 수 있다. 	A vampire in werewolf form: the shape a Captain takes one day after a werewolf drains its blood. Normally, someone bitten by a werewolf changes at every full moon, but when a vampire is bitten by a werewolf it keeps that form forever, an unusual case indeed.
이들은 야생적이고 동물적인 요소들을 많이 볼 수 있다. 일부학자들의 알칸 연구에 따르면 '알칸은 높은 지능을 가지고 있는 늑대인간이다' 라고 정의하기도 했다.   	They show many wild, bestial traits. Some scholars studying the Alcan have gone so far as to define it as 'a werewolf with high intelligence'.
다른 뱀파이어에 비해 거대한 어금니를 지녔고 그 흉터가 다른 뱀파이어에 비해 크다고 해서 붙여진 이름이다. 정확하며 날카로운 손놀림을 구사하는 이들은 빠른 공격을 해, 슬레이어들은 큰 부상을 입는다. 	Their name comes from their huge fangs and scars, both larger than those of other vampires. With precise, razor-sharp hands they strike quickly, leaving Slayers badly wounded.
빅팽은 자주, 많은 양의 피를 흡혈하기때문에 흡혈당한 뼈만 앙상하게 남은 시체들로 인해 뼈무덤이 만들어진다고 한다. 	Big Fangs drain large amounts of blood so often that the corpses they leave, drained down to the bone, are said to pile up into bone graves.
'피의 주술사'로 알려진 이들은 슬레이어들이 상대하기 힘든 뱀파이어로, 피에 대한 탐욕이 극에 달해 약간의 틈만 보여도 흡혈을 한다고 한다. 워록에게 다량의 피를 흡혈당하면 뮤탄트같은 변종을 만들기도 한다. 	Known as the 'Blood Sorcerers', these vampires are hard for Slayers to face. Their greed for blood knows no bounds, and they are said to drain blood at the slightest opening. When a Warlock drains a large amount of blood from a victim, it can even create a mutation like the Mutant.
사뿐히 걸어 이동하는 이들의 인기척을 가까이서 느낀 슬레이어는 이미 이 세상 사람이 아닐 것이다.	They move with light, soft steps; a Slayer who senses one close by is already no longer of this world.
슬레이어들의 머리를 한손으로 잡아 부술 수 있을 정도의 엄청난 악력을 가지고 있는 이들은 '혼돈을 지키는 자'라 불리기도 한다. 	Their grip is so fearsome that they can crush a Slayer's head with one hand, and they are sometimes called 'the Keepers of Chaos'.
큰 보폭으로 걸어오는 모습이 마치 전투에서 승리하고 당당하게 돌아오는 개선장군의 모습처럼 보이는 이들의 위엄에서 슬레이어들은 종종 사기가 떨어져 전투에 고전한다고도 한다. 	Striding in with long steps, they look like a triumphant general returning proudly from battle, and their majesty is said to shake the morale of Slayers, who often struggle in the fight.
검투사를 연상케하는 이들은 피에 대한 집착이 강한 뱀파이어로, 피를 보면 이성을 잃고 자신의 칼을 더욱 더 많이 휘두른다고 한다. 	Recalling gladiators, these vampires are obsessed with blood; at the sight of it they are said to lose all reason and swing their blades all the harder.
힘과 스피드가 높은 이들은 무기를 가진 근접전에 강해 양손 검으로 상대방에게 주는 타격은 매우 크다. 카오스 나이트가 지나간 자리에는 시체의 무덤이 만들어진다고 한다. 	With great strength and speed, they excel at armed close combat, and the blows of their two-handed swords are devastating. Wherever a Chaos Knight passes, it is said to leave a grave of corpses behind.
전기톱을 사용하는 이들은 이름 그대로 닥치는대로 대량학살을 해, '학살자'라는 이름으로도 알려져 있다. 도망가는 사람들을 잡아서 목에 전기톱을 들이밀어 몸통을 떨구어내는 등 잔인한 행동을 서슴치 않는다고 한다. 	Wielding chainsaws, they live up to their name, slaughtering anyone in their path, and are also known as 'the Butchers'. They are said to think nothing of cruelty such as catching people as they flee and driving a chainsaw into their necks to sever their heads.
이들은 붉은 피를 보면 무아지경에 빠지게 되어 더욱 많은 수의 사상자를 만들어 내, 이들이 지나간 자리에는 무수히 많은 수의 목이 떨어진 시체들을 볼 수 있다. 	At the sight of red blood they fall into a frenzy and claim even more victims; wherever they pass, countless headless corpses can be seen.
폭주족을 연상케하는 이들은 솔져들을 지휘하는 뱀파이어로, 솔져들 중에서 머리가 좋고 우수한 뱀파이어를 뽑아 통솔권을 부여한다고 한다. 	Recalling biker gangs, these vampires command the Soldiers; it is said that the smartest and most capable Soldiers are chosen and given command.
지적, 육체적 능력이 뛰어나 상대하기 매우 까다로우며, 게다가 주위에 솔져들이 포진해 있을 가능성이 높아 캡틴의 출몰에 각별히 신경을 써야 한다. 동작이 매우 빨라 뱀파이어의 작전에서 척후병의 역할을 한다. 	Their superior intellect and physique make them very tough to face, and since Soldiers are likely to be deployed around them, beware whenever a Captain appears. Extremely fast, they serve as scouts in vampire operations.
연옥의 악귀를 연상케하는 다크스크리머는 산 생물을 흡혈하는 것을 즐기는 뱀파이어이다. 피에 중독된 것처럼 흡혈하는 이들의 시야에 들어온 생물들은 모두 그의 먹이가 되는 불행을 받아들여야 한다. 	Evoking a demon of purgatory, the Dark Screamer is a vampire that delights in draining the blood of living creatures. Addicted to blood, it drains everything it sees, and every creature that enters its sight must accept the misfortune of becoming its prey.
고대부터 내려오는 뱀파이어에 대한 문서에서는 닥치는대로 흡혈하는 이들의 모습을 피를 마시는 식인귀의 모습으로 그리고 있어, '피의 향연을 즐기는 악귀' 라고도 한다. 	Ancient documents about vampires depict them draining everything in their path like blood-drinking ghouls, and they are also called 'the Demons Who Revel in the Feast of Blood'.
아무런 이성과 지성이 없고, 좀비에 가까운 모습을 하고 있는 이들은 죽은 지 사흘이 되지 않은 시체가 뱀파이어에게 흡혈당해 생겨난 뱀파이어로, 공격력과 체력이 매우 낮아 잡기는 쉬우나 슬레이어들은 이들의 시독에 중독되지 않도록 조심해야 한다. 	With no reason or intellect and looking much like zombies, these vampires arise when a vampire drains the blood of a corpse less than three days dead. Their attack power and HP are very low, so they are easy to kill, but Slayers must take care not to be poisoned by their corpse venom.
쥐같이 약삭 빠르며 조용히 다가와 순식간에 슬레이어들을 공격하고 도망가는 이들은 발걸음의 보폭이 넓고 마치 걷는 것이 미끌어지는 것 같다고 해서 스트라이더라고 알려져 있다. 	Quick and sly as rats, they creep up silently, strike at Slayers in an instant, and run. Their long strides make their walk look like gliding, which is why they are known as Striders.
빠른 동작과 적절한 원거리 공격으로 슬레이어들을 괴롭히며, 도망가는 슬레이어에게 마법을 걸어 옴짝달싹 못하게 만든다. 	They harass Slayers with fast movement and well-placed ranged attacks, and cast spells on fleeing Slayers that leave them unable to move.
오랜 세월을 살아온 가디언급 뱀파이어로 엄청난 힘을 자랑하며 지능도 높아, 슬레이어들이 피하고 싶어하는 뱀파이어 중 하나이다. 	Guardian-class vampires who have lived for ages, they boast tremendous strength and high intelligence, making them among the vampires Slayers most want to avoid.
선봉장에서 다른 뱀파이어를 이끄는 역할을 주로 하며, 지략가로서도 뛰어나서 많은 뱀파이어들이 따른다고 한다. 이들은 시야에 들어온 슬레이어는 놓치는 일이 거의 없다고 알려져 있다. 	They usually lead other vampires from the vanguard, and they are such fine strategists that many vampires follow them. They are known to almost never lose a Slayer who enters their sight.
비정상적으로 발달한 근육을 가지고 있는 이들은 인간의 피와 근육을 모두 흡수하여 생긴 경우로 근육을 흡수하는 모습이 '마치 식인귀 같다'고 한다. 	Their abnormally developed muscles come from absorbing both the blood and the muscle of humans, and the way they absorb muscle is said to be 'just like a ghoul'.
마법을 사용하지 않고 오로지 맨손공격만 하는 이들은 무기를 가진 뱀파이어에 비해 공격속도가 느리지만 힘이 센 편이어서 이들을 상대할때는 접근전보다는 원거리에서 총으로 공격하는 편이 훨씬 유리하다. 	Using no magic, they attack only with their bare hands. They attack more slowly than armed vampires but are quite strong, so when facing them it is far better to shoot them from a distance than to fight at close range.
딱딱한 갑옷을 입은 뱀파이어로 지능은 떨어지지만, 맨 손으로 상대방에게 물리적인 타격을 가장 크게 주는 뱀파이어이다.	A vampire in hard armor. Its intelligence is low, but with its bare hands it deals the greatest physical damage of any vampire.
이들은 머리 회전이 빠른 더티스트라이더와 함께 다니는 경우가 많아 골레머를 상대하려면 더티스트라이더가 근처에 있다는 것을 잊지 말아야 하며 이들을 상대하려면 가급적이면 접근전은 피하는게 좋다.	They often travel with the quick-witted Dirty Striders, so when facing a Golemer, never forget that a Dirty Strider is nearby; it is best to avoid close combat with them whenever possible.
헬가디언은 자신의 키 만한 낫을 휘둘러 난도질하는 잔인한 뱀파이어로, 여자뱀파이어라고 믿기지 않을만큼 상대방에게 주는 타격이 커서 수없이 많은 사람들이 그녀의 낫에 두 동강이 나는 참사를 당했으며, 슬레이어는 물론 많은 뱀파이어들도 그녀의 희생양이 되었다고 한다. 	The Hell Guardian is a cruel vampire who hacks her victims apart with a scythe as tall as she is. Her blows are so devastating that it is hard to believe she is a female vampire; countless people have been cut in two by her scythe, and not only Slayers but many vampires too are said to have fallen victim to her.
그녀가 사용하는 낫에 대해 알려진 것은 거의 없으며 '피를 흡수하는 낫' 이라고만 알려져 있다. 	Almost nothing is known about the scythe she wields, save that it is called 'the Scythe That Drinks Blood'.
단도를 사용하는 마법 계열의 뱀파이어인 이들은 거의 모든 마법에 능통하고 체력 또한 다른 뱀파이어 못지 않게 강한 편이다. 	Magic-domain vampires who wield daggers, they are versed in almost every kind of magic, and their HP is as high as any other vampire's.
이들은 슬레이어들을 조롱하면서 교묘한 수단을 사용해서 공격하기를 좋아하며, 상대방의 정신을 혼미하게 만든 후에 공격하기 때문에 슬레이어들이 상대하기 힘든 뱀파이어 중 하나라고 한다. 	They love to mock Slayers and attack by cunning means, confusing their opponents' minds before striking, which is said to make them one of the vampires Slayers find hardest to face.
의심이 많고 조심스럽게 행동하는 호블은 조용히 다가와 공격하는 뱀파이어로, 방심하고 있던 슬레이어의 빈 곳을 노리는 경우가 많아 종종 큰 부상을 낳는다고 한다. 	Suspicious and cautious, the Hoble is a vampire that creeps up silently to attack. It often targets the openings of careless Slayers, frequently leaving them badly wounded.
호블은 한번에 다량의 피를 흡혈해 이들의 희생자들은 가죽과 뼈가 드러난 시체의 모습을 하고 있다고 한다. 	A Hoble drains a large amount of blood at once, and its victims are said to be left as corpses of bare skin and bone.
흡혈당하면 희생자의 목부분이 뭉텅 잘려나가 마치 식인을 당한듯한 시체의 모습을 볼 수 있다고 해서 철 이빨이라 불리는 뱀파이어이다. 	A vampire called Iron Teeth because the necks of its victims are torn clean away when it drains them, leaving corpses that look as if they had been eaten.
슬레이어들은 그들의 크기에 위축되어 사기가 저하되어 전투 불능상태가 되기도 한다. 거대한 손에서 나오는 강한 힘으로 가격당한 슬레이어는 정신이 혼미해 진다고 한다.  	Slayers are cowed by their size, and their morale can drop until they are unable to fight. A Slayer struck by the great force of their huge hands is said to be left dazed.
살아있는 인간이 뱀파이어에게 물리면 나타나는 모습으로, 육체적으로는 뛰어나지만 지적 능력이 떨어지는 뱀파이어이다. 	The form a living human takes after being bitten by a vampire: a vampire with great physical ability but little intellect.
뱀파이어가 된지 얼마 안되기 때문에 어린아이라 불리우는 이들은 흡혈당한 후, 현저하게 떨어진 감각때문에 상대방의 좌표를 정확하게 인식하지 못하기때문에 원거리 공격은 불가능하다고 한다. 	Called Kids because they became vampires only recently, their senses are badly dulled after being drained, so they cannot pinpoint an opponent's position, which is said to make ranged attacks impossible for them.
양손검을 사용하는 이들은 로마시대 검투사를 연상케한다. 고대문서에 로드카오스와의 전투장면을 묘사하고 있는데 ''로드 카오스가 사용하는 양손검으로 내려치면 파공음으로 인해 슬레이어들은 고막이 찢어지는 듯한 고통과 두려움에 떨었다.' 고 전하고 있다. 	Wielding two-handed swords, they recall the gladiators of Roman times. An ancient document describing a battle with a Lord Chaos records that 'when a Lord Chaos brought down its two-handed sword, the sound of the air splitting made the Slayers tremble in pain and terror, as if their eardrums were tearing'.
로드 카오스는 혼돈을 다스리는 혼돈의 주인이라 불리우며, 그가 지나간 자리에는 피가 다 빨린 앙상한 시체만 남는다고 한다.  	The Lord Chaos is called the master of chaos who rules over chaos, and wherever it passes, it is said to leave only withered corpses drained of all their blood.
점잖은 영국 노신사를 연상케 하는 로드 다크니스는 온화해 보이지만 날카로운 눈빛을 숨기고 있는 노장 뱀파이어로, 오랜 세월을 인간과 공존해 왔기 때문에 인간의 습성이나 삶에 대해 잘 알고 있다고 한다. 	Resembling a dignified old English gentleman, the Lord Darkness is a veteran vampire who looks gentle but hides a piercing gaze. Having lived alongside humans for ages, it is said to know human habits and lives well.
인간들 속에서 쉽게 구분되지 않아 오랜 동안 많은 사람들이 그의 희생양이 되어 왔다고 한다. 그가 지나간 자리에는 남겨진 우울함만이 감돈다고 한다. 	Hard to tell apart from ordinary humans, it is said to have claimed many victims over a long time. Only gloom is said to linger wherever it has passed.
현존하는 여자 뱀파이어 중 가장 나이가 많다고 알려져 있으나 젊어지는 마법을 걸어 실제의 나이를 추정할 수 없다고 한다. 흑마법에 능통한 로드헬은 머리 부분에 염소조각이 되어 있는 staff를 분신처럼 아낀다. 	The Lord Hell is known as the oldest living female vampire, but a rejuvenating spell makes her true age impossible to guess. A master of black magic, she cherishes her staff, carved with a goat's head at the top, as if it were part of herself.
이들에게 흡혈당한 슬레이어들은 구겨진 휴지조각 같은 시체의 모습으로 내버려지게 된다고 한다. 이들은 공중부양마법을 이용해 빠르게 이동하는 특징을 가지고 있다. 	Slayers drained by them are said to be discarded like crumpled scraps of paper. They are known for moving quickly with levitation magic.
흑마법사를 연상케하는 이들은 마법을 사용하는 뱀파이어로, 오랜 세월동안 쌓아온 지식으로 인해 뛰어난 마법 능력을 가지고 있다고 한다. 	Recalling black mages, these magic-using vampires are said to possess outstanding magical ability thanks to knowledge built up over ages.
전신을 로브로 감싸고 있는 이들에 대해 일부학자들은 '마법의 원천은 뇌의 각 신경들을 모체로 하고있는 뿔에서 나온다'라고 추측하고 있다. 죽음이 임박했을때 이들은 자신의 몸을 부순다고 한다.	Some scholars speculate about these robe-shrouded vampires that 'the source of their magic lies in their horns, which grow out of the nerves of the brain'. When death is near, they are said to destroy their own bodies.
변이에 의해 생겨난 곱추 몬스터로, 보통의 뱀파이어가 마법 계열 뱀파이어에게 비정상적으로 피를 많이 흡혈당해서 생겨난 형태로, 알칸과는 형성 단계에서 다르다는 것을 구별해야 한다. 	A hunchbacked monster born of mutation, the form an ordinary vampire takes after a magic-domain vampire drains an abnormal amount of its blood. Note that it forms in a different way from the Alcan.
뮤탄트는 땅에 끌릴듯한 긴 팔로 상대방에게 주는 타격이 커서, 웬만한 슬레이어가 혼자 상대하기는 버거운 뱀파이어이다. 빠른 이동이 특징이다.	The Mutant's long arms, which nearly drag on the ground, deal heavy blows, making it a vampire most Slayers would struggle to face alone. It is known for moving fast.
독계열 마법의 전문가인 레드아이는 피를 무리하게 흡수한 나머지, 눈이 붉게 변한 후 시력을 잃어서 청각으로만 적을 느끼고 그에 반응한다. 	An expert in poison-domain magic, the Red Eye absorbed so much blood that its eyes turned red and it went blind, so it senses and reacts to enemies by hearing alone.
마법을 사용할 때 붉은 눈을 뜨는 이들은, 눈에 깃든 피의 힘으로 인해 더욱  강력한 마법을 구사한다고 한다. 이들의 눈을 본 슬레이어들은 그의 마법에 걸려 힘든 전투를 경험하게 된다고 한다. 	They open their red eyes when casting spells, and the power of the blood within their eyes is said to make their magic even stronger. Slayers who see their eyes are said to fall under their spell and face a hard fight.
전신을 붕대와 옷으로 가리고 다니는 리퍼는 음침한 수도자 같은 모습으로 조용히 다가와 무리의 슬레이어들을 교란시켜 죽음으로 몬다고 해서 '죽음의 사신'이라고도 불린다. 	Shrouded head to toe in bandages and robes, the Reaper looks like a gloomy monk. It creeps up silently, throws groups of Slayers into chaos and drives them to their deaths, which is why it is also called 'the Grim Reaper'.
조용히 다가와 많은 슬레이어들을 당황하게 만들기도 해, 이들을 피하려다 큰 사고를 부르는 경우가 많다고 한다. 리퍼의 번뜩이는 눈을 본 슬레이어들은 오금이 저릴 정도의 두려움을 느낀다고 한다. 	They creep up silently and throw many Slayers into a panic, and trying to avoid them often leads to disaster. Slayers who see a Reaper's gleaming eyes are said to feel a fear that turns their knees to water.
어둠의 날개라는 독특한 기술을 사용해 공중을 부유하는 뱀파이어이다. 이들은 평상시의 부양은 약간 떠다니는 정도지만 허공으로 상승도 가능하다고 한다. 지능이 높은 편이며, 섀도우윙의 시야에 들어온 웬만한 슬레이어들은 목숨을 부지하기 힘들다고 한다. 섀도우 윙은 공중에 떠 있는 상태에서도 마법을 사용할 수 있으며, 빠른 이동이 특징이다. 	A vampire that floats through the air using a unique technique called the Wings of Darkness. Normally it merely hovers a little above the ground, but it is said to be able to rise high into the air as well. It is fairly intelligent, and most Slayers who enter a Shadow Wing's sight are said to have little hope of escaping with their lives. The Shadow Wing can cast spells even while floating in the air, and it is known for moving fast.
슬레이어 전문 뱀파이어인 이들은 어느 정도의 체력을 기반으로 형성된 뱀파이어로, 오랜세월 인간과의 전투에서 습득한 지식을 토대로 인간의 약점들을 학습한다. 	Vampires specialized in fighting Slayers, formed from those with a certain level of physical strength. They study human weaknesses based on knowledge gained over ages of fighting humans.
세력의 기반이 되는 이들은 지적 능력과 육체적 능력이 뛰어나며, 단체 행동을 하도록 교육받아서 늘 그룹으로 이동한다. 숫적인 우위를 잡기 전까지 이들을 상대하기는 상당히 어렵다고 한다.  	The backbone of their forces, they have superior intellect and physique, and they are trained to act as a unit, so they always move in groups. Facing them is said to be quite difficult until you gain the advantage in numbers.
어둠의 날개라는 독특한 기술을 사용해 공중 부양 이동을 하는 뱀파이어로, 지표에서 약간 떠서 빠르게 이동하며 마법을 사용한다. 유사시에는 허공으로 상승도 가능하다고 한다. 	A vampire that levitates as it moves using a unique technique called the Wings of Darkness. It moves quickly while floating slightly above the ground and casts spells. In an emergency, it is said to be able to rise high into the air as well.
지능이 높은 편이며, 섀도우윙의 시야에 들어온 웬만한 슬레이어들은 목숨을 부지하기 힘들다고 한다. 	It is fairly intelligent, and most Slayers who enter a Shadow Wing's sight are said to have little hope of escaping with their lives.
일정량 이상의 피를 흡수할 경우 인간에 가깝게 진화하는 경우가 있는데, 인간으로 살아있을 당시의 능력이 아주 강하거나 특출난 경우에 발생하는 것으로 죽음을 되돌리는 상황에서 생겨난 뱀파이어이다. 	When some vampires absorb more than a certain amount of blood, they evolve into something closer to human. This happens when the person had very great or exceptional abilities in life, and it creates a vampire that has turned back death.
여기에서 진화하여 온전한 뱀파이어가 되는 경우도 있지만 99% 이상이 이 정도의 단계만을 밟고 더 이상 진화하지 못한다고 한다. 	Some evolve further from here into full vampires, but more than 99% are said to get no further than this stage and never evolve again.
터닝 데드에서 진화하지 못한 99 %를 제외한 1% 가 진화하여 된 뱀파이어로, 이 단계로 진화하면서 약간의 정신력을 가지게 된 형태이다. 하급 뱀파이어 중에서도 상위이나, 같은 하급 뱀파이어인 캡틴에 비해 체력이 떨어진다. 	A vampire formed from the 1% of Turning Deads that manage to evolve, unlike the other 99%; evolving to this stage gives it a little willpower. It ranks high among lesser vampires, but has less HP than the Captain, another lesser vampire.
무기나 마법을 사용할 줄 모르기 때문에 양손을 사용하는 근거리 공격만 가능하다. 	Since it does not know how to use weapons or magic, it can only attack at close range with both hands.
인디언 부족을 연상케하는 이들은 행동이 민첩하고 빠른 공격을 특징으로 하는 뱀파이어로, 사정거리에 들어온 먹이를 단숨에 낚아채듯이 도끼로 찍어 갈갈이 찢어놓기 때문에 희생자의 형체는 알아볼 수 없을 정도라고 한다.	Recalling a Native American tribe, these vampires are agile and known for their fast attacks. They snatch up any prey that comes within reach and hack it to shreds with their axes in one swoop, leaving their victims beyond recognition.
빠른 행동으로 눈깜짝할 사이에 슬레이어 앞에 나타나서 종종 슬레이어들을 당황하게 하기도 한다. 	They move so fast that they appear before Slayers in the blink of an eye, often throwing them into a panic.
공격할 때 부채를 휘둘러 내뿜는 산으로 공격하는 이들 위도우스는 뱀파이어에게 물린 후 또 다른 뱀파이어에게 2차로 물린 경우 나타나는 형태로, 이들은 종종 체력을 쌓기 위해 자신보다 강한 뱀파이어의 피를 흡혈한다. 	The Widows attack with acid they spray by waving their fans. They are the form that appears when someone bitten by a vampire is bitten a second time by another vampire, and they often drain the blood of vampires stronger than themselves to build up their strength.
여자 뱀파이어 치고는 힘과 마법력이 센 편에 속하며, 종종 우둔한 하급 뱀파이어들을 무시한다고 한다. 	For female vampires they are fairly strong in both strength and magic power, and they are said to often look down on dull-witted lesser vampires.
이 기술을 배우게 되면, AR(Assault Rifle)를 완벽하게 마스터할 수 있기 때문에, AR을 사용할때 항상 명중률과 데미지의 보너스를 받습니다. 이 기술은 AR을 들고 있을때에만 항상 적용되는 패시브 기술입니다. 다른 총을 들게 되면 보너스는 적용되지 않습니다.	Learning this skill gives you complete mastery of the AR (Assault Rifle), so you always receive a To Hit and Damage bonus when using one. This passive skill is always active, but only while you hold an AR. The bonus does not apply if you switch to another gun.
뱀파이어는 악령을 이용해 상대를 현혹시키는데 능숙하다. 악령에 현혹된 자들은 스스로 인식하지 못하는 상태에서 모든 지각능력에 혼란이 생긴다. 이 때문에 모든 행동이 의도와는 전혀 다른 결과를 초래하기도 한다.	Vampires are adept at bewitching their foes with evil spirits. Those beguiled by the spirits have all their senses thrown into confusion without even realizing it, so that every action they take may end in a result entirely different from what they intended.
시체에서 영혼을 흡수하여 자신의 EP를 회복하고, HP 회복아이템을 제조하는 기술입니다. HP회복 아이템인 Pupa를 만드려면 Larva가 필요합니다.	A skill that absorbs the soul from a corpse to restore your EP and to craft HP recovery items. Making Pupa, an HP recovery item, requires Larva.
뱀파이어들은 순식간에 강력한 산성 액체를 공중에 창조해낼 수 있습니다. 이 마법은 Acid Bolt 의 강화판으로, 보다 많은 양의 산성 액체의 구를 적에게 발사하는 마법입니다. 이 지독한 산의 덩어리는 희생자의 온몸을 녹여버리며, 금속이나 보석들 역시 순식간에 한낱 부스러기로 만들어버립니다.	Vampires can conjure a powerful acidic liquid out of thin air in an instant. This spell is an enhanced Acid Bolt that fires a larger sphere of acid at the enemy. The vicious mass of acid melts the victim's entire body and reduces metal and gems to mere fragments in moments.
레벨이 높은 뱀파이어들은, 순식간에 강한 산성의 액체를 공중에 창조해내서 적을 향해 던질 수 있습니다. 이 산성 액체는 부식성이 매우 강해서 인간의 육체는 물론 총이나 칼, 방어구 같은 여러가지 금속제품을 쉽게 상하게 만듭니다. 	High-level vampires can instantly conjure a strongly acidic liquid in the air and hurl it at the enemy. The acid is so corrosive that it easily ruins not only human flesh but guns, blades, armor and all manner of metal goods.
증오심이 극에 다다르게 되면 자신의 의도와는 상관없이 행동으로 옮기는 경우를 겪곤 하는데 우리 일족 중에서도 지능이 비정상적으로 높아진 그들은 그 증오심을 이용해 더욱 강한 산성 마법으로 만들어내기에 성공하였다. 에시드이럽션(AcidEruption)은 강한 산성마법 공격과 함께 우리 일족의 증오심을 시각적으로 과장시킨 환영을 만들어내 적을 공포에 떨다가 죽음에 이르게 한다.	When hatred reaches its peak, one often acts regardless of one's own will; those of our kin whose intelligence has grown abnormally high have succeeded in turning that hatred into an even stronger acid magic. Acid Eruption unleashes a powerful acid attack along with an illusion that gives visible, exaggerated form to our kin's hatred, leaving the enemy trembling in terror until death takes them.
뱀파이어들은 엄청난 양의 산을 가지고 자신의 뜻대로 만들어 공격할 수 있습니다. 마법 사용시 체력 소모가 많은 반면, 한번에 넓은 지역에 분포되어 있는 생물들에게 치명적인 타격을 입힐 수 있습니다.	Vampires can shape an enormous quantity of acid at will and attack with it. The spell costs a great deal of HP, but it can deal lethal blows to every creature spread across a wide area at once.
살을 부식하게 만드는 산으로 뱀파이어들은 자유자재로 공격을 할 수 있습니다. 이들은 강력한 마법을 구사하기를 원하며 자신의 체력을 엄청나게 소비하는 한이 있더라도, 한번의 강력한 공격으로 적에게 치명적인 데미지를 주길 원합니다. 그래서 발전된 이 마법은 무차별 산 공격이 진행되나 엄청난 체력 소모가 뒤따릅니다.	Vampires can attack freely with acid that corrodes flesh. They crave powerful magic and want to deal lethal damage to the enemy in a single mighty strike, even if it drains an enormous amount of their HP. This advanced spell therefore unleashes an indiscriminate acid attack, at the price of a heavy HP cost.
바닥에 산성 액체를 뿌리는 마법입니다. 일정 시간 후에 사라지게 되지만 그 전에 그 지역을 통과하는 모든 인물들에게 산성의 피해를 줍니다. 아이템의 내구성도 닳지만 그 지역을 통과하면 더 이상 산에 의한 피해를 입지는 않습니다.	A spell that spreads acidic liquid on the ground. It vanishes after a set time, but until then it deals acid damage to everyone who passes through the area. Item durability also wears down, but once you have crossed the area you take no further acid damage.
강한 산성 액체를 손톱끝에 맺히게 해서 적을 공격하는 기술입니다. 이때, 당하는 쪽은 물리적인 데미지 외에 추가적인 산 데미지를 입게 됩니다. 강산은 슬레이어뿐만 아니라 뱀파이어에게도 피해를 줄 수 있으며, 착용하고 있는 아이템의 내구성을 보다 많이 떨어뜨리게 됩니다.	A skill that gathers a strong acid at your fingertips to attack the enemy. The victim takes additional acid damage on top of the physical damage. The strong acid can harm Vampires as well as Slayers, and wears down the durability of the target's equipped items even faster.
오랫동안 고행을 거듭한 성직자들에게 나타나는 성령의 은총으로, 바티칸 지하 서고에 소장되어 있는 고대 기록에는 몇몇 성직자에게만 이 은총이 발현되었다고 기록하고 있습니다.  신에 대한 믿음이 시술자와 시전자 모두에게 간곡하다면, 다친 사람의 상처를 훨씬 빨리 아물게 할 수 있습니다.	A grace of the Holy Spirit granted to priests after long years of penance; ancient records kept in the Vatican's underground archives say it manifested in only a few priests.  When both the healer and the one being healed have earnest faith in God, the wounds of the injured close far more quickly.
도를 이용하여 강력한 대기의 흐름을 생성함으로써 시전자 주변에 공기를 이용한 방어막을 형성합니다. 적의 공격은 방어막을 통과하면서 현저히 약해지게 됩니다.	Using the blade to create a powerful air current, you form a barrier of air around yourself. Enemy attacks are greatly weakened as they pass through the barrier.
뱀파이어 마스터들은 그 누구도 항거할 수 없을 정도의 강한 힘을 가진 피의 수정을 소환하여 슬레이어를 가두어 둘 수 있습니다. 이 수정 안에 갇힌 동안 슬레이어들은 엄청난 고통을 겪게 됩니다.	Vampire Masters can summon a crystal of blood whose power no one can resist and imprison Slayers in it. Slayers trapped inside the crystal suffer terrible agony.
군인이 다루는 AR(Assault Rifle)타입, SMG(Sub-Machine-Gun)타입, SR(Sniper Rifle)타입, SG(SHOT Gun)타입의 모든 화기에 대한 숙련도를 상승시켜주는 훈련 과정이다. ArmsMastery를 익힘으로써 총기가 가지는 모든 화력을 발휘할 수 있게 된다.	A training course that raises proficiency with every firearm a soldier handles: AR (Assault Rifle), SMG (Sub-Machine-Gun), SR (Sniper Rifle) and SG (Shot Gun). Learning Arms Mastery lets you bring out the full firepower of your gun.
암스마스터리의 2번째 기술로서 군인이 다루는 AR(Assault Rifle)타입, SMG(Sub-Machine-Gun)타입, SR(Sniper Rifle)타입, SG(SHOT Gun)타입의 모든 화기에 대한 숙련도를 더욱 향상시켜 주는 훈련과정이다.	The second Arms Mastery skill, a training course that further improves proficiency with every firearm a soldier handles: AR (Assault Rifle), SMG (Sub-Machine-Gun), SR (Sniper Rifle) and SG (Shot Gun).
소행성을 낙하시킬 수 있는 매우 강력한 마법입니다. 특정 지역에 광범위하게 떨어지며, 지력이 높은 시전자가 사용하면 한층 더 강한 위력을 보여줍니다.	An extremely powerful spell that brings down an asteroid. It strikes a wide area and grows even stronger in the hands of a caster with high INT.
※승급 50등급 달성시 마켓에서 스킬북을 통해 무료로 습득하실 수 있습니다.	* Once you reach Advancement level 50, you can learn it free of charge with a skill book from the Market.
성직자는 진심어린 기도를 통해서 오오라를 발현시킬 수 있습니다. 이 오오라는 악한 존재에게 큰 피해를 주는데, 성직자의 믿음의 정도에 따라서 오오라를 자유자재로 활용할 수 있습니다. 이 마법을 사용하면 오오라를 구체로 응집시켜 뱀파이어에게 발사할 수 있습니다. 숙련도가 올라갈수록 뱀파이어에게 보다 높은 피해를 주게 됩니다.	Through heartfelt prayer, a priest can manifest an aura. This aura deals heavy damage to evil beings, and a priest can wield it freely according to the strength of his faith. This spell condenses the aura into a sphere and fires it at a Vampire. The higher your proficiency, the more damage it deals to Vampires.
성직자들은 오오라를 링의 형태로 변환시켜서 뱀파이어를 둘러싸게 할 수 있습니다. 이 오오라에 둘러쌓이면 뱀파이어는 일정시간동안 움직일 수 없게 되며, 오오라가 사라질때 큰 타격을 입게 됩니다. 	Priests can shape their aura into a ring that surrounds a Vampire. A Vampire caught in the ring cannot move for a set time and takes a heavy blow when the aura fades.
성스러운 오오라를 이용하여 적의 물리적인 공격을 무력화시키는 마법입니다. 성직자가 마법을 시전하는 사이에 뱀파이어가 물리적인 공격을 가하게 되면 데미지의 일부는 자신에게 돌아오게 됩니다. 이 마법은 오직 자신에게만 시전할 수 있는 마법으로, 성직자 중에서도 그 성력을 인정받은 몇몇에게만 전승되는 마법입니다.	A spell that uses a holy aura to nullify the enemy's physical attacks. If a Vampire strikes the priest physically while the spell is in effect, part of the damage is turned back on the attacker. It can only be cast on yourself, and it is passed down only to the few priests whose holy power has been recognized.
오랫동안 뱀파이어를 비롯한 악의 존재에 대해서 연구해온 성직자들은 그들의 신앙심으로 이끌어낸 빛이 사악한 존재에게는 큰 피해를 준다는 사실을 알게 되었습니다. 이 성스러운 빛에 쏘인 뱀파이어는 치명적인 데미지를 입게 됩니다.	Priests who have long studied Vampires and other evil beings learned that the light drawn out by their faith deals great harm to the wicked. A Vampire bathed in this holy light suffers lethal damage.
특정확률로 치명적인 공격을 가하는 공격스킬로 무기 데미지와 스킬레벨에 따라 데미지가 결정됩니다.	An attack skill that has a set chance to deal a critical blow; damage is determined by weapon damage and skill level.
감정계의 정령인 브레크로지의 가호를 받는 기술로 그의 가호를 받는 자에게 용기를 주어 기운을 나게 해줍니다.	A skill blessed by Brekrozi, a spirit of emotion; his protection fills those in his care with courage and lifts their spirits.
대지계열의 기본적인 중거리 공격마법으로 INT와 스킬레벨에 따라 데미지가 증가합니다. 공격거리는 스킬레벨에 종속됩니다.	A basic mid-range attack spell of the Earth domain; damage increases with INT and skill level. Range depends on skill level.
대지의 요정인 드워프의 무서운 힘을 빌어 암석을 떨어트리는 마법입니다.	A spell that borrows the fearsome strength of the dwarves, fairies of the earth, to drop rocks on the enemy.
몸에서 불은 불꽃이 일렁이는 이 기술은 체력 소모가 많으나, 자신의 눈 앞에 보이는 적들에게 치명적인 타격을 줄 만큼 강한 위력을 가지고 있습니다. 일정시간동안 자신의 몸 안에 있는 모든 열기를 방출하여 광전사로 변해 눈앞의 적들에게 치명적인 타격을 줍니다.	With red flames flickering over the body, this skill costs a lot of HP but is powerful enough to deal lethal blows to every enemy in sight. For a set time you release all the heat within your body and become a berserker, striking down the enemies before you.
바이크에 탑승한 채로 빠른 속도로 돌진하여 앞바퀴를 축으로 바이크를 회전시킴으로서 주변의 모든 적을 날려버린다. 오랜 기간 개인의 유용한 이동수단으로 활용되던 바이크를 공격에 응용한 기술로 멋과 파괴력을 모두 갖춘 기술이다.	Charge at high speed on your Motorcycle and spin it on its front wheel to send every enemy around you flying. It turns the Motorcycle, long a handy personal means of travel, into a weapon, and has both style and destructive power.
거대한 폭풍을 특정 지역에 몰아치게 할 수 있는 능력. 이 기술은 여러 명의 적들에게 매우 효과적이다.	The power to unleash a great storm on a chosen area. This skill is highly effective against multiple enemies.
불덩어리를 발사하는 원거리 공격마법으로 INT와 스킬레벨에 따라 데미지가 결정됩니다. 딜레이와 공격거리는 스킬레벨에 종속됩니다.	A long-range attack spell that fires a fireball; damage is determined by INT and skill level. Delay and range depend on skill level.
불의 상위 정령 이그니스의 도움을 받는 마법으로 kasa’s arrow의 발전형입니다. 이그니스에게 전수 받은 이 마법은 먼 거리까지 강력한 공격이 가능합니다.	A spell aided by Ignis, a greater fire spirit, and an advanced form of Kasa's Arrow. Taught by Ignis, it can strike powerfully at long range.
검에 비해 방어가 허술하다는 단점을 보완하기 위해 만들어진 블레이즈워크는 자신의 분신을 소환하여 여러 번 후속 공격을 시도하여 상대방에게 공격할 타이밍을 잡지 못하도록 만드는 기술이다. 블레이즈워크는 공격 타이밍을 뺏어 버리는 동시에 화염에 휩싸인 도를 이용한 강한 공격력으로 순식간에 목숨을 빼앗아버리는 무서운 공격기이다. 	Created to make up for the blade's weaker defense compared with the sword, Blaze Walk summons your own doubles to launch a series of follow-up attacks, leaving the opponent no moment to strike back. Stealing the enemy's timing while slashing with a flame-wreathed blade, Blaze Walk is a fearsome technique that takes a life in an instant.
특정확률로 불 데미지를 추가하는 패시브 스킬로 1슬롯과 2슬롯에 불 정령석을 장착하고 3슬롯에 대지 정령석을 장착하여야만 스킬이 적용된다. DEX와 STR에 따라 데미지 보너스가 결정되며, 성공률은 정령 레벨에 따른다. 스	A passive skill that adds fire damage at a set chance. It only works with fire soul stones in slots 1 and 2 and an earth soul stone in slot 3. The damage bonus depends on DEX and STR, and the success rate on spirit level.
뛰어난 성직자들은 자신 혹은 다른 사람을 축복함으로써, 그들의 능력을 강하게 만들고 전투에서 지지 않도록 해 줍니다. 이 마법을 사용하면 자신 혹은 다른 슬레이어의 모든 능력치를 일정시간동안 증가시킬 수 있습니다. 숙련도가 올라갈수록 지속 시간과 증가하는 능력치의 양이 많아지게 됩니다. 	Gifted priests can bless themselves or others, making them stronger so they do not falter in battle. This spell raises all stats of yourself or another Slayer for a set time. The higher your proficiency, the longer the duration and the larger the stat increase.
블리츠슬라이딩은 상대방의 방어가 허술한 부위를 먼저 진공상태에 이르게한 뒤 뇌전에 둘러싸인 검을 이용해 전광석화처럼 빠르게 베는 기술로서 진공상태에 놓은 공간을 검기로 균열을 냄으로서 파괴력을 극대화시켰다고 한다. 이 기술은 뇌전의 힘을 자유자제로 다룰 수 있는 경지에 도달한 무사들만이 사용할 수 있는 최강의 검 기술이다.	Blitz Sliding first creates a vacuum at the weak points in the opponent's guard, then cuts at lightning speed with a sword wreathed in thunder; splitting the vacuum with the sword's energy is said to maximize its destructive power. It is the ultimate sword technique, usable only by warriors who have learned to wield the power of thunder at will.
특정확률로 상대에게 공격장애를 일으키는 패시브 스킬로 1,2,3번 정령석 슬롯에 불,물,대지 속성을 순서대로 가지고 있어야합니다. DEX에 따라 지속시간이 결정되며, 성공률은 정령 레벨에 따릅니다.	A passive skill that has a set chance to disrupt the target's attacks; soul stone slots 1, 2 and 3 must hold fire, water and earth, in that order. Duration depends on DEX and the success rate on spirit level.
혼돈의 정령 레프리컨의 힘을 챠크람에 깃들게 하는 기술입니다. 이 기술은 차크람을 이용한 모든 근접 공격에 일정 비율로 상대방에게 공격장애를 입힙니다. 이에 걸린 캐릭터나 몬스터는 잠시 공격이나 마법을 시전하지 못하며, 오토바이 소환도 불가능합니다.	A skill that infuses your chakram with the power of the Leprechaun, spirit of chaos. At a set rate, every melee attack with the chakram disrupts the target's attacks. An afflicted character or monster briefly cannot attack or cast spells, and cannot summon a Motorcycle either.
뱀파이어는 흡혈을 통해서 불완전한 영생을 누릴 수 있게 된다. 너무 오랫동안 피를 마시지 못한 뱀파이어는 며칠을 굶은 인간처럼 서서히 죽어가게 된다. 그러나, 인간에 비해서 상당히 오랫동안 피를 섭취하지 않고도 살아나갈 수 있는데, 단지 편안한 관 속에서 숙면을 취하면 된다고 한다. 	Through Blood Drain a vampire enjoys an imperfect eternal life. A vampire who goes too long without drinking blood slowly dies, like a human starved for days. Yet a vampire can survive far longer without blood than a human can without food, simply by sleeping soundly in a comfortable coffin.
피 속에 들어 있는 특수한 힘이야말로 뱀파이어의 죽은 육신을 움직이는 진짜 원동력이다. 뱀파이어는 자신이 빨아들인 피를 소모시켜서 특별한 마법을 행할 수 있다. 이런 능력은 이성을 가진, 자신의 뱀파이어적인 본성을 자각할 수 있는 모든 뱀파이어에게 부여되어 있다.	The special power held in blood is the true force that moves a vampire's dead body. A vampire can spend the blood it has drunk to work special magic. This ability is granted to every vampire who has reason and is aware of its own vampiric nature.
본래 뱀파이어들은 자신들이 흡혈을 통해 몸 안에 응축해 놓은 피의 힘을 자유자재로 사용할 수 있다고 합니다. Bloody Ball은 체내에 축적해 놓은 인간의 피를 이용하여 구체를 만들어 상대방에게 물리적인 공격을 가하는 기술입니다. 	Vampires are said to be able to freely use the power of the blood they have stored in their bodies through Blood Drain. Bloody Ball shapes the human blood stored in the body into a sphere and strikes the opponent physically with it.
체내에 축적된 막대한 양의 피를 전방으로 해일처럼 분출시켜 일정범위내의 적을 쓸어버리는 기술이다. 피의 소모가 많지만 그만큼 강한 위력을 보여주는 스킬로 피를 이용한 궁극의 기술이라고 할 수 있다.	A skill that sprays a vast amount of stored blood forward like a tidal wave, sweeping away enemies within a set area. It consumes a lot of blood but is powerful in proportion, and can be called the ultimate blood technique.
뱀파이어는 자신이 흡혈해서 체내에 축적시킨 피를 자유자재로 사용해서 공격할 수 있습니다. 이 기술은 피를 날카로운 물체로 만들어서 발사, 공격하는 마법입니다. 원거리의 마법으로 상대적으로 약하지만 멀리서 다가오는 슬레이어들을 견제하기에는 충분한 마법입니다. 	Vampires can attack freely with the blood they have drained and stored in their bodies. This spell forms the blood into a sharp projectile and fires it. As a long-range spell it is relatively weak, but it is more than enough to keep approaching Slayers at bay.
bloody tunnel 을 사용하기 위해 특수한 보석을 이용하여 도착지점을 붉은 피의 기운으로 메모라이즈 시키는 기술입니다. 뱀파이어들은 그들의 메모라이즈 기능을 가지고 있는 보석과 마법을 이용하여 공간 사이를 쉽게 이동할 수 있습니다. 이 기술을 사용하면 붉은 피의 기운이 땅속 깊숙한 곳에 봉인되어 오직 이 장소를 기억하고 있는 보석으로만 봉인을 풀어 이동할 수 있다고 합니다. 	A skill that uses a special gem to memorize a destination with the aura of red blood, for use with Bloody Tunnel. With gems that can memorize places and their magic, vampires move easily through space. Using this skill seals the red blood aura deep underground, and only the gem that remembers the place can break the seal and carry you there.
피의 힘을 손톱에 모아 공격하는 마법입니다. 피로 인해 길어진 손톱에서 나오는 공격은 독이나 산을 사용하는 공격과는 비교가 되지 않을 정도로 강합니다. 방어를 하더라도 방어구의 내구성이 감소할 정도로 강한 물리적 공격입니다. 	A spell that gathers the power of blood into the nails to attack. Attacks from nails lengthened by blood are far stronger than any poison or acid attack. It is a physical attack strong enough to wear down armor durability even when blocked.
뱀파이어들은 체내에 축적되어 있는 피를 자유자재로 사용할 수 있습니다. 축적되어 있는 피를 뿜어 내어 창 모양으로 만들어, 그것을 가지고 상대방을 공격할 수 있다고 합니다. 하늘로 높게 쏘아올린 피의 창이 떨어지며 막대한 타격을 입힙니다.	Vampires can use the blood stored in their bodies at will. They can spray out that blood, shape it into a spear, and attack with it. The spear of blood is shot high into the sky and deals massive damage as it falls.
많은 마법을 수련해온 뱀파이어들은 더욱 더 강하고 넓은 지역을 공격할 수 있는 마법을 발전시키기에 이르렀습니다. 피의 구체를 만들어 한꺼번에 넓은 공간을 공격해 많은 생물들에게 치명적인 데미지를 줄 수 있습니다.	Vampires who have trained in many spells have come to develop magic that strikes harder and over wider areas. It forms spheres of blood that hit a wide space at once, dealing lethal damage to many creatures.
홈페이지 '마켓'에서 스킬북을 이용해 배울 수 있습니다.	You can learn it with a skill book from the 'Market' on the homepage.
뱀파이어는 자신의 체내에 축적된 피를 자유자재로 사용할 수 있습니다. 피의 마법을 구사하는 그들은 더욱 더 강력하고 많은 데미지를 주는 마법을 발전시키기에 이르렀습니다. 이 마법은 사용하는 사람의 체력 소모가 많으나, 한꺼번에 상대방에게 많은 데미지를 줄 수 있습니다.	Vampires can use the blood stored in their bodies at will. Wielders of blood magic have come to develop spells that are ever stronger and deal ever more damage. This spell costs the caster a lot of HP, but deals a great deal of damage to the target at once.
뱀파이어들은 흑마법을 이용하여 공간을 열고 닫을 수 있으며, 이동도 가능하다고 합니다. 이들은 메모리 기능을 가지고 있는 특수한 푸른 보석에 장소를 기억시켜 놓았다가 기억된 위치로 통하는 공간을 열어 이동합니다. 이 때문에 뱀파이어들은 낮에도 빛의 영향을 덜 받으면서 자유롭게 돌아다닐 수 있습니다. 	Vampires are said to be able to open and close space with black magic and travel through it. They store a location in a special blue gem with a memory function, then open a passage to that remembered place and travel there. This is why vampires can roam freely even by day while being less affected by the light.
오랜 세월동안 피의 마법을 연구한 뱀파이어들은 흡혈을 통해 체내에 축적시킨 피를 고체화시켜 공격할 수 있다고 합니다. Bloody Wall 은 피의 힘을 이용해 대지에 피의 벽을 세우는 기술로, 이 피로 만들어진 벽은 슬레이어들에게 치명적인 데미지를 줍니다.	Vampires who have studied blood magic for ages are said to be able to solidify the blood they have stored through Blood Drain and attack with it. Bloody Wall uses the power of blood to raise a wall of blood from the earth, and this wall deals lethal damage to Slayers.
BloodyWall 기술을 완전히 마스터한 뱀파이어는 이를 피의 장막으로 만들어 막강한 공격력으로 넓은 범위 내에 있는 적에게 치명적인 타격을 줄 수 있습니다.	A vampire who has fully mastered Bloody Wall can turn it into a curtain of blood, dealing lethal blows with tremendous force to enemies over a wide area.
육체의 한계를 뛰어넘은 일부 뱀파이어들이 사용한다고 전해지는 블러디제니스는 인간과 달리 비정상적인 근육체계로 이뤄진 뱀파이어의 폭발적인 운동신경을 이용한 마법이다. 블러디제니스는 다리 근육을 폭발시켜 순간적으로 허공을 날아올라 적의 시야에서 일시적으로 벗어난 후 다가가 공격하는 무서운 공격기이다.	Said to be used by a few vampires who have surpassed the limits of the flesh, Bloody Zenith is a spell that exploits the explosive reflexes of the vampire's body, whose muscles are built unlike a human's. By exploding the leg muscles, the vampire instantly leaps into the air, briefly escapes the enemy's Vision, then closes in for a fearsome strike.
상대방의 디펜스를 일시적으로 감소시켜주는 시전 스킬로 DEX와 STR, 스킬레벨에 따라 감소량이 결정됩니다. DEX와 INT, 스킬레벨에 따라 지속시간이 결정되며, 딜레이는 덱스에 따릅니다.	A cast skill that temporarily lowers the target's Defense; the reduction depends on DEX, STR and skill level. Duration depends on DEX, INT and skill level, and delay on DEX.
폭포의 정령 카스케이드는 시원스레 떨어지는 폭포처럼 강한 물리력을 갖고 있으나, 물이 없는 곳에서는 물리력을 한곳에 모을 수 있는 능력을 발휘합니다. 이러한 카스케이드를 소환하여, 자신이 원하는 모습으로 형상화 시켜 적에게 강한 중력이 작용하도록 물리력을 가합니다. 이 기술에 걸린 상대는 움직임이 아둔하게 되어 회피율을 일시적으로 감소시킵니다.	Cascade, the spirit of waterfalls, holds great physical force like a rushing waterfall, and where there is no water it can concentrate that force in one place. Summon Cascade, give it the form you wish, and bear down on the enemy with a powerful gravity. A target caught by this skill becomes sluggish, and its Evasion is temporarily reduced.
챠크람을 휘둘러 브류나크의 힘을 지닌 일루젼을 만들어 적을 공격합니다. 민첩한 전사일수록 이 기술은 빛을 발휘하며, 적에게는 두려움을 안겨줄 것입니다.	Swing your chakram to create an illusion bearing the power of Brionac and attack the enemy. The more agile the warrior, the brighter this skill shines, and it will strike fear into your foes.
중, 하급 아우스터즈에게는 기존 샤프 헤일과 같은 효과를 냅니다.	For low and mid-level Ousters it has the same effect as the former Sharp Hail.
※승급 50등급 달성시 마켓에서 스킬북을 통해 더욱 더 강력하게 업그레이드 가능합니다.	* Once you reach Advancement level 50, you can upgrade it to be even stronger with a skill book from the Market.
총을 오랫동안 다룬 슬레이어들은 같은 총알을 사용하더라도 더욱 강력한 공격을 가할 수 있는 방법을 알고있습니다. 이는 총알을 더욱 빠르게 발사될 수 있도록 하는것인데 이때 총알의 속도는 너무 빨라서 마치 빛이 날아가는 것 처럼 보이게 됩니다. 이 기술을 사용하면 4연발의 연속사격이 가능해집니다. 총의 종류에 따라 연속사격에 대한 속도의 차이가 있으며 SMG, AR, SR/SG순으로 속도가 빠릅니다.	Slayers who have handled guns for a long time know how to strike harder with the same bullets: by firing them faster, so fast that the bullet seems to fly like a beam of light. This skill lets you fire a 4-round burst. Burst speed varies with the type of gun: SMG is fastest, then AR, then SR/SG.
도 끝에 불로 이루어진 기 덩어리를 응축시켜 던지는 스킬입니다. 모두 4단계로 크기가 변화하는 기덩어리는 충전시간에 비례하여 파괴력과 공격가능범위가 증가합니다. 충전된 기덩어리는 즉시 시전도 가능하며 지정시간 동안 기를 충전하여 막강한 공격을 가할 수도 있습니다.	A skill that condenses a ball of fire energy at the tip of the blade and hurls it. The energy ball grows through 4 stages, and its destructive power and area of attack increase with the charge time. You can release it immediately, or charge energy for the set time to unleash a devastating attack.
오랫동안 뱀파이어를 비롯한 악의 존재에 대해서 연구해온 성직자들은, 그들의 신앙심에서 발현된 치료의 기적이 뱀파이어와 같이 사악한 존재에게는 오히려 큰 피해를 준다는 사실을 알게 되었습니다. 이 성스러운 마법을 뱀파이에게 사용하면 뱀파이어는 큰 괴로움을 겪으며 치명적인 데미지를 입게 됩니다. 	Priests who have long studied Vampires and other evil beings learned that the miracle of healing born of their faith instead does great harm to the wicked, such as Vampires. When this holy spell is used on a Vampire, it suffers great torment and takes critical damage.
오랫동안 뱀파이어를 비롯한 악의 존재에 대해서 연구해온 성직자들은, 그들의 신앙심에서 발현된 치료의 기적이 뱀파이어와 같이 사악한 존재에게는 오히려 큰 피해를 준다는 사실을 알게 되었습니다. 이 성스러운 마법을 뱀파이에게 사용하면 뱀파이어는 큰 괴로움을 겪으며 작은 데미지를 입게 됩니다.	Priests who have long studied Vampires and other evil beings learned that the miracle of healing born of their faith instead does great harm to the wicked, such as Vampires. When this holy spell is used on a Vampire, it suffers great torment and takes light damage.
오랫동안 뱀파이어를 비롯한 악의 존재에 대해서 연구해온 성직자들은, 그들의 신앙심에서 발현된 치료의 기적이 뱀파이어와 같이 사악한 존재에게는 오히려 큰 피해를 준다는 사실을 알게 되었습니다. 이 성스러운 마법을 뱀파이에게 사용하면 뱀파이어는 큰 괴로움을 겪으며 큰 데미지를 입게 됩니다.	Priests who have long studied Vampires and other evil beings learned that the miracle of healing born of their faith instead does great harm to the wicked, such as Vampires. When this holy spell is used on a Vampire, it suffers great torment and takes heavy damage.
힘 계열 아우스터즈를 위한 공격으로 거대한 아우스터즈의 전신을 소환하여 적에게 강한 일격을 가한다. 사정거리는 스킬레벨에 따라 증가되며 데미지는 힘과 스킬레벨에 따라 증가된다. 스킬을 마스터하면 상당량의 가중치가 적용된다.	An attack for STR-type Ousters that summons a giant Ousters avatar to deal a mighty blow to the enemy. Range grows with skill level, and damage with STR and skill level. Mastering the skill grants a substantial bonus.
자신에게 남아있는 힘을 최대한 활용해서 상대방을 공격하는 지속성 기술입니다. 이 기술의 지속시간동안 5% ~ 10%의 데미지의 보너스를 받습니다. 	A sustained skill that attacks using every bit of strength you have left. While it lasts you receive a 5% to 10% Damage bonus.
치열한 전투속에서 살아남기 위해서는 먼저 자신을 보호해 줄 수 있는 지형지물을 찾아 엄폐하는 것이 중요합니다. 뱀파이어와의 전투에서도 이러한 엄폐의 중요성은 사라지지 않습니다.	To survive a fierce battle, the first priority is to find terrain or cover that can protect you and take shelter. The importance of cover does not disappear in battle against Vampires either.
도를 가지고 오랜 시간 수련을 한 사람들은 도를 들고 전투를 임할 때, 자연스레 온 정신을 무기에 집중할 수 있다고 합니다. 패시브 기술로, 도를 들고 있을 때에는 항상 적용됩니다.	Those who have trained long with the blade are said to focus their whole mind on the weapon naturally when they go into battle with a blade in hand. A passive skill, always active while you hold a blade.
뱀파이어는 인간의 모든 시각과 청각을 마비시키는 사악한 어둠의 안개를 소환할 수 있습니다. 이 마법을 사용하면 뱀파이어가 소환한 짙은 어둠을 물리치는 성스러운 빛을 소환할 수 있습니다.	Vampires can summon an evil fog of darkness that blinds and deafens humans. This spell summons a holy light that dispels the thick darkness summoned by a Vampire.
※ 인첸트가 아닌 직업은 승직 90등급 달성시 마켓에서 배울 수 있습니다.	* Characters not in the Enchant domain can learn it from the Market once they reach Advancement level 90.
군대에서 성실하게 훈련을 수행해 온 용감한 군인 중에서도 성격이 침착하고 집중력이 높은 군인들에게만 주로 가르치는 병과가 바로 '폭탄제조' 입니다.	'Bomb Making' is a specialty taught mainly to those brave soldiers, faithful in their army training, who are also calm by nature and highly focused.
무사들에게 가해지는 공격과 부상에 대한 효과적인 치료를 후방에서 담당해오던 성직자들은 수요에 비해 인원이 터무니없이 부족하다는 현실을 늘 원망했다. 자신들의 힘이 닿지 못하는 곳에서 구원을 바라는 많은 슬레이어들을 늘 안타깝게 지켜볼 수 밖에 없었던 그들은 새로운 방법을 모색하게 되었고 오랜 연구 끝에 기존의 앰플(Ampul)보다 더욱 빠른 회복력을 지닌 홀리포션(Holypotion)을 만드는데 성공하였다. 홀리포션은 성직자의 회복 주문이 걸린 성수를 원료로 한 귀중한 포션이다.	The priests who had long handled the effective treatment of attacks and wounds suffered by warriors from the rear always lamented that their numbers fell absurdly short of the demand. Forced to watch helplessly as so many Slayers beyond their reach cried out for rescue, they sought a new way, and after long research succeeded in making the Holy Potion, which heals even faster than the existing Ampul. The Holy Potion is a precious potion made from holy water blessed with a priest's healing prayer.
뱀파이어들은 신앙심이 깊은 신부들의 성수를 가장 무서워합니다. 이 성수가 뱀파이어의 몸에 닿으면 뱀파이어의 죽은 육체는 한꺼번에 시들어버리게 됩니다. 이 마법을 사용하면 성직자는 일반적인 물을 성수로 바꿀 수 있습니다. 성수는 뱀파이어에게 던져서 피해를 입힐때, 또는 다른 축복 마법을 사용할 때 꼭 필요한 아이템입니다. 	Vampires fear nothing more than the holy water of devout priests. When holy water touches a Vampire, its dead body withers all at once. With this spell a priest can turn ordinary water into holy water. Holy water is an essential item both for throwing at Vampires to harm them and for casting other blessing spells.
군대에서 성실하게 작전을 수행해 온 용감한 군인중에서도 성격이 침착하고 집중력이 높은 군인들에게만 주로 가르치는 병과가 바로 '지뢰제조' 과목입니다.	'Mine Making' is a course taught mainly to those brave soldiers, faithful in carrying out their army operations, who are also calm by nature and highly focused.
특정 확률로 공격 마법에 추가 데미지와 넉백 효과를 부여합니다. 보너스 데미지와 성공률은 스킬레벨에 따릅니다.	Gives attack spells a set chance to deal bonus damage and knock the target back. The bonus damage and success rate depend on skill level.
바람의 상급 정령인 진의 파괴적인 바람의 힘을 전수 받는 마법이라고 알려져 있습니다.	This spell is said to pass on the destructive wind power of the Djinn, a greater wind spirit.
반격기인 카운터크로스는 적이 공격해올때 나타나는 빈틈을 노리고 재빨리 역공격하는 기술입니다. 대신, 자신은 어느 정도 상처를 입을 것을 각오해야 합니다. 이 기술의 지속시간동안 상대방의 공격이 자신에게 명중할 경우, 자동반격이 이루어집니다.	Cross Counter, a counterattack, watches for the opening an enemy leaves when attacking and strikes back swiftly. In exchange, you must be ready to take some wounds yourself. While the skill lasts, you automatically counterattack whenever an enemy's attack hits you.
자신의 프로텍션을 일시적으로 증가시켜주는 시전 스킬로 STR에 따라 프로텍션 보너스가 증가합니다. DEX와 스킬레벨에 따라 지속시간이 증가됩니다.	A cast skill that temporarily raises your Protection; the Protection bonus increases with STR. Duration increases with DEX and skill level.
공기의 정령왕 미네르바의 수호를 받는 기술입니다. 최고의 갑옷인 미네리얼 슈트를 착용하고 있는 그들은 평상시에는 소환자에게조차 모습을 보이지 않습니다. 하지만 자신을 소환한 정령사가 위험할 시에는 그들을 지키기 위하여 자신의 갑옷으로 수호하는 모습의 일부를 짧은 시간 동안 드러낸다고 합니다.	A skill guarded by Minerva, the Spirit King of air. Clad in the Minerial Suit, the finest of armor, her spirits never show themselves even to their summoner in ordinary times. But when the spirit caller who summoned them is in danger, they are said to reveal part of themselves for a brief moment, shielding their master with their own armor.
성령을 통해서 인간에게 기적을 행하는 것에는 한계가 있습니다. 그러나, 수백년마다 한명꼴로 태어나는 위대한 성자들은 신의 힘을 지상에 구현하는 것을 가능하게 해준다고 합니다. 이 마법을 사용하면 슬레이어에게 걸려있는 모든 독, 저주, 산 등의 마법들을 제거할 수 있으며, 거의 대부분의 상처를 한꺼번에 치유해 줍니다. 	There are limits to the miracles humans can work through the Holy Spirit. Yet the great saints, born perhaps once every few hundred years, are said to make it possible to bring God's power to earth. This spell removes all poison, curses, acid and similar magic afflicting a Slayer, and heals nearly all wounds at once.
재능을 타고나거나 특별한 교육을 받은 신심깊은 성직자들은 성령의 손길을 빌어 자신 혹은 다른 사람의 상처를 치유할 수 있는 기적을 발휘합니다. 이 마법은 자신 혹은 다른 슬레이어가 입은 치명적인 상처를 치료해줍니다. 단 다른 사람을 치료할 경우에는 페널티를 받게 되며, 스킬 레벨이 올라갈수록 치료되는 양이 증가하며, 페널티가 감소합니다.	Devout priests who are born gifted or specially trained can work the miracle of healing their own or others' wounds by the touch of the Holy Spirit. This spell heals critical wounds suffered by yourself or another Slayer. Healing others incurs a penalty; as the skill level rises, the amount healed increases and the penalty decreases.
재능을 타고나거나 특별한 교육을 받은 신심깊은 성직자들은 성령의 손길을 빌어 자신 혹은 다른 사람의 상처를 치유할 수 있는 기적을 발휘합니다. 이 마법은 자신 혹은 다른 슬레이어가 입은 작은 상처를 치료해줍니다. 단 다른 사람을 치료할 경우에는 페널티를 받게 되며, 스킬 레벨이 올라갈수록 치료되는 양이 증가하며, 페널티가 감소합니다.	Devout priests who are born gifted or specially trained can work the miracle of healing their own or others' wounds by the touch of the Holy Spirit. This spell heals light wounds suffered by yourself or another Slayer. Healing others incurs a penalty; as the skill level rises, the amount healed increases and the penalty decreases.
뱀파이어들은 인간에게만 치명적인 다양한 독을 종종 사용하곤 합니다. 이 마법은 성령의 손길로 중독된 인간들을 치료하는 마법입니다. 단 독을 건 뱀파이어의 레벨이 높거나, 강한 독일수록 보다 높은 숙련도를 필요로 합니다. 다른 사람의 중독을 해소시킬 때에는 페널티가 부여됩니다.	Vampires often use various poisons that are deadly only to humans. This spell cures poisoned humans by the touch of the Holy Spirit. The higher the level of the Vampire who cast the poison, or the stronger the poison, the higher the proficiency required. A penalty applies when curing someone else's poisoning.
재능을 타고나거나 특별한 교육을 받은 신심깊은 성직자들은 성령의 손길을 빌어 자신 혹은 다른 사람의 상처를 치유할 수 있는 기적을 발휘합니다. 이 마법은 자신 혹은 다른 슬레이어가 입은 심각한 상처를 치료해줍니다. 단 다른 사람을 치료할 경우에는 페널티를 받게 되며, 스킬 레벨이 올라갈수록 치료되는 양이 증가하며, 페널티가 감소합니다.	Devout priests who are born gifted or specially trained can work the miracle of healing their own or others' wounds by the touch of the Holy Spirit. This spell heals serious wounds suffered by yourself or another Slayer. Healing others incurs a penalty; as the skill level rises, the amount healed increases and the penalty decreases.
검을 빨리 휘둘러 잔상을 만들어내어 상대방을 혼란시키는 기술입니다. 적은 상대가 자신의 어디를 노릴지 알 수 없기 때문에 명중률이 높아집니다. 지속시간동안 명중률의 보너스를 받습니다.	A skill that swings the sword so fast it leaves afterimages that confuse the opponent. Since the enemy cannot tell where you will strike, your accuracy rises. You receive a To Hit bonus for the duration.
오랜 세월을 살아온 뱀파이어들의 숫자가 결코 늘어나지 않는것은, 뱀파이어라도 불의의 사고를 당하거나 그들을 끈질기게 추격하는 슬레이어들에게 때때로 목숨을 잃기 때문입니다. 눈앞에서 자신과 피를 나눈 뱀파이어가 죽어가는 모습을 본, 무모하지만 강력한 힘을 지닌 뱀파이어들은 때때로 그들과는 어울리지 않을 듯한 동족애를 느끼며, 분노에 타오릅니다. 이들이 분노할 때 평소보다 훨씬 강한 힘을 소유하게 된다는 것을 알게된 지적인 뱀파이어들과의 공동연구로 이들은 고의로 자신의 피를 태워서도 이 놀라운 파워를 가질 수 있게 되었습니다.	The number of long-lived vampires never grows, because even a vampire can meet with an untimely accident or fall to the Slayers who hunt it relentlessly. Reckless but mighty vampires who see a vampire of their blood die before their eyes sometimes feel a kinship that hardly suits them, and burn with rage. Through joint research with intelligent vampires, who learned that such rage gave them far more power than usual, they became able to gain this astonishing power at will by burning their own blood.
인간들의 집중력을 떨어뜨리는 남색의 독가스를 소환하는 마법입니다. 이 마법을 사용하면 슬레이어들이 기술이나 마법을 사용할 수 없도록 MP 가 지속적으로 감소하게 됩니다. 이 독은 모든 MP가 사라질때까지 지속되며, 성직자의 마법으로만 효과를 차단할 수 있습니다. 	A spell that summons an indigo poison gas that breaks humans' concentration. It steadily drains Slayers' MP so they cannot use skills or spells. The poison lasts until all MP is gone, and only a priest's magic can stop its effect.
그 어떤 민감한 인간의 시각과 청각도 일순간에 무용지물로 만드는, 사악한 암흑의 안개를 소환하는 마법입니다. 일반적인 시각 외에도 적외선 시각 능력도 가진 뱀파이어는 여전히 이 안개속에서도 사물을 잘 볼 수 있으며, 특히 이 안개는 뱀파이어의 몸을 숨기는 용도 뿐만 아니라 인간들을 안개속에서 헤메게 만들 수도 있습니다. 수많은 인간들이 이 안개 속에서 뱀파이어의 먹이가 되었다는 이야기가 전해집니다.	A spell that summons an evil fog of darkness that renders even the keenest human sight and hearing useless in an instant. Vampires, who have infrared sight as well as normal vision, can still see clearly in this fog, and it not only hides their bodies but also leaves humans wandering lost within it. Tales tell of countless humans who became prey for vampires in this fog.
뱀파이어 저주 마법의 최종 단계로, 뱀파이어가 만든 환영으로 죽음의 공포를 느끼게 하는 마법입니다. 마치 악마의 혼이 슬레이어를 삼키는 듯한 모습으로, 저주에 걸리게 된 슬레이어들은 뱀파이어 마법에 대한 저항력이 급격하게 떨어집니다. 이 저주를 사용함으로써 뱀파이어는 자신이 사용하는 마법의 효과를 극대화시킬 수 있습니다.	The final stage of vampire curse magic, a spell that makes the victim feel the terror of death through an illusion the vampire creates. As if a demon's soul were swallowing them, Slayers under the curse see their resistance to vampire magic drop sharply. By using this curse, a vampire can maximize the effect of its own spells.
자신의 정신력을 소모하여, 일정시간동안 뱀파이어의 마법공격을 100%방어할 수 있습니다. 하지만 물리공격에는 데미지를 입게 됩니다.	By spending your mental strength, you can block 100% of Vampire magic attacks for a set time. However, you still take damage from physical attacks.
일부 정령의 경우 자신이나 계약자의 분노를 산 대상은 물론 그와 동일한 기운을 갖는 모든 개체에 공격적인 성향을 보입니다. 지반 전체에 이르는 분노의 울림은 시야에 들어온 모든 동족에게 피해를 줄 만큼 광범위합니다.	Some spirits turn aggressive not only toward those who earned their or their contractor's wrath but toward every being that shares the same aura. The tremor of their fury runs through the whole ground, wide enough to harm every kinsman in Vision.
디스트럭션스피어를 강화시키는 마스터리 스킬로써 스킬레벨이 오름에 따라 데미지가 증가한다. 이 스킬은 연마시 3 * 3 의 광역을 공격할 수 있게 된다. 단 중심타일을 제외하고 나머지 타일에선 페시브 스킬인 공격형 페시브는 적용되지 않는다.	A mastery skill that strengthens Destruction Spear; damage increases as the skill level rises. Once learned, it lets you strike a 3 * 3 area. However, attack-type passive skills do not apply on any tile except the center one.
일정확률로 크리티컬한 데미지를 준다. 이 공격에 맞으면 총 데미지의 10%를 일정시간동안 계속 입는다.\t성공확률은 타겟과의 레벨과 비교되며 지속시간은 덱스와 스킬레벨에 따라 달라진다. 스킬을 마스터하면 상당량의 가중치가 적용된다.	Deals critical damage at a set chance. A target hit by this attack keeps taking 10% of the total damage for a set time.\tThe success rate is based on a level comparison with the target, and the duration depends on DEX and skill level. Mastering the skill grants a substantial bonus.
성령의 눈을 통해 바라보면 그 어떤 악한 존재도 몸을 숨길 수 없다고 합니다. 이 마법을 사용하면 땅 속에 숨어있는 뱀파이어의 흔적을 찾아낼 수 있습니다. 단 이 흔적은 자신에게만 보이며 다른 사람들은 볼 수 없게 됩니다. 즉, 성직자는 대화나 행동으로 뱀파이어가 숨은 위치를 가르쳐 주거나 Purify 같은 마법을 사용해서 뱀파이어를 땅속에서 나오게 할 수도 있습니다.	Seen through the eyes of the Holy Spirit, no evil being can hide, they say. This spell reveals the traces of Vampires hiding underground. The traces are visible only to you, not to others. The priest can therefore point out where a Vampire is hiding by chat or gesture, or use a spell such as Purify to drive it out of the ground.
성령의 눈으로 안보이는 뱀파이어를 찾아내는 마법입니다. 이 마법을 사용하면 일정 시간동안 시야 내로 들어온 Invisible 상태의 뱀파이어의 모습을 찾아낼 수 있습니다. 단 다른 사람들은 뱀파이어의 모습을 볼 수 없습니다. 이때 대화로서 뱀파이어의 위치를 다른 사람에게 알려줘서 지역 공격을 통해서 뱀파이어를 공격하게 하거나. 또는 Visible을 사용해서 모습을 드러나게 할 수 있습니다. 	A spell that finds invisible Vampires through the eyes of the Holy Spirit. For a set time it reveals any Vampire in the Invisible state that enters your Vision. Others still cannot see the Vampire, but you can tell them its location by chat so they can hit it with area attacks, or use Visible to force it into view.
원거리 광역기로 차크람에 전기적 속성을 부여하여 날린다. 목표지점에 5 * 5 를 공격하며 중심타일을 기준으로 데미지가 감소된다. 힘과 덱스에 영향을 받으며 사정거리는 스킬레벨에 따라 달라진다. 스킬을 마스터하면 상당량의 가중치가 적용된다. 	A long-range area attack that throws a chakram charged with electricity. It strikes a 5 * 5 area at the target point, with damage falling off from the center tile. It scales with STR and DEX, and range depends on skill level. Mastering the skill grants a substantial bonus.
악한 영혼으로 가득 찬 모든 창조물들은 하느님의 말씀을 주문으로 만들어 놓은 디바인가이던스에 의해서 고통을 받게 된다고 한다. 디바인가이던스 주문에 거린 대상은 자신의 육체에서 영혼이 일탈한 뒤 죽음에 이른다고 한다. 	All creatures filled with evil spirits are said to suffer under Divine Guidance, a spell made from the words of God. The soul of a target struck by Divine Guidance is said to break loose from its body, and death follows.
마법데미지의 일부를 EP로 막아내는 시전스킬로 스킬레벨에 따라 EP에 의한 감소율이 증가됩니다.	A cast skill that blocks part of any magic damage with EP; the reduction through EP increases with skill level.
이 마법은 힘을 빌려준 영령들의 가호로 자신에게 해를 가하는 사악한 마력의 데미지를 일부 영력으로 막아낼 수 있도록 도와줍니다.	Through the protection of the spirits who lend it their power, this spell helps you block part of the damage from wicked magic aimed at you with your spirit power.
뱀파이어는 사악한 흑마술의 저주를 이용하여 인간의 운명을 불길한 방향으로 이끌 수 있다고 합니다. 이 마법은 어둠의 악령을 불러내어 희생자의 방어력을 떨어뜨리고 불행한 운명으로 치닫게 한다고 합니다. 특이하게도 이 저주 마법은 슬레이어 뿐만아니라 뱀파이어에게도 적용이 된다고 합니다. 성직자의 은총으로 이 마법을 제거할 수 있으며, 일정시간이 지나면 사라집니다. 	Vampires are said to be able to steer a human's fate toward misfortune with the curses of wicked black magic. This spell calls forth evil spirits of darkness to lower the victim's Defense and drive them toward an ill fate. Unusually, this curse works on Vampires as well as Slayers. A priest's grace can remove it, and it fades after a set time.
빠른 검의 놀림으로 타격을 가하는 순간에 손목의 힘을 사용하여 순식간에 두 번의 타격을 주는 기술입니다. 검 특유의 유연함과 스피드를 살린 기본 기술입니다. 무기의 기본데미지에 기술로 인한 보너스 데미지가 추가됩니다.	A skill that uses swift sword work and the strength of the wrist at the moment of impact to land two blows in an instant. A basic skill that makes the most of the sword's flexibility and speed. The skill adds bonus damage to the weapon's base damage.
이 기술을 사용하면 2연발의 연속사격이 가능해집니다. 총의 종류에 따라 연속사격에 대한 속도의 차이가 있으며 SMG, AR, SR/SG순으로 속도가 빠릅니다. 단 연속사격시에는 명중률의 페널티를 받지만, 스킬이 높아지면 페널티가 줄어들어서 그랜드 마스터의 단계에서는 페널티를 받지 않게 됩니다.	This skill lets you fire a 2-round burst. Burst speed varies with the type of gun: SMG is fastest, then AR, then SR/SG. Bursts incur a To Hit penalty, but it shrinks as the skill rises and disappears entirely at Grand Master.
적에 대한 강력한 적의가 상대의 발 밑으로부터 솟구치며 날카로운 돌풍을 불러일으킨다. 그 기운이 마치 승천하는 용과 같이 강대하기 때문에 공격 당한 상대는 의식을 일고 만다.	Fierce hostility toward the enemy erupts from beneath its feet and whips up a razor-sharp gust. Its force is as mighty as a dragon ascending to the heavens, and the target it strikes loses consciousness.
EP를 조금씩 자동 회복하는 패시브 스킬로 스킬레벨에 따라 회복량이 증가합니다.	A passive skill that slowly restores EP on its own; the amount restored increases with skill level.
바람의 중급 정령인 슈리엘의 가호로 부유령으로부터 영력을 조금씩 빌려올 수 있게됩니다.	Through the protection of Shuriel, a middle wind spirit, you can slowly borrow spirit power from drifting spirits.
덱스 계열로 민첩에 따라 스킬의 능력이 달라진다. 빠른 이동을 기본으로 한 공격으로 시전시 텔레포트와 같이 케릭터가 사라진다. 스킬레벨이 올라감에 따라 스킬을 성공 시킬수 있는 타일이 길어지며 딜레이는 스킬렙과 덱스에 따라 짧아진다. 스킬을 마스터하면 상당량의 가중치가 적용된다.	A DEX-type skill whose power depends on agility. It is an attack built on rapid movement, and the character vanishes as if teleporting when it is cast. As the skill level rises, the number of tiles over which the skill can succeed grows, and the delay shortens with skill level and DEX. Mastering the skill grants a substantial bonus.
동양의 한 서적에는 '오랫동안 도를 가지고 수련을 한 사람들은 대지를 가르고 땅을 솟아오르게 할 기술을 사용할 수 있다.'라고 적혀 있습니다. 그 서적에 적혀진 내용을 토대로 발전된 것이 바로 Earth Quake 입니다. 이 기술은 땅이 갈라지며 지진이 일어나는 듯한 진동을 느끼게 하는 광역 투과 공격 기술로, 사정거리 안의 일직선 상에 있는 모든 지상의 사물들을 투과하여 공격하고 데미지를 줄 수 있습니다. 	An Eastern book records that 'those who have trained long with the blade can use a skill that splits the earth and makes the ground rise.' Earth Quake was developed from what that book describes. This piercing area skill makes the ground split and shake as if in an earthquake, piercing and damaging every object on the ground in a straight line within range.
날카로운 톱날을 날리는 중거리 공격마법으로 INT와 스킬레벨에 따라 데미지가 결정됩니다. 딜레이와 공격거리는 스킬레벨에 종속됩니다.	A mid-range attack spell that hurls sharp saw blades; damage is determined by INT and skill level. Delay and range depend on skill level.
땅의 정령왕 크로웰은 그의 힘을 소환할 때는 별도의 매개체를 필요로 합니다. 그렇기에  물리력을 빌리기 위해서는 그의 힘을 담을 지하 깊숙한 곳의 날카로운 광물을 소환하는 이중 마법을 사용해야 합니다.	Crowell, the Spirit King of the earth, needs a separate medium when his power is summoned. To borrow his physical force, you must therefore cast a double spell that also summons sharp minerals from deep underground to hold his power.
동양의 한 서적에는 '오랫동안 도를 가지고 수련을 한 사람들은 대지를 가르고 땅을 솟아오르게 할 수 있다.'라고 적혀 있습니다. 그 서적에 적혀진 내용을 토대로 발전된 기술이 바로 EarthQuake 입니다. 이 기술은 땅이 갈라지며 지진이 일어나는 듯한 진동을 느끼게 하는 광역 공격 기술로, 사정거리 안의 일직선 상에 있는 모든 지상의 사물들을 투과하여 공격하고 데미지를 줄 수 있습니다. 	An Eastern book records that 'those who have trained long with the blade can split the earth and make the ground rise.' EarthQuake is the skill developed from what that book describes. This area skill makes the ground split and shake as if in an earthquake, piercing and damaging every object on the ground in a straight line within range.
물계열의 기본적인 근거리 공격마법으로 INT와 스킬레벨에 따라 데미지가 증가합니다.	A basic short-range attack spell of the Water domain; damage increases with INT and skill level.
무지개를 만들어내는 물의 요정 크리티들을 소환하는 마법입니다.	A spell that summons the Kritis, water fairies who make rainbows.
원래의 모습은 늑대의 모습에 손에는 물갈퀴를 가지고 있다고 하는 물의 정령 시큐엘을 소환하는 마법입니다. 호전적인 정령으로 자신의 범위에 함부로 침입하는 자들을 결코 용서하지 않습니다.	A spell that summons Sicuel, a water spirit said to have the true form of a wolf with webbed hands. A warlike spirit, it never forgives anyone who carelessly intrudes on its territory.
신앙심이 깊은 성직자들은 자신들이 가지고 있는 축복의 힘으로 아이템의 능력을 일정시간 상승시킬수 있습니다. 이때 아이템의 가치가 높으면 마나의 소비가 증가하고, 숙련도가 높아질수록, 지속시간이 길어지며 능력치의 보너스가 증가하게 됩니다. 	Devout priests can use their power of blessing to raise an item's abilities for a set time. The more valuable the item, the more mana it costs; the higher your proficiency, the longer the duration and the bigger the stat bonus.
신의 계시를 받은 일부 성직자들이 사용한다고 전해지는 이터니티(Eternity)마법은 심각한 육체적 손상으로 말미암아 빈사상태에 놓인 자기의 육신을 모두 재생 시키는 궁극의 치료마법이다. 다만 신의 힘이 깃들어져 있는 그들의 육체는 다시 빈사상태에 놓이게 되면 더 큰 상처를 입게 된다고 한다.	Eternity, said to be used by a few priests who received a revelation from God, is the ultimate healing spell: it fully regenerates the caster's own body when it lies near death from grave physical harm. However, their bodies, now dwelling places of God's power, are said to suffer even worse wounds if they fall near death again.
자신의 디펜스를 일시적으로 증가시켜주는 시전 스킬로 스킬레벨에 따라 디펜스 보너스가 증가합니다.	A cast skill that temporarily raises your Defense; the Defense bonus increases with skill level.
DEX와 스킬레벨에 따라 지속시간이 증가하며, DEX에 따라 딜레이가 감소합니다.	Duration increases with DEX and skill level, and the delay decreases with DEX.
정신계의 정령 중 비애의 정령인 메를로와 자신의 정신을 동조 시키는 기술입니다. 자신의 슬픔과 애환의 감정을 메를로와 동조하여, 푸른 빛이 띄는 실드의 모습으로 메를로를 형상화하여 자신을 보호합니다.	A skill that attunes your mind to Merlo, the spirit of sorrow among the spirits of the mind. Attuning your own grief and sorrow with Merlo, you give Merlo the form of a bluish shield that protects you.
도를 가지고 오랜 시간 수련을 한 사람들은 도를 들고 전투를 임할 때, 자연스레 온 정신을 집중해서 자신의 몸을 어떤 나쁜 것으로부터 보호할 수 있다고 합니다. 패시브 기술로, 도를 들고 있을 때 디펜스가 상승됩니다. 	Those who have trained long with the blade are said to focus their whole mind naturally when they fight with a blade in hand, shielding their bodies from harm. A passive skill that raises Defense while you hold a blade.
능숙한 성직자들 중 소수만이 사용할 수 있다고 전해지며, 이 기술을 사용하는 순간 심판의 빛을 방출하여 적에게 매우 강력한 데미지를 준다. 지력이 높은 시전자가 사용하면 한층 더 강한 위력을 보여준다.	Said to be usable by only a handful of skilled priests, this skill releases a light of judgment that deals extremely heavy damage to the enemy. It grows even stronger in the hands of a caster with high INT.
오랫동안 동양의 무슬을 연마해 온 달인들은 모든 정신력을 집중하여 자신의 체력을 극대화 시키는 방법을 터득했다고 합니다.  무예의 달인들이 사용해왔던 기술 중 하나로 알려져 있으며, 일반인들은 감히 흉내조차 낼 수 없는 기술입니다.	Masters who have long trained in the Eastern martial arts are said to have learned how to focus all their mental strength and push their stamina to its limit.  It is known as one of the techniques used by martial arts masters, and ordinary people cannot even hope to imitate it.
바닥에서 물기둥이 치솟아 올라 상대방으로 하여금 손끝조차 꼼짝할 수 없게 마비시킬 수 있다. 하지만 지속 시간은 길지 않아 절대절명의 위기에서 탈출할때 유용하다. 이 스킬은 부활과 생명력을 부여하는 아우스터즈들에게 있어 아주 유용한 스킬이다. 스킬을 마스터하면 상당량의 가중치가 적용된다.	A column of water shoots up from the ground and paralyzes the target so it cannot move even a fingertip. The effect is short, but it is useful for escaping a desperate crisis. It is an especially useful skill for Ousters, who grant resurrection and vitality. Mastering the skill grants a substantial bonus.
오랜시간 흑마법을 연구한 뱀파이어들은 슬레이어의 눈을 멀게 하는 검은 악령을 소환할 수 있습니다. 뱀파이어는 이 악령을 이용해 슬레이어의 눈을 멀게하고 그들의 전투를 힘들게 만듭니다. 악령에 씌인 슬레이어가 일정 시간동안 시야가 좁아지는 틈을 타 뱀파이어의 맹렬한 공격이 시작됩니다. 	Vampires who have long studied black magic can summon a black evil spirit that blinds Slayers. With it, vampires blind the Slayers and make their fight harder. While the possessed Slayer's Vision narrows for a set time, the vampire launches a fierce assault.
어떤 전투에서든 적과 마주보며 싸워야 하는 무사에게 생존이란 곧 승리를 뜻하는 것이다. 그들의 승리에 대한 욕구가 커지면 커질수록 생존에 대한 의지는 육체의 능력을 한계까지 끌어올려 종종 상식을 벗어난 체력을 갖게 한다.	For a warrior who must face the enemy in any battle, survival means victory. The greater their hunger for victory, the more their will to survive pushes the body to its limits, often granting them stamina beyond all reason.
패밀리 요금제 보너스 능력치	Family Plan bonus stats
패밀리 요금제를 신청한 유저에게 주는 혜택입니다. 패밀리 요금제를 신청한 유저는 '모든저항 +7'의 능력치를 요금제 가입 기간동안 받게 됩니다.	A benefit for users who sign up for the Family Plan. Subscribers receive 'All Resistance +7' for as long as their plan lasts.
탄창을 빨리 갈아 끼울 수 있는 기술입니다. 총을 많이 사용하면 자연스럽게 탄창을 빨리 갈아 끼울 수 있게 됩니다.	A skill for changing magazines quickly. Using guns a lot naturally teaches you to change magazines fast.
페이틀스닉크를 강화시키는 마스터리 스킬로써 스킬레벨이 오름에 따라 데미지와 명중률이  증가한다.	A mastery skill that strengthens Fatal Snick; damage and To Hit increase as the skill level rises.
힘을 중시하는 전사 아우스터즈들의 공격 스킬로 차크람에 힘을 실어 빛의 차크람을 시간차를 두고 던져 강력한 공격을 한다. 데미지는 힘에 영향을 받으며, 거리는 스킬레벨에 따라 달라진다. 스킬을 마스터하면 상당량의 가중치가 적용된다.	An attack skill of the warrior Ousters, who prize strength: you put power into your chakram and hurl chakrams of light one after another for a mighty attack. Damage scales with STR, and range depends on skill level. Mastering the skill grants a substantial bonus.
불의 정령은 그 활동성이 무척 활발합니다. 그들은 하나의 대상을 태워버리는 것으로는 만족하지 못합니다. 옮겨 붙을 만한 대상이 있다면 순식간에 옮겨가며 모든 사물을 태워버리기 때문에 적이 모여있을 경우 소환되면 순식간에 불바다를 이루기도 합니다.	Fire spirits are extremely active. They are never content with burning a single target. If there is anything nearby to catch fire, they leap to it in an instant and burn everything, so when summoned among a crowd of enemies they can create a sea of flames in moments.
데미지는 인트와 스킬 레벨에 종속되며 스킬레벨이 오름에 따라 시전 거리 또한 길어진다. 불의 힘을 이용하여 대지에 흐르는 마그마를 불러 일으켜 대지를 가르는 공격 기술로 근접 공격 기술이다. 일정 타일에 지속적으로 뿌려지는 프로미넌스와 달리 즉시 시전됨으로 치고 빠지는 공격이 가능하다. 스킬을 마스터하면 상당량의 가중치가 적용된다.	Damage depends on INT and skill level, and the casting range also grows as the skill level rises. A melee attack skill that uses the power of fire to call up the magma flowing beneath the earth and split the ground. Unlike Prominence, which keeps burning on a set of tiles, it takes effect instantly, allowing hit-and-run attacks. Mastering the skill grants a substantial bonus.
특정확률로 불 데미지를 추가하는 패시브 스킬로 1,2,3번 정령석 슬롯에 불 속성을 가지고 있어야합니다. DEX와 STR에 따라 데미지 보너스가 결정되며, 성공률은 정령 레벨에 따릅니다.	A passive skill that adds fire damage at a set chance; soul stone slots 1, 2 and 3 must all hold the fire attribute. The damage bonus depends on DEX and STR, and the success rate on spirit level.
불 속성의 정령석으로 불의 정령 카사의 힘을 챠크람에 깃들게 하는 패시브 스킬입니다. 크리티컬과 유사하나 넉백 효과는 부여되지 않습니다. 	A passive skill that infuses your chakram with the power of Kasa, the fire spirit, through fire soul stones. It is similar to a critical hit, but does not knock the target back.
뱀파이어들은 본질적으로 빛과 불을 두려워합니다. 특히 뱀파이어의 눈은 강렬한 빛을 보게 되면 일정 시간동안 앞을 볼 수 없게 됩니다. 성직자들은 뱀파이어들을 쫓기 위해서 강렬한 빛을 소환할 수 있는 능력을 가지고 있습니다. 이 마법을 사용하게 되면 뱀파이어의 눈을 잠깐동안 멀게 할 수 있습니다.	Vampires are by nature afraid of light and fire. A vampire's eyes in particular are blinded for a while by intense light. To drive vampires away, priests can summon an intense light. This spell blinds a Vampire briefly.
빠른 발걸음을 이용하여 순식간에 적과의 거리를 좁힌 다음 공격하는 기술입니다. 2 ~ 7타일 앞에 있는, 도망가는 적을 추적할때, 또는 재빨리 적에게 접근할 때 사용하는 기술입니다.	A skill that closes the distance to the enemy in an instant with quick footwork, then attacks. Use it to chase a fleeing enemy 2 ~ 7 tiles ahead, or to reach an enemy quickly.
초급 공격스킬로 STR과 스킬레벨에 따라 데미지가 증가합니다.	A basic attack skill; damage increases with STR and skill level.
아우스터즈 일족은 강인한 육체적 능력들을 가지고 있습니다. 이 능력을 키우기 위하여 챠크람이란 무기를 사용해야 합니다.	The Ousters possess great physical abilities. To develop them, they must use the weapon called the chakram.
자신 혹은 아군에게 눈에 보이지 않는 얼음의 장벽을 펴 근접 공격의 데미지를 일부 줄여준다. 이 스킬에 의하여 속도 저하가 된 상태 이후 박쥐 변신이나 아우스터즈의 바람의 정령, 늑대변신, 오토바이 소환, 페스트 무브 계열 스킬 시전등 모든 부분에 있어 속도 저하의 영향을 받는다. 다만, 공격 속도와 마법 시전 속도만 영향을 받지 않는다. 감소량과 지속시간은 인트와 스킬레벨에 따라 달라지며 스킬을 마스터하면 상당량의 가중치가 적용된다.	Spreads an invisible wall of ice over yourself or an ally, reducing part of the damage from melee attacks. A target slowed by this skill is slowed in everything, including Transform To Bat, the Ousters' wind spirit, Transform To Wolf, summoning a Motorcycle and casting Fast Move-type skills. Only attack speed and casting speed are unaffected. The reduction and duration depend on INT and skill level. Mastering the skill grants a substantial bonus.
주변의 대기를 급속도로 냉각시켜, 얼린 후, 적의 체내에서부터 파괴시켜버리는 강력한 마법입니다. 지력이 높은 시전자가 사용하면 한층 더 강한 위력을 보여줍니다.	A powerful spell that rapidly chills and freezes the surrounding air, then destroys the enemy from inside its body. It grows even stronger in the hands of a caster with high INT.
강력한 공격스킬로  STR과 스킬레벨에 따라 데미지가 증가합니다.	A powerful attack skill; damage increases with STR and skill level.
파괴의 정령 루이넬에게 전수 받는 기술로, 직접 소환하는 기술은 아닙니다. 그의 힘만을 소환하여 타격 기술을 가할 때 루이넬의 기운이 깃들도록 하는 기술입니다. 적의 목부터 배, 무릎 순서로 거의 동시에 타격을 가하는 기술로 강인한 육체에서 최고의 능력을 발휘하게 됩니다. 	A skill passed down by Ruinel, the spirit of destruction; it does not summon him directly. It summons only his power, so that Ruinel's energy dwells in your strikes. It hits the enemy's neck, belly and knees almost at once, in that order, and shows its full potential in a strong body.
도를 빨리 휘둘러서 잔상을 만들어내어 상대방을 혼란시키는 기술입니다. 적은 상대가 자신의 어디를 노릴지 알 수 없기 때문에 명중률이 높아집니다. 이 기술의 지속시간 동안 명중률의 보너스를 받습니다.	A skill that swings the blade so fast it leaves afterimages that confuse the opponent. Since the enemy cannot tell where you will strike, your accuracy rises. You receive a To Hit bonus while the skill lasts.
몸을 숨긴 적을 감지해내는 마법으로 처음에는 하이드만이 가능하지만 스킬레벨이 15가 되면 인비지도 볼 수 있으며, 25가 되면 스나이핑까지도 디텍팅할 수 있습니다. 지속시간은 INT와 스킬레벨에 따릅니다.	A spell that detects hidden enemies. At first it only reveals Hide, but at skill level 15 it also reveals Invisibility, and at 25 it even detects Sniping. Duration depends on INT and skill level.
뱀파이어의 지능이 점점 발달해 갈수록 그들이 사용하는 마법도 강력해져 간다는 사실을 알게 되었다. 	It has become clear that the more the vampires' intelligence develops, the more powerful the magic they use becomes.
성령의 힘을 이용한 치료 주문에 한계를 느끼게 된 성직자들은 치열해져만 가는 전쟁에서 더욱 효과적이고 강력한 치료 주문이 절실하였다. 이런 사실을 전해들은 바티칸의 고위 성직자들은 중세시대 때부터 전해오는 강한 치료 주문인 그레이트힐을 연구하게 되었고 이를 더욱 효과적인 치료 주문으로 만드는데 성공하였다. 그레이트힐은 강한 치료효과와 더불어 마스터 이상의 강한 뱀파이어의 흡혈에도 치료가 가능하다는 사실이 입증되었다.	The priests, who had come to feel the limits of healing prayers that drew on the Holy Spirit, urgently needed more effective and powerful healing magic for an ever fiercer war. Hearing of this, high-ranking priests of the Vatican studied Great Heal, a strong healing prayer handed down since the Middle Ages, and succeeded in making it even more effective. Great Heal has proven not only to heal powerfully but also to cure Blood Drain by vampires of Master rank and above.
푸른 빛을 띄는 치명적인 독가스를 소환하는 마법입니다. 이 가스는 이동성이 없고 구별이 용이하기 때문에 피하기가 쉽지만, 일단 가스를 들이마시거나 피부가 노출되면 호흡기에 큰 손상을 입게 되며, 오랫동안 노출될 경우 생명까지도 위험할 수 있습니다. 뱀파이어는 생물학적인 호흡을 하지 않기 때문에 이 가스에 의해서는 아무런 피해를 입지 않습니다.	A spell that summons a deadly greenish poison gas. The gas does not move and is easy to spot, so it is easy to avoid, but once inhaled or in contact with bare skin it badly damages the respiratory system, and long exposure can even be fatal. Vampires do not breathe biologically, so the gas does them no harm at all.
이 마법을 특정 생명체에 대해 사용하면, 푸른 독가스가 그 생명체의 주위에 계속 따라다니게 됩니다. 이 마법에 걸리게 되면, 아무리 독을 치료하더라도 가스가 사라질 때까지 계속 중독이 되기 때문에 체력이 떨어집니다. 현재로써는 이 독가스의 정체와 해결 방법이 나와 있지 않은 상황입니다. 단지 걸리지 않기만을 바랄 뿐입니다. 	Cast on a particular creature, this spell makes a green poison gas follow it around. No matter how often the poison is cured, the victim stays poisoned and keeps losing HP until the gas disappears. For now, nobody knows what the gas is or how to deal with it. All you can do is hope not to be caught by it.
대지의 축복으로 일정시간 스텟치가 상승한다. 증가치는 스킬렙에 종속되며 시전자의 스텟에 따라 증가되는 스텟의 종류가 달라진다. 시전자의 스텟 비율에 따라 피시전자의 스텟이 스킬렙에 따라 증가된다. 스킬을 마스터하면 상당량의 가중치가 적용된다.	The blessing of the earth raises stats for a set time. The increase depends on skill level, and which stats rise depends on the caster's stats. The target's stats rise according to the caster's stat ratio and the skill level. Mastering the skill grants a substantial bonus.
유능한 군인은 전장에서 냉철히 상황을 판단하여 유효적절한 곳에 화력을 집중할 수 있는 능력을 가지고 있어야 합니다. 군에서는 슬레이어들을 위해 다수의 포병대를 지원하고있으며 유저는 필요시 포격을 유도하여 일정 지역에 강력한 화력을 퍼부을 수 있습니다. 단 포격요청후 일정시간후에 포격이 수행되니 시간차를 감안하여 포격 좌표를 지정해주어야 합니다. 스킬 레벨에 따라 데미지 값과 조준 거리가 달라집니다.	A capable soldier must be able to judge the situation coolly on the battlefield and concentrate firepower where it counts. The army supports the Slayers with many artillery units, and you can call in a barrage when needed to pour heavy fire on an area. The barrage lands some time after the request, so allow for the delay when choosing the target coordinates. Damage and targeting range vary with skill level.
저주 계열 마법 중에 가장 사악한 마법으로 알려져 있는 할루시네이션은 악령은 인간들의 나약한 마음으로 파고들어 사물을 구분할 지각 능력을 앗아가고 환각 속을 헤매도록 만든다. 환각 상태에 빠진 많은 슬레이어들은 할루시네이션을 벗어나기 위해 몸부림치지만 결국 서로의 머리에 총구를 겨누고 말 것이다.	Hallucination, known as the most wicked of the curse spells, sends evil spirits burrowing into the weak hearts of humans, stealing their ability to tell things apart and leaving them lost in delusion. Many Slayers caught in the hallucination struggle to break free, but in the end they will point their guns at each other's heads.
바람의 상위 정령인 실라이론을 일시적인 계약으로 차크람에 불어넣어 적을 공격하는 기술입니다. 상위정령인 만큼 독립적으로 목표를 추적해 공격이 가능하지만 교감을 지속시키기 위해 일정 거리를 유지해야 함을 잊지 말아야 합니다.	A skill that binds Silairon, a greater wind spirit, into your chakram through a temporary pact to attack the enemy. Being a greater spirit, it can track and attack targets on its own, but do not forget to stay within a certain distance to keep the bond alive.
지혜로운 고대 뱀파이어들은 영리하나 육체적 능력이 부족한 어린 뱀파이어들이 근접공격에 매우 취약하다는 사실을 인지하였다. 그들은 이러한 약점을 보완시켜줄 위한 마법을 연구하기 시작했고, 마침내 이들도 강력한 근접 공격력을 가지게 되었다.	Wise ancient vampires recognized that young vampires, clever but lacking physical ability, were very vulnerable in close combat. They began to research magic to make up for this weakness, and at last the young ones also gained powerful melee strength.
자신의 불속성 공격마법 데미지를 일시적으로 증가시켜주는 시전 마법으로 INT와 스킬레벨에 따라 데미지가 결정됩니다. 스킬레벨과 DEX에 따라 지속시간이 결정됩니다.	A cast spell that temporarily raises the damage of your fire attack spells; the damage is determined by INT and skill level. Duration is determined by skill level and DEX.
불의 정령을 깊이 사용하려면 불의 정령왕 이프리트에게 인정 받아야 합니다. 이프리트는 자신의 특기인 강한 불의 공격력을 정령사에게 부여하면서, 불을 사용할 수 있는 권한을 허락합니다.	To use fire spirits in depth, you must be acknowledged by Ifrit, the Spirit King of fire. Ifrit grants the spirit caller his specialty, fierce fire attack power, along with the right to wield fire.
상대를 물줄기로 휘감는 근거리 공격마법으로 INT와 스킬레벨에 따라 데미지가 결정됩니다. 공격거리는 스킬레벨에 종속됩니다.	A short-range attack spell that wraps the target in streams of water; damage is determined by INT and skill level. Range depends on skill level.
새롭게 개발된 신형 탄은 혈액 속의 물질과 화학작용을 일으켜 엄청난 폭발을 일으킬 수 있다. 하지만 전방에의 빠른 보급 요구에 의해 안정성에 대한 확인 작업을 활 수 없었기 때문에 완벽한 제품의 보급에는 어려움이 있는 상황이다.	A newly developed round reacts chemically with substances in the blood to set off a huge explosion. However, the urgent demand for fast supply to the front meant its stability could not be verified, so supplying a perfected product remains difficult.
오랫동안 훈련을 거듭한 군인들은 적을 향해서 돌격하면서도 정확한 사격을 할 수 있는 능력을 가지고 있습니다. 특히 그 중에서도 뛰어난 실력을 가진 군인은 적의 머리만을 겨냥해서 일격에 적을 쓰러뜨리는 가공할 기술을 터득하고 있습니다. AR, SMG, SG를 든 상태에서 이 기술을 사용하면 근거리에서 데미지의 보너스가 적용됩니다. 단 SR을 든 상태에서는 이 기술을 사용할 수 없습니다.	Soldiers with long training can shoot accurately even while charging the enemy. The most skilled among them have mastered the fearsome art of aiming only for the enemy's head to drop them in one shot. Used with an AR, SMG or SG, this skill grants a Damage bonus at close range. It cannot be used while holding an SR.
더욱 강력해 지는 적의 공격력으로 인하여 이를 보완할 치료제 개발이 절실하게 필요로 되었다. 하트카탈리스트는 신진대사를 순간적으로 활성화시키는 주사를 주입하여 상처부위의 회복력을 극대화 시키는 회복술의 하나로 고안 되었다.	As enemy attacks grew ever stronger, a treatment to counter them became desperately needed. Heart Catalyst was devised as a healing technique that injects a shot to activate the metabolism instantly, maximizing the recovery of wounded areas.
하늘의 신만이 내릴 수 있다는 강력한 번개를 소환하여 적의 머리위로 내려 심판하는 기술이다. 여러 개의 번개를 목표로 한 지점 주변으로 차례차례 강타한다. 	A skill that summons mighty lightning, said to be sent only by the gods of heaven, and brings judgment down on the enemy's head. Several bolts strike one after another around the target point.
이프리트의 권능을 상징하는 지옥의 불꽃 헬파이어를 소환하는 이 기술은 일정 공간을 모두 지옥의 불꽃으로 뒤덥어 버리는 능력을 가지고 있다. 이 불꽃이 몸에 닿으면 이 불길에서 벗어나려 해도 꺼지지 않고 일정시간 지속적인 데미지를 입힌다.	This skill summons Hellfire, the flames of hell that symbolize Ifrit's authority, and covers an entire area in hellfire. Once the flames touch a body they will not go out even if the victim flees them, dealing continuous damage for a set time.
일정범위의 바닥을 불꽃을 소환하여 적을 태워버린다. 맞아서 몸에 불이 붙으면 그 불이 지속시간동안 계속 붙어 다니며 데미지를 준다. 범위와 거리는 스킬렙에 따라 증가하며 스킬을 마스터하면 상당량의 가중치가 적용된다.	Summons flames on the ground over an area to burn the enemy. A target that catches fire keeps burning for the duration, taking damage all the while. The area and range increase with skill level. Mastering the skill grants a substantial bonus.
명중률을 증가시켜주는 패시브스킬로 스킬레벨에 따라 To hit이 증가합니다.	A passive skill that raises accuracy; To Hit increases with skill level.
타인의 힘보다 자신의 힘을 믿는 자주적인 이들에게는 믿음의 정령 페이트리스가 그들이 정확하고 신속한 공격을 할 수 있도록 영속적인 기원을 내려줍니다.	To the self-reliant, who trust in their own strength over that of others, Faytris, the spirit of faith, grants an everlasting blessing so they can attack accurately and swiftly.
모든 뱀파이어들은 여행을 떠날때 자신들의 좀비들로 하여금 안식을 위한 관을 항상 운반토록 합니다. 그러나, 예상치 못한 상황 - 강력한 적과 기나긴 전투를 벌인다든지, 신선한 피를 찾아서 멀리 이동한다든지 해서 안식처와 너무 멀어진 경우-에서 태양이 곧 떠오를 것 같다면 즉시 주변의 땅을 파고 자신의 몸을 숨길 수 있는 능력을 가지고 있습니다. 뱀파이어가 땅을 파고 들어간 곳은 웬만큼 주의깊은 사람이 아니고서야 쉽게 알아채지 못하지만, 전문적인 뱀파이어 사냥꾼들은 뱀파이어가 뿜어대는 특유의 사악한 기운을 감지할 수 있다고 합니다.	Every vampire, when setting out on a journey, has its zombies carry a coffin to rest in. But in unexpected situations - a long battle with a powerful enemy, or a long trip in search of fresh blood that leaves it too far from its resting place - if the sun is about to rise, a vampire can instantly dig into the ground and hide its body. A spot where a vampire has burrowed in is hard to notice for anyone less than very observant, but expert vampire hunters are said to be able to sense the distinctive evil aura a vampire gives off.
검에 일생을 맡기며 수련을 정진한 달인은 몸과 검이 하나가 되는 경지에 도달하게 된다. 이에 달하면 무형의 검을 만들어 이를 원거리의 적에게 날릴 수 있게 되는데, 검기를 자유자재로 부릴 수 있는 경지를 뛰어넘은 달인은 이에 공진막을 실어 날릴 수 있다고 한다. 이 검기에 맞게 된 적은 엄청난 데미지와 함께 자신을 제어하기 어려운 지경에 처하게 된다.	A master who devotes his life to the sword and trains without rest reaches the state where body and sword become one. At that point he can form an invisible sword and send it flying at distant enemies, and a master beyond even the free command of sword energy is said to load it with a resonance field. An enemy struck by this sword energy takes tremendous damage and struggles to control itself.
더욱 강력해져만 가는 뱀파이어들의 공격은 첨단갑옷과 신소재로 제작된 방어구 만으로는 감당해 낼 수 없는 수준에 다다르게 되었다. 방어구 개발이 진척되지 않는 현 상황에서 조금이라도 도움이 되기 위해서 바티칸의 고위 성직자들은 자신의 체력을 소진하면서 일시적으로 방어력을 상승 시키는 홀리아머(HolyArmor)기술을 개발 하였다.	The ever stronger attacks of the vampires reached a level that cutting-edge armor and gear made of new materials could no longer withstand. With armor development at a standstill, the high-ranking priests of the Vatican, wishing to help even a little, developed Holy Armor, a technique that spends their own HP to raise Defense temporarily.
성스러운 힘을 화살 형태로 발사하여 적에게 데미지를 입히는 기술입니다. 원거리 공격도 가능합니다.	A skill that fires holy power in the form of an arrow to damage the enemy. It can also attack at long range.
상대방의 온몸을 마구 베는 기술입니다. 도의 잔상이 마치 회오리바람이 몰아치는 것과 같다고 해서 붙여진 이름입니다. 무기의 기본데미지에 기술로 인한 보너스 데미지가 추가됩니다. 	A skill that slashes wildly at the opponent's whole body. It is named for the afterimages of the blade, which look like a raging whirlwind. The skill adds bonus damage to the weapon's base damage.
성직자들은 신을 찬양하는 찬송가를 노래함으로써 악의 피조물들을 혼란과 두려움 속에 빠지게 함으로써 제 능력을 발휘하지 못하도록 할 수 있습니다.	By singing hymns in praise of God, priests can plunge the creatures of evil into confusion and fear, keeping them from using their full power.
오랫동안 수련을 거듭해 온 성직자들은 순간적으로 4차원의 공간을 뒤틀어 특정 생물에게만 시간이 다르게 흐르도록 할 수 있는 방법을 터득하게 되었습니다.	Priests who have trained for many years have learned how to twist four-dimensional space for an instant, making time flow differently for one particular creature.
바닥에 빙판을 형성시켜 그 위를 지나가는 상대의 이동속도를 절반으로 떨어트리는 마법으로 스킬레벨에 따라 범위가 결정됩니다. 지속시간과 딜레이는 INT와 스킬레벨에 종속됩니다.	A spell that forms a sheet of ice on the ground, halving the movement speed of any enemy crossing it; the area is determined by skill level. Duration and delay depend on INT and skill level.
얼음의 정령 그류페인을 소환하는 마법으로 이 정령은 오로지 정령사의 능력에 따라 힘의 강약이 결정되기에 처음 정령술을 배우는 이들에게 유용한 마법입니다. 그류페인이 소환된 장소는 얼어붙어 그곳에 들어온 이들의 몸을 속박합니다.	A spell that summons Grupein, the ice spirit. This spirit's strength depends entirely on the spirit caller's ability, which makes it a useful spell for those just beginning to learn spirit magic. The ground where Grupein is summoned freezes over and binds the bodies of all who enter it.
아이스랜스를 강화시키는 마스터리 스킬로써 이 스킬을 습득하면 기존의 아이스랜스를 3 * 3 의 광역 공격으로 업그레이드 시킨다. 스킬레벨이 오름에 따라 데미지가 증가된다.	A mastery skill that strengthens Ice Lance; learning it upgrades Ice Lance into a 3 * 3 area attack. Damage increases as the skill level rises.
얼음의 정령 그류페인의 상위기술로 자신을 소환한 정령사를 위하여 강력한 얼음조각을 대기중에 날려 적을 공격하는 기술이다. 중급 빙한계 마법으로 이 마법의 능력은 시전자의 능력에 따라 달라진다.	A higher technique of Grupein, the ice spirit, which hurls powerful shards of ice through the air to attack the enemy for the spirit caller who summoned it. It is an intermediate frost spell whose power depends on the caster's ability.
원거리 공격이 없는 물 아우스터즈들을 감안한 스킬로 특정 방향성의 고려를 감안해 다방향에서 공격되는 형식을 띠고 있다. 인트에 따라 데미지가 증가되며 스킬레벨이 오르면 데미지와 거리가 증가한다. 스킬을 마스터하면 상당량의 가중치가 적용된다.	A skill designed for water Ousters, who lack a long-range attack; it strikes from several directions so the target's facing matters less. Damage increases with INT, and damage and range grow as the skill level rises. Mastering the skill grants a substantial bonus.
특정확률로 상대의 공격속도를 반으로 떨어트리는 패시브 스킬로 1,2,3번 정령석 슬롯에 물 속성을 가지고 있어야합니다. DEX에 따라 지속시간이 결정되며, 성공률은 정령 레벨에 따릅니다.	A passive skill that has a set chance to halve the target's attack speed; soul stone slots 1, 2 and 3 must all hold the water attribute. Duration depends on DEX, and the success rate on spirit level.
물 속성의 정령석으로 얼음의 정령 그류폐인의 힘을 챠크람에 깃들게 합니다.	Infuses your chakram with the power of Grupein, the ice spirit, through water soul stones.
성령의 눈으로 아이템의 능력치를 알아내는 마법입니다. 처음에는 기본적인 blessed, cursed, uncursed등의 상태만 알 수 있지만 숙련도가 늘어 날수록 알 수 있는 정보의 양이 늘어납니다. 단, 아이템의 상태는 아이템의 가장 최근 Identify한 내용의 것을 보여주게 됩니다.	A spell that reveals an item's properties through the eyes of the Holy Spirit. At first it only tells basic states such as blessed, cursed or uncursed, but the more proficient you become, the more you can learn. Note that an item's state shows what was found the last time the item was put through Identify.
인간의 육체에 대한 깨달음을 얻은 성직자들은 자기자신의 분신을 소환하여 성령의 힘이 깃든 구체를 발사하는 공격마법을 터득하기에 이르렀다고 한다. 일렌듀 마법을 시전하게 되면 자신의 분신들이 소환되어 적을 포위하고 공격하는 형태의 힐 계열 최고 공격 마법이다.	Priests who came to understand the human body are said to have learned an attack spell that summons their own doubles to fire spheres filled with the power of the Holy Spirit. Casting Illendue summons your doubles to surround and attack the enemy; it is the strongest attack spell of the Heal domain.
셉티무스성 지하의 무덤에 적힌 비석에는 아리오크를 지배하던 용자의 일생이 적혀있었다고 한다. 그 영웅은 아리오크의 능력을 소환하여 그의 주변에 있던 수많은 침입자들을 일격에 물리치고 전쟁을 승리로 이끌었으나, 아쉽게도 배신한 부하의 손에 목숨을 잃었다고 한다.	The gravestone in the tomb beneath Septimus Castle is said to record the life of a hero who once ruled Arioch. That hero summoned Arioch's power to defeat countless invaders around him in a single blow and led his side to victory in the war, but sadly he lost his life at the hands of a treacherous subordinate.
불덩어리를 만든 후, 주변의 적들 앞에 던져 광범위한 지역을 폭발시켜 불태웁니다. 그대의 지력이 높아질수록 이 마법의 불길은 더욱 더 거세어지겠지요.	Create a fireball and hurl it in front of the surrounding enemies, blowing up a wide area and setting it ablaze. The higher your INT, the fiercer this spell's flames will grow.
지뢰를 가장 효율적으로 설치하는 것은 그 누구도 지뢰를 발견할 수 없도록 감쪽같이 숨기는 것이라 하겠습니다. 이 기술은 자신이 가진 지뢰를 들키기 않게 설치하는 기술로, 숙련도가 높으면 높을수록 다른 사람이 지뢰를 찾기가 어려워집니다. 그러나, 뱀파이어들은 마법적인 능력으로 지뢰의 존재 여부를 알아낼 수 있다고 합니다.	The most effective way to lay a mine is to hide it so perfectly that no one can find it. This skill lets you plant your mines without being noticed; the higher your proficiency, the harder it is for others to find them. However, vampires are said to be able to detect mines with their magical powers.
인스톨마인(Install Mine)과 함께 고안된 특수 훈련과정의 하나로 폭발을 목적으로 한 인스톨마인과는 달리 적의 허점을 노려 움직임을 잠시 봉쇄하는 것을 목적으로 하는 기술이다. 더욱 치열해져만 가는 전장에서 큰 도움이 기술임을 알게 될 것이다.	A special training course devised along with Install Mine. Unlike Install Mine, which aims to explode, this skill exploits the enemy's openings to lock down its movement for a moment. You will find it a great help on ever fiercer battlefields.
탑승형 발칸을 생성한 후 고정된 상태에서 일정 시간동안 강한 연사공격과 함께 보호 역할을 해주는 스킬입니다. 단 생성 후 일정시간 동안 그 자리를 벗어날 수 없다는 단점이 있기도 합니다.	A skill that creates a mountable Vulcan cannon which, fixed in place, lays down heavy rapid fire and protects you for a set time. Its drawback is that you cannot leave the spot for a set time after creating it.
궁극에 이른 검사는 자신의 기술을 모두 응용하여 새로운 동작을 창조해 내게 됩니다. 몇가지 기술들에 딜레이가 없이 연속으로 공격하여 적에게 치명상을 입힐 수 있습니다.	A swordsman who reaches the ultimate level combines all of his skills to create new moves. He can chain several skills without delay to deal fatal wounds to the enemy.
가끔 밤길을 걷가가 골목 끝 어딘가에서 누군가가 자신을 주시하고 있는 것 같은 느낌을 받은 적이 있습니까? 아무리 주위를 둘러봐도 사람의 기척은 느껴지지 않지만 소름이 좌악 끼치는 경험을 해본 적이 있습니까? 그렇다면 당신은 뱀파이어를 만난 적이 있다는 뜻입니다. 강력한 뱀파이어들은 인간의 눈에 띄지 않게 자신의 몸을 마법적인 장막으로 감추고 이동할 수 있다고 합니다. 일단 투명해진 뱀파이어들은 기척도 없이 이동할 수 있지만, 인간을 공격하기 직전 그 모습이 드러나게 됩니다. 그러나, 바티칸의 훌륭한 성직자들은 이렇게 투명화한 뱀파이어들을 알아챌 수 있으며 그 마법조차도 무효화시키는 성스러운 힘을 가지고 있다고 합니다. 	Have you ever walked a dark street at night and felt that someone at the end of an alley was watching you? Have you ever felt your skin crawl even though, however much you looked around, you could sense no one? If so, you have met a vampire. Powerful vampires are said to be able to hide their bodies behind a magical veil and move unseen by human eyes. Once invisible, vampires move without a trace, but they show themselves just before attacking a human. Yet the fine priests of the Vatican are said to be able to sense such invisible vampires and to hold a holy power that can even cancel the spell.
더욱 강력해지는 뱀파이어들을 상대하기 위해서는 강한 공격력과 더불어 그들의 육체를 비정상적인 상태로 만들어 버리는 효과적인 전투가 필요하게 되었다. 재빙베인은 강한 연사공격과 더불어 상대방의 신경세포를 파괴시켜 일시적으로 움직임을 둔화 시키는 효과를 지닌 효과적인 공격기이다. 	To face ever stronger vampires, combat that not only hits hard but throws their bodies into an abnormal state became necessary. Jabbing Vein is an effective attack that combines heavy rapid fire with destroying the target's nerve cells, slowing its movement for a time.
불계열의 기본적인 장거리 공격마법으로 INT와 스킬레벨에 따라 데미지가 증가합니다. 공격거리는 스킬레벨에 종속됩니다.	A basic long-range attack spell of the Fire domain; damage increases with INT and skill level. Range depends on skill level.
불의 하위 정령으로 작은 독수리의 모양을 하고 있는 카사의 힘을 빌린 정령 마법입니다. 그의 작은 독수리 모습들이 합쳐지면 거대한 불사조의 모습을 이룬다고도 합니다. 카사의 작은 독수리 모양이 마치 화살이 날라가는 모습과 같다고 하여 붙여진 이름으로, 화염으로 이루어진 카사는 상대의 심장을 노린다고 합니다.	A spirit spell that borrows the power of Kasa, a lesser fire spirit in the shape of a small eagle. When his small eagle forms come together, they are said to form a giant phoenix. The name comes from how Kasa's small eagle shapes fly like arrows, and Kasa, made of flame, is said to aim for the enemy's heart.
인도의 고대 검법을 응용하여 고안한 라슬래쉬는 검기가 퍼져나가는 모양이 마치 태양 표면에 이글거리는 코로나와 같다고 하여 코로나 슬래쉬(Corona Slash)라는 이름으로 불리우기도 한다. 라슬래쉬에 대항하는 적은 검기와 함께 태양의 이글거리는 표면의 환영에 휩싸여 죽음을 맞이한다고 한다.	Devised from an ancient Indian sword art, Lar Slash is also called Corona Slash, because its spreading sword energy resembles the corona blazing on the surface of the sun. An enemy who stands against Lar Slash is said to meet death wrapped in sword energy and the illusion of the sun's blazing surface.
그 이름처럼 잔혹하고 파괴적인 기술이다. 빠른 속도로 주변의 적들에게 날카로운 광분의 발톱을 휘두른다. 레벨이 높아질수록 적들을 할퀴어 입히는 파괴력은 기하급수적으로 늘어나게 된다.	As cruel and destructive as its name. Swiftly slash the surrounding enemies with sharp, frenzied claws. As your level rises, the destruction your claws wreak on the enemy grows exponentially.
※승급 100등급 달성시 마켓에서 스킬북을 통해 무료로 습득하실 수 있습니다.	* Once you reach Advancement level 100, you can learn it free of charge with a skill book from the Market.
뱀파이어의 패럴라이즈를 제거해주는 마법으로 성공률, 딜레이, 시전거리가 스킬레벨에 종속됩니다.	A spell that removes a Vampire's Paralyze; success rate, delay and casting range depend on skill level.
물의 정령왕 엘퀴네스의 회복 능력을 이용하여, 저주받은 악령들을 어둠으로 되돌립니다.	Uses the healing power of Elquines, the Spirit King of water, to send cursed evil spirits back into darkness.
빛의 구를 적에게 발사하여 데미지를 입힐 수 있습니다. 원거리 공격도 가능합니다.	Fires a sphere of light at the enemy to deal damage. It can also attack at long range.
성직자들은 어둠속에 홀로 있을 경우 성스러운 빛을 소환해서 어둠을 물러가게 할 수 있습니다. 이 마법을 사용하면 자신의 주변이 밝아지면서 시야가 넓어지게 됩니다. 숙련도가 높아질수록 밝기의 범위가 넓어지게 됩니다.	When alone in darkness, priests can summon a holy light to drive the darkness back. This spell lights up your surroundings and widens your Vision. The higher your proficiency, the wider the area it lights.
교황청의 성직자들은 뱀파이어의 다크니스 마법에 대해서 오랜 시간 연구한 끝에 이를 무용지물로 만들 수 있는 마법인 라이트니스를 터득하게 되었다. 성직자에게 라이트니스 마법을 받은 슬레이어들은 다크니스 속에 모습을 감춘 모든 뱀파이어를 볼 수 있게 되며, 다크니스 안에서도 평상시와 다름없는 시야를 가질 수 있다.	After long study of the vampires' Darkness spell, the priests of the Holy See learned Lightness, a spell that renders it useless. Slayers given Lightness by a priest can see every vampire hidden in Darkness and keep their normal Vision even inside Darkness.
번갯불처럼 검을 마구 휘둘러서 상대방에게 무차별적인 데미지를 주는 기술입니다.  이 기술을 사용하면 공격속도가 대폭 증가해서, 검을 순식간에 9회 휘둘러서 적을 공격할 수 있습니다.	A skill that swings the sword wildly like lightning to deal indiscriminate damage to the opponent.  It greatly increases your attack speed, letting you slash the enemy 9 times in an instant.
번갯불처럼 검을 마구 휘둘러서 상대방에게 무차별적인 데미지를 주는 기술입니다. 이 기술을 사용하면 공격속도가 대폭 증가해서, 검을 순식간에 9회 휘둘러서 적을 공격할 수 있습니다. 	A skill that swings the sword wildly like lightning to deal indiscriminate damage to the opponent. It greatly increases your attack speed, letting you slash the enemy 9 times in an instant.
오랜 시간 숙련된 군인들은 사격술만이 아닌 자신의 체력을 기르기 위하여 특별한 훈련을 받게되었습니다. 	Soldiers seasoned over many years came to receive special training to build up not only their marksmanship but also their stamina.
이 훈련을 통해 어떤 곳에서도 몸을 숨기지 않고도 적과 전투를 할 수 있는 강인한 체력을 갖게 되었습니다. 	Through this training they gained the toughness to fight the enemy anywhere without taking cover.
도메인 레벨이 일정 단계에 오를때마다 자신의 생명력 또한 같이 증가하게 되는 패시브 기술이며 	It is a passive skill that raises your HP each time your domain level reaches certain stages, and
총을 사용하고 있을 때만 적용이 됩니다.	it only applies while you are using a gun.
잊혀진 문명에서 전해오는 프라오로스의 전설에서 그들은 주인을 지켜주는 고마운 존재였다고 한다. 프라오로스의 힘을 공유하는 자들은 주변에 방어마법진을 형성하여 몸을 보호할뿐만 아니라, 그 안에 침입한 불순한 자들에게 고통을 안겨준다고 전해진다.	In the legend of the Fraoros, handed down from a forgotten civilization, they were kindly beings who protected their masters. Those who share the power of the Fraoros are said to form a protective magic circle around themselves that not only guards their bodies but also brings pain to any impure intruder within it.
매그넘 스피어를 강화시키는 마스터리 스킬로써 이 스킬을 습득하면 큰 불덩어리를 바닥에 떨어트려 강력한 데미지를 가한다. 스킬레벨이 오름에 따라 데미지가 증가한다.	A mastery skill that strengthens Magnum Spear; learning it lets you drop a great fireball on the ground to deal heavy damage. Damage increases as the skill level rises.
불의 정령왕 이프리트의 도움을 받아 강력한 불꽃을 창으로 만들어 적에게 날리는 기술로 최대 6개의 창까지 만들어 공격할 수 있다.	With the help of Ifrit, the Spirit King of fire, you forge powerful flames into spears and hurl them at the enemy, creating up to 6 spears to attack with.
만들어 낼수 있는 창의 수는 스킬 레벨에 따라 달라진다. 데미지는 인트와 스킬렙에 영향을 받는다. 스킬을 마스터하면 상당량의 가중치가 적용된다.	The number of spears you can create depends on skill level. Damage scales with INT and skill level. Mastering the skill grants a substantial bonus.
성직자들은 명상을 함으로써 자신의 정신을 맑게한다고 합니다. 매일매일 그들은 명상을 하면서 조용히 주님의 이름을 읖조리며, 그들의 죄를 반성하고 가지고 있는 나쁜 마음들을 버리고자 합니다. 성직자들은 이를 행함으로 자신들의 흐트러졌던 정신력을 강하게 한다고 합니다. 성직자들은 주님이 지신 십자가를 들고 명상하기를 잊지 않습니다. 	Priests are said to clear their minds through meditation. Every day they meditate, quietly murmuring the name of the Lord, repenting their sins and seeking to cast away their wicked thoughts. By doing so, priests strengthen their scattered mental power. They never forget to meditate holding the cross the Lord bore.
검을 가지고 거듭되는 수련을 통해 검기를 자유 자재로 다룰 수 있을 정도까지에 다다르게 된 사람들은 검에 정신력을 부여하여 물리적인 힘 없이도 검을 조정할 수 있습니다.	Those who, through repeated training with the sword, have come to wield sword energy at will can imbue the sword with mental power and control it without physical force.
스스로 악마와 별다를바가 없는 뱀파이어라도, 진정한 악마의 신들에게는 굴복하고 만다. 뱀파이어들은 수단과 방법을 가리지 않고 자신들이 원하는 것을 쟁취하고자 하는데, 이들 중에서는 악마 메피스토에게 영혼을 파는 자들도 있다고 한다. 	Even vampires, hardly different from demons themselves, bow before the true gods of the demons. Vampires will seize what they want by any means necessary, and some of them are said to sell their souls to the demon Mephisto.
머시그라운드(MercyGround)는 신성한 주문이 담긴 결계를 땅에 형성하여 땅을 매개체로 이용하여 시작되는 뱀파이어와 아우스터즈의 일부 마법을 효과적으로 막아내는 유용한 마법이다.	Mercy Ground is a useful spell that forms a barrier holding a sacred incantation on the ground, effectively blocking some Vampire and Ousters spells that use the ground as their medium.
대지의 정령 노임의 최고 기술로 거대한 바위를 소환하여 떨어트리는 광역 기술이다. 이 기술로 소환한 이 거대한 바위는 강력한 파괴력으로 지면에 떨어져 그 주변에 있는 모든 적에게 강한 데미지를 입힌다. 스킬을 마스터하면 상당량의 가중치가 적용된다.	The ultimate technique of Gnome, the earth spirit: an area skill that summons a huge boulder and drops it. The summoned boulder crashes to the ground with tremendous destructive force, dealing heavy damage to every enemy around it. Mastering the skill grants a substantial bonus.
뱀파이어 마스터는 그동안 축적된 정신력을 이용하여 자연물을 조종할 수 있다. 이를 이용해 우주공간에 떠도는 운석을 마스터가 원하는 지점에 떨어지도록 유도하면 그 주변은 엄청난 충격과 타격을 입게 된다.	A Vampire Master can use the mental power he has built up over time to control nature. By guiding a meteor drifting in outer space to fall on the spot he chooses, he inflicts tremendous impact and damage on the surrounding area.
은폐된 장소를 거점으로 하여 기습공격을 가하는 뱀파이어들의 진보된 전투 패턴에 맞서기 위해 고안된 사격술이 바로 모울샷(MoleShot)이다. 빠른 연사속도와 함께 광범위한 지역을 동시에 공격할 수 있어 대규모 전투에서 빛을 보는 기술이다.	Mole Shot is a shooting technique devised to counter the vampires' advanced tactics of launching ambushes from concealed positions. Its fast rate of fire and ability to hit a wide area at once make it shine in large-scale battles.
수면 위에 떠 있는 달빛을 순간적으로 가를수 있을 정도의 엄청난 쾌도입니다. 엄청난 세기와 빠른 공격으로 많은 적들을 순간에 베어낼 수 있습니다. 도의 장중함과 빠른 칼 놀림을 사용하는 그 기술에 의해 많은 적들이 죽음을 맞이합니다.	A blade stroke so tremendous it could cleave the moonlight on the water's surface in an instant. With enormous strength and speed, it cuts down many enemies at once. Many enemies meet their death by this technique, which unites the blade's weight with swift swordplay.
도를 통해 강력한 빛을 적에게 수차례발사하여 연속적인 데미지를 입히는 공격입니다. 이공격을 받은 뱀파이어는 강력한 태양빛을 특정 부위에 집중적으로 쏘인듯한 고통을 겪게 됩니다.	An attack that fires powerful light through the blade at the enemy several times, dealing damage in succession. A Vampire struck by it suffers as if intense sunlight were focused on one part of its body.
AR, SMG, SG를 든 상태에서 이 기술을 사용하면 광역 공격이 가능해집니다. 이때, 영역의 범위는 총의 종류에 따라서 달라지며, 연속사격이 불가능한 SR을 들고는 광역 공격을 사용할 수 없습니다. 단 이 기술을 사용할 경우 명중률과 데미지의 페널티를 받지만, 그랜드 마스터의 단계에 도달하면 페널티를 받지 않게 됩니다.	Used with an AR, SMG or SG, this skill enables area attacks. The size of the area depends on the type of gun, and you cannot use area attacks with an SR, which cannot fire bursts. Using this skill incurs To Hit and Damage penalties, but they disappear once you reach Grand Master.
점점 더 두꺼운 갑옷으로 무장하는 슬레이어들에게 물리적인 공격 방법은 점점 실효성을 잃어가고 있습니다. 그러나 손톱을 이용한 공격은 상대의 피를 통해 자신의 생명과 마력을 영속시켜주는 중요한 도구입니다. 따라서 뱀파이어들은 상대의 피를 빨아들일 때마다 서서히 예리해지는 마력을 손톱에 불어넣습니다.	Physical attacks are losing their effect against Slayers clad in ever thicker armor. Yet the nails remain a vital tool, extending a vampire's life and magic power through its victims' blood. So every time vampires drink their victims' blood, they pour magic into their nails that grows keener little by little.
자신 혹은 아군의 HP와 EP를 회복시켜주는 마법으로 INT와 스킬레벨에 따라 회복량이 결정됩니다. 딜레이와 시전거리는 스킬레벨에 종속됩니다.	A spell that restores the HP and EP of yourself or an ally; the amount restored is determined by INT and skill level. Delay and casting range depend on skill level.
물의 정령인 님프의 가호로 그에게 도움을 필요로 하는 이들을 치유의 손길을 전할 수 있습니다.	Through the protection of the Nymph, a water spirit, you can bring a healing touch to those who need its help.
마스터에 가까운 군인이 되면 적의 움직임을 세세히 살필 수 있는 안력이 극에 달하게 됩니다. 이로 인해 적의 움직임 하나하나를 관찰하게 되고, 그 움직임 속에서 적의 약점을 정확하게 찾아낼 수 있는 안력을 만들 수 있습니다. 	A soldier close to mastery develops the keenest eyes for watching every detail of the enemy's movements. He comes to observe each and every movement of the enemy, and gains the insight to pinpoint the enemy's weaknesses within those movements.
저급 뱀파이어들이 독이나 산을 이용한 마법을 사용하는 반면, 오랫동안 인간의 피를 흡혈하며 살아온 뱀파이어들은 강력한 흑마술까지도 구사할 수 있습니다. 이 마법을 사용하면 악령을 소환해서 희생자를 손끝조차 꼼짝할 수 없게 마비시킬 수 있습니다. 이 마비는 일정시간이 지나면 풀리지만 대부분의 슬레이어들은 마비에 걸린 직후 뱀파이어에게 즉각 죽음을 당하게 됩니다. 성직자들은 이 저주를 해소시키는 성스러운 마법을 사용할 수 있다고 합니다.	While lesser vampires use poison and acid spells, vampires who have lived long on human blood can even wield powerful black magic. This spell summons an evil spirit that paralyzes the victim so it cannot move even a fingertip. The paralysis wears off after a set time, but most Slayers are killed by the vampire right after being paralyzed. Priests are said to have holy magic that can lift this curse.
난전이 벌어지는 상황에서 성직자가 부상자에게 일일이 치유력을 발휘하기에는 어려움이 따르기 마련이다. 하지만 수련을 쌓은 자가 발생시키는 회복력은 인간의 오오라를 감지하여 전염되듯 이어지기 때문에 시전자에게 잠시나마 시간을 벌어줄 수 있다.	In a chaotic melee, it is hard for a priest to heal the wounded one by one. But the healing power released by a trained caster senses human auras and passes from one to the next as if contagious, buying the caster a little time.
수련을 거듭한 성직자는 신실한 기도의 힘으로 미쳐 날뛰는 몬스터조차도 잠시동안 평화로운 기분에 빠져들게 만들 수 있습니다.	With the power of faithful prayer, a well-trained priest can lull even a raging monster into a peaceful mood for a while.
최근에 나온 강한 화력의 총들은 여러 명의 적을 뚫고 피해를 주기도 합니다. 이 기술을 사용하면 사정거리 안에 있는 일직선상의 적에게 한꺼번에 데미지를 줄 수 있게 됩니다. 단 투과성이 떨어지는 SG를 든 상태에서는 이 기술을 사용할 수 없습니다. 이 기술도 처음에는 데미지의 페널티를 받지만, 그랜드 마스터의 단계에 도달하면 페널티가 없어집니다.	Some of the latest high-powered guns can pierce through several enemies. This skill damages every enemy in a straight line within range at once. It cannot be used while holding an SG, which has poor penetration. This skill also carries a Damage penalty at first, but the penalty disappears once you reach Grand Master.
엄청난 독 공격이 하늘에서 퍼붓는 듯한 기술입니다. 녹색의 독은 공격 범위에 들어온 모든 사물을 치명적인 독으로 공격하는 광역 마법입니다. 강력한 마법을 구사해 한꺼번에 몰살시키기 위한 독 공격이나 이 마법을 시전하면 많은 체력이 소모됩니다.	A skill that seems to rain down a torrent of poison from the sky. It is an area spell whose green poison attacks everything in its range with deadly venom. It is a poison attack meant to wipe out enemies at once with powerful magic, but casting it costs a great deal of HP.
독을 이용하여 적에게 많은 데미지를 줄 수 있는 마법입니다. 이 마법은 적에게 한꺼번에 많은 데미지를 주고 빠르고 강한 공격을 할 수 있습니다. 하지만 이 마법은 엄청난 체력 소모가 뒤따릅니다.	A spell that uses poison to deal heavy damage to the enemy. It deals a great deal of damage at once with a fast and strong attack. However, it comes at an enormous HP cost.
테르티우스 성 내부의 회벽 속에서 발견된 문헌에 의하면 파프니르의 주인은 상대를 서서히 죽음의 나락으로 떨어트리는 무서운 마법을 다루었다고 전해진다. 이 마법은 독기운을 마치 그물처럼 펼쳐 상대를 옭아매고 지속적으로 스며드는 독성의 고통에 몸부림치게 된다고 한다.	According to documents found inside the plaster walls of Tertius Castle, the master of Fafnir wielded a terrible magic that slowly drops the victim into the abyss of death. It is said to spread poison like a net to ensnare the target, who then writhes in the pain of poison steadily seeping in.
독을 다루는데 능숙한 뱀파이어는, 지속성이 없는 약한 독기운을 날카로운 손톱끝에 응집시켜서 적을 공격할 수 있습니다. 이때, 당하는 쪽은 물리적인 데미지 외에 추가적인 독 데미지를 입게 됩니다. 단 이 보너스는 독에 대해서 기본적으로 내성을 가진 같은 뱀파이어에게는 적용되지 않습니다. 	Vampires skilled with poison can gather a weak, non-lasting poison on their sharp fingertips to attack the enemy. The victim takes additional poison damage on top of the physical damage. However, this bonus does not apply to fellow Vampires, who are naturally resistant to poison.
육체적인 잠재력을 끌어내는 기술로 일시적으로 자신의 육체적인 한계를 뛰어 넘는 능력을 일정 시간 상승시킵니다. 몸이 극한의 상황에 이를 경우 능력의 상승폭이 급속도로 높아지게 됩니다. 이 기술의 지속시간동안 STR과 DEX가 높아집니다.	A skill that draws out the body's latent potential, temporarily raising your abilities beyond your physical limits for a set time. When your body is pushed to its extreme, the increase rises sharply. STR and DEX increase while the skill lasts.
도를 극강의 수준까지 수련한 무사들은 도을 통하여 땅의 힘과 소통할 수 있게 됩니다. 수련의 정도에 따라 이들은 강력한 땅의 힘을 광범위한 지역에 투사할 수 있지만 힘을 집중하기까지 시간이 많이 걸리는 단점이있습니다. 무기의 기본데미지에 기술레벨에 따라 보너스데미지가 추가됩니다.	Warriors who have trained with the blade to its supreme level can commune with the power of the earth through the blade. Depending on their training, they can project the earth's mighty power over a wide area, but gathering that power takes a long time. The skill adds bonus damage to the weapon's base damage according to the skill level.
성직자들은 기도를 함으로써 자신의 정신을 순결하게 만든다고 합니다. 항상 그들은 그들의 고결하고 깨끗한 영혼을 지키기위해 매일 주님 앞에 나아가 기도로써 자신의 죄사함을 받습니다. 이들은 주님이 짊어지신 십자가를 들고서 악한 마음을 정제하고 정신력을 회복하는 기도를 반복합니다.	Priests are said to purify their minds through prayer. To guard their noble and pure souls, they come before the Lord in prayer every day and are forgiven their sins. Holding the cross the Lord bore, they pray again and again to cleanse their hearts of evil and restore their mental power.
일정 범위를 불바다로 만드는 광역 공격마법으로 INT와 스킬레벨에 따라 데미지가 결정됩니다. INT와 스킬레벨에 따라 지속시간이 결정됩니다. DEX에 따라 딜레이가 감소되며 스킬레벨에 따라 시전 거리가 증가됩니다.	An area attack spell that turns an area into a sea of fire; damage is determined by INT and skill level. Duration is determined by INT and skill level. Delay decreases with DEX, and casting range increases with skill level.
빛의 정령 니트라스의 힘으로 태양의 홍염을 소환하는 마법입니다. 그의 마법을 소환 하면 일정 공간을 불로 뒤덮인 장소로 만들며, 화염에 휩싸인 적들에게는 홍염의 뜨거움을 직접 체험하게 해 줄 수 있는 마법입니다. 범위 내에 있는 캐릭터는 범위를 벗어날 때까지 지속적인 데미지를 받게 되는 광역 마법입니다. (동족은 공격할 수 없습니다.)	A spell that summons the sun's prominence through the power of Nitras, the spirit of light. It turns an area into a place covered in fire, letting enemies caught in the flames feel the heat of a solar prominence firsthand. It is an area spell: characters within range keep taking damage until they leave it. (It cannot attack your own race.)
뱀파이어들은 때로는 강한 산성 액체를 마법적으로 창조해내서 인간들을 공격하곤 합니다. 여기에 대항해서 성직자들은 산성 액체로부터 마법적으로 인간을 보호하는 방법을 찾아내었습니다. 이 마법을 사용하면 자신 혹은 다른 사람의 산에 대한 저항력을 높여줍니다. INT(지식)가 올라갈수록 저항력의 증가량도 올라가며, 다른 사람에게 걸 경우 페널티가 부여됩니다.	Vampires sometimes magically create strong acids to attack humans. To counter this, priests found a way to protect humans magically from acid. This spell raises the acid resistance of yourself or someone else. The higher your INT (knowledge), the greater the resistance increase, and a penalty applies when cast on others.
프로텍션프롬블러드는 지능이 발달한 일부 뱀파이어들의 피를 이용한 여러 형태의 공격 마법으로부터 효과적인 방어를 하기위해서 고안된 기술이다. 이 기술은 알칼리성 방어 필드을 방어구 위에 얇게 형성시켜 산성 성분의 피를 중화시켜 버린다고 한다. 시전자의 정신력에 따라 더욱 효과적인 방어가 가능하다고 전해진다.	Protection From Blood is a technique devised to defend effectively against the various blood-based attack spells of some intelligent vampires. It forms a thin alkaline defensive field over the armor that neutralizes the acidic blood. The stronger the caster's mental power, the more effective the defense is said to be.
저주에 걸리는 인간들은 대부분 의지력이 약하고 스스로에 대한 믿음이 적다는 조사 결과가 있습니다. 그러나, 뛰어난 성직자는 놀랄만큼 강한 축복의 힘으로 뱀파이어의 저주에서부터 자신 혹은 다른 사람을 보호해 줄 수 있습니다. 저주에 대한 저항력은 시전자의 INT(지식)가 높을 수록 높아지며, 다른 사람에게 걸 경우 역시 약간의 페널티를 받게 됩니다.	Studies show that most humans who fall under curses have weak will and little faith in themselves. Yet an outstanding priest, with an astonishingly strong power of blessing, can protect himself or others from vampire curses. The higher the caster's INT (knowledge), the greater the resistance to curses, and casting it on others again carries a small penalty.
믿음이 강한 성직자들은 뱀파이어의 강력한 독에 대해서 자신 혹은 다른 사람을 일정 시간동안 보호할 수 있습니다. 이 마법은 성령의 힘을 빌어 자신 혹은 다른 슬레이어의 독에 대한 저항력을 높여줍니다. 숙련도가 높아질수록 증가시키는 저항력의 범위가 높아지지만, 다른 마법과 마찬가지로 다른 사람에게 이 마법을 사용할 경우 페널티가 부여됩니다.	Priests of strong faith can protect themselves or others from the vampires' potent poisons for a set time. Drawing on the power of the Holy Spirit, this spell raises the poison resistance of yourself or another Slayer. The higher your proficiency, the greater the resistance increase, but as with other spells, a penalty applies when you use it on someone else.
땅 속에 숨어있는 뱀파이어는 일반적인 방법으로 끄집어내는 것은 거의 불가능합니다. 이 마법을 사용하면 땅 자체를 정화시켜 뱀파이어가 도저히 견딜 수 없어서 빠져나오게 할 수 있습니다. 숙련도가 높아지면 정화영역이 넓어집니다.	A vampire hiding underground is nearly impossible to drag out by ordinary means. This spell purifies the ground itself, making it unbearable so the vampire is forced out. At higher proficiency the purified area grows wider.
이 기술을 사용하면 연속사격이 가능해집니다. 총의 종류에 따라 연속사격에 대한 속도의 차이가 있으며 SMG, AR, SR/SG순으로 속도가 빠릅니다. 단 연속사격시에는 명중률의 페널티를 받지만, 스킬이 높아지면 페널티가 줄어들어서 그랜드 마스터의 단계에서는 페널티를 받지 않게 됩니다.	This skill lets you fire in bursts. Burst speed varies with the type of gun: SMG is fastest, then AR, then SR/SG. Bursts incur a To Hit penalty, but it shrinks as the skill rises and disappears entirely at Grand Master.
적을 순식간에 6번 베는 아주 빠른 기술로 번뜩이는 검광이 화려한, 연속베기 기술입니다. 무기의 기본데미지에 기술로 인한 보너스 데미지가 추가됩니다.	A very fast combo that slashes the enemy 6 times in an instant, dazzling with flashes of the sword. The skill adds bonus damage to the weapon's base damage.
능력이 특출나고 숙련된 뱀파이어들은 슬레이어에게 완벽하게 소멸되지 않은 몬스터들을 일시적으로 되살려 낼 수 있습니다. 정신을 가지지 않은 이들 몬스터들은 그저 자신들을 살려내어 준 뱀파이어를 따라다니게 됩니다.	Exceptionally gifted and skilled vampires can temporarily revive monsters that the Slayers have not completely destroyed. Having no minds of their own, these monsters simply follow the vampire who brought them back.
뱀파이어의 생명이라고도 할 수 있는 피를 체내에서 일시적으로 폭발시켜 바람과도 같은 움직임을 보이는 기술이다. 이 기술은 상대와의 거리를 좁히거나 공격을 회피할 때 유용하게 사용되며, 빠른 이동에서 나타나는 잔상은 상대를 현혹시킨다. 2~6미터를 순식간에 이동하여 자신의 간격을 꾸준히 유지할 수 있도록 도와준다.	A technique that briefly makes the blood within, the very life of a vampire, explode inside the body, letting it move like the wind. It is useful for closing the distance or dodging attacks, and the afterimages of the swift movement bewilder the opponent. It moves you 2~6 meters in an instant, helping you keep the distance you want.
리엑티브 아머를 강화시키는 마스터리 스킬로써 이 스킬을 습득하면 자기 자신에게 걸 경우 데미지를 감소 시키는 쉴드의 역활까지 가지게 된다. 데미지 감소율은 페시브 스킬과 기존스킬 레벨 모두 영향을 주며 이 스킬레벨이 오를수록 기존 스킬의 방어력과 회피율 증가량도 강화된다.	A mastery skill that strengthens Reactive Armor; once learned, casting it on yourself also works as a shield that reduces damage. The damage reduction is affected by the levels of both this passive skill and the original skill, and as this skill's level rises, the Defense and Evasion boost of the original skill also grows.
스킬업시 강화되는 양이 증가되며 지속시간 또한 길어진다. 이 기술은 여러 번 걸려도 중복되지 않는다. 갑옷 강화 마법으로 말그대로 방어력과 회피율을 증가 시켜준다. 인트와 스킬렙에 따라서 지속시간과 증가량이 달라진다. 스킬을 마스터하면 상당량의 가중치가 적용된다.	Each skill level increases the amount of the boost and also lengthens the duration. Casting it several times does not stack. An armor-strengthening spell that, as the name says, raises Defense and Evasion. Duration and amount depend on INT and skill level. Mastering the skill grants a substantial bonus.
강한정신력을 주변으로 발산시켜 적을 공포와 혼란에 빠져들게하는 고급 기술입니다. 시전자를 중심으로 일정 반경내의 모든 적들이 잠들게 됩니다. 또한 잠드는 순간 일정량의 데미지를 입습니다.	An advanced technique that radiates strong mental power around you to plunge enemies into fear and confusion. All enemies within a set radius of the caster fall asleep, and they take a certain amount of damage as they drop off.
검날에 모든 기운을 집중시키게 하여 검을 나뭇잎보다 가볍게 만들어 운용만을 극대화 시킨 기술이다. 이 기술로 검을 더욱 능수능란하게 다루게 된 무사들은 더욱 효과적인 공격을 펼칠 뿐 아니라 적의 공격을 꿰뚫어보는 날렵함까지 자연히 터득 된다고 한다.	A technique that concentrates all your energy on the sword's edge, making the sword lighter than a leaf to maximize its handling. Warriors who wield the sword more deftly through this technique not only attack more effectively but are said to naturally gain the agility to see through the enemy's attacks.
저주에 걸리는 인간들은 대부분 의지력이 약하고 스스로에 대한 믿음이 적다는 조사 결과가 있습니다. 그러나, 뛰어난 성직자는 놀랄만큼 강한 정신력으로 뱀파이어의 저주를 막아냄은 물론, 뱀파이어에게 그 저주를 성령의 힘으로 되돌려 보내기도 합니다.	Studies show that most humans who fall under curses have weak will and little faith in themselves. Yet an outstanding priest, with astonishingly strong mental power, can not only block vampire curses but also turn them back on the vampire through the power of the Holy Spirit.
뱀파이어의 다크니스를 제거해주는 마법으로 범위, 성공률, 딜레이, 시전거리가 스킬레벨에 종속됩니다.	A spell that removes a Vampire's Darkness; area, success rate, delay and casting range depend on skill level.
땅의 중위 정령 멀든의 도움을 받아 지하수렁에서 만들어지는 천연가스는 더럽혀진 대지를 정화하는 힘을 가지고 있다고 합니다.	The natural gas formed in underground bogs with the help of Mulden, a middle earth spirit, is said to have the power to purify defiled land.
오랫동안 뱀파이어들을 상대해 온 성직자들은, 그들의 경이로운 회복력에 관해 많은 관심을 가져왔습니다. 그들은 인간들도 이러한 회복능력을 정신수련을 통하여 획득할 수 있다고 믿었고 드디어 뱀파이어와 견줄만한 회복능력을 가질 수 있는 방법을 찾아내었습니다.	Priests who have fought vampires for years took a great interest in their astonishing power of recovery. They believed humans too could gain such regenerative ability through mental training, and at last found a way to gain recovery that rivals a vampire's.
뱀파이어들은 흑마술에 가까운 마법을 사용해서 인간들에게 두려운 저주를 걸기도 합니다. 이런 저주는 물론 일정 시간이 지나면 사라지기도 하지만, 가능한한 빨리 해소시켜야 할 필요가 있습니다. 이 마법을 저주에 걸린 슬레이어에게 사용하게 되면, 일정 확률로 저주를 없에주게 됩니다. 단, 저주를 건 뱀파이어의 레벨이 높거나, 저주 자체의 레벨이 높을 수록 보다 높은 숙련도를 필요로 하게 됩니다. 	Vampires sometimes use magic close to black sorcery to lay dreadful curses on humans. Such curses fade after a while, but they need to be lifted as soon as possible. Cast on a cursed Slayer, this spell has a set chance to remove the curse. However, the higher the level of the vampire who cast the curse, or of the curse itself, the higher the proficiency required.
자신이 받은 데미지의 일정 비율을 상대방에게 반사합니다. 공격력이 강한 상대일수록 더 큰 데미지를 돌려주므로 적이 공격을 꺼리게 만듭니다.	Reflects a portion of the damage you take back at the attacker. The stronger the attacker, the more damage it sends back, making enemies reluctant to attack.
성직자의 성력으로 다 죽어가는 사람을 치유하는 마법입니다. 치유의 힘으로 성직자들은 자신의 힘을 이용하여 죽어가는 자를 되살리어 성령의 계시를 보여준다고 합니다. 이 마법은 성직자라면 누구나가 행해야하는 단계로 많은 성직자들은 다친 사람을 위해서 이 능력을 사용해, 성령의 계시를 보여주곤 합니다. 	A spell that heals the dying through a priest's holy power. With their healing power, priests are said to use their own strength to bring the dying back and show them the revelation of the Holy Spirit. This spell is a stage every priest must go through, and many priests use this ability for the wounded, showing them the revelation of the Holy Spirit.
점차 기술이 발달하면서 지뢰를 찾는 장비도 점점 소형화되어 휴대가 간편하게 되었습니다. 이 기술을 사용하면 지면에 설치된 지뢰를 찾을 수 있으며, 이 외에도 부비트랩, 던젼 내의 함정을 발견할 수도 있습니다.	As technology advanced, mine detection equipment grew smaller and easier to carry. This skill lets you find mines planted in the ground, and also uncover booby traps and traps in dungeons.
일정 시간동안 자신에게 접근하는 모든 적에게 데미지를 가하는 시전마법으로 INT와 스킬레벨에 따라 데미지가 결정됩니다. INT와 스킬레벨에 따라 지속시간이 결정됩니다.	A cast spell that damages every enemy approaching you for a set time; damage is determined by INT and skill level. Duration is determined by INT and skill level.
불의 중위 정령인 샐러맨더를 소환하여 적을 공격하는 기술입니다. 시전자의 몸 주위를 불로 이루어진 샐러맨더의 보호로 접근하는 적들에게 화염 공격을 가합니다. 시전자의 몸 주위를 불로 이루어진 링이 감싸서 접근하는 적들에게 데미지를 줍니다. 기술 시전중에 다른 기술을 사용하는 것이 가능합니다.	A skill that summons the Salamander, a middle fire spirit, to attack the enemy. The Salamander, made of fire, guards the caster's body and attacks approaching enemies with flame. A ring of fire surrounds the caster's body and damages enemies that come near. You can use other skills while it is active.
높은 수준의 수양을 통해 그랜터로 거듭난 자는 목표물의 생체 파장과 그 주변의 모든 파장을 동일시 시킬 수 있는 능력을 갖는다. 직접적인 공격력이 약한 그랜트라도 이를 통해 다수의 적을 약체화 시켜 전투를 유리한 방향으로 유도할 수 있게 된다.	One reborn as a Granter through a high level of discipline gains the ability to match a target's life wave to all the waves around it. Even a Granter, whose direct attack power is weak, can thereby weaken many enemies and turn the battle in their favor.
SG(Shot-Gun)를 완벽하게 마스터할 수 있는 기술입니다. SG를 들고 있을때만 항상 적용되는 패시브 기술로, SG(Shot-Gun)를 사용할때마다 명중률과 데미지의 보너스를 얻을 수 있습니다. 이 기술은 다른 총을 들게 되면 사용할 수 없으며, 또한 보너스 적용도 되지 않습니다.	A skill that gives you complete mastery of the SG (Shot-Gun). This passive skill is always active, but only while you hold an SG, and grants a To Hit and Damage bonus whenever you use an SG (Shot-Gun). It cannot be used with other guns, and the bonus does not apply to them either.
이 기술을 배우게 되면, SMG(Sub-Machine Gun)를 완벽하게 마스터할 수 있기 때문에, SMG를 사용할때 항상 명중률과 데미지의 보너스를 받습니다. 이 기술은 SMG를 들고 있을때에만 항상 적용되는 패시브 기술입니다. 다른 총을 들게 되면 보너스는 적용되지 않습니다.	Learning this skill gives you complete mastery of the SMG (Sub-Machine Gun), so you always receive a To Hit and Damage bonus when using one. This passive skill is always active, but only while you hold an SMG. The bonus does not apply if you switch to another gun.
SR(Sniping-Rifle)를 완벽하게 마스터할 수 있는 기술입니다. SR를 들고 있을때만 항상 적용되는 패시브 기술로, SR(Sniping-Rifle)를 사용할때마다 명중률과 데미지의 보너스를 얻을 수 있습니다. 이 기술은 다른 총을 들게 되면 사용할 수 없으며, 또한 보너스 적용도 되지 않습니다.	A skill that gives you complete mastery of the SR (Sniping-Rifle). This passive skill is always active, but only while you hold an SR, and grants a To Hit and Damage bonus whenever you use an SR (Sniping-Rifle). It cannot be used with other guns, and the bonus does not apply to them either.
믿음이 강한 성직자들은 자신의 생명력을 희생해야만 얻을 수 있는 위대한 기적을 보여주곤 합니다. 이 마법은 MP 대신 HP 를 소모해서 마법을 사용할 수 있도록 해 줍니다.	Priests of strong faith sometimes work great miracles that can only be won by sacrificing their own life force. This spell lets you pay for spells with HP instead of MP.
오랜 수련으로 자신의 삶을 거듭해 온 성직자들은 자신의 정신력을 소진하여 결계를 만들어 낼 수 있습니다. 이렇게 만들어진 결계에는 일정 시간 동안, 일정 영역으로 침입하거나 밖으로 나갈 수 없습니다.	Priests who have devoted their lives to long training can spend their mental power to create a barrier. For a set time, no one can enter or leave the area enclosed by this barrier.
특정확률로 대지 데미지를 시전자를 중심으로 상,하,좌,우에 3타일의 범위를 공격하는 광역 패시브 스킬로 1슬롯과 2슬롯에 대지 정령석과 3슬롯에 불 정령석을 장착하여야만 스킬이 적용된다. DEX와 STR에 따라 데미지 보너스가 결정되며, 성공률은 정령 레벨에 따른다. 	An area passive skill that has a set chance to deal earth damage over 3 tiles up, down, left and right of the caster. It only works with earth soul stones in slots 1 and 2 and a fire soul stone in slot 3. The damage bonus depends on DEX and STR, and the success rate on spirit level.
특정확률로 대지 데미지를 광역으로 입히는 패시브 스킬로 1,2,3번 정령석 슬롯에 대지 속성을 가지고 있어야합니다. DEX와 STR에 따라 데미지 보너스가 결정되며, 성공률은 정령 레벨에 따릅니다.	A passive skill that has a set chance to deal earth damage over an area; soul stone slots 1, 2 and 3 must all hold the earth attribute. The damage bonus depends on DEX and STR, and the success rate on spirit level.
대지속성의 정령석으로 대지의 정령 놈의 힘을 챠크람에 깃들게 할수 있는 패시브 스킬입니다. 크리티컬과 유사하나 넉백 효과는 부여되지 않습니다.	A passive skill that infuses your chakram with the power of Gnome, the earth spirit, through earth soul stones. It is similar to a critical hit, but does not knock the target back.
매혹적인 여자 악마인 서큐버스를 소환해서 상대편을 유혹하는 이 저주는 저주에 걸린 상대가 인간이든 뱀파이어든 이성적인 사고를 할 수 없게 되며 오로지 서큐버스의 매력에 정신을 잃게 됩니다. 이 저주에 걸리면 Tohit와 Damage가 급격하게 감소되지만, 소환이 끝나면 다시 정상으로 돌아오게 됩니다. 	This curse summons a succubus, an alluring female demon, to seduce the target. Whether human or vampire, the cursed target can no longer think rationally and is utterly lost in the succubus's charms. Under this curse To Hit and Damage fall sharply, but they return to normal when the summoning ends.
검을 가지고 수련해 온 무인들은 정신을 모아 검에 불어 넣으면 자신도 모르게 검을 현란하게 다룰 수 있게 된다고 합니다. 이렇게 검끝에서 뿜어내는 현란한 검기는 상대방의 시야를 흐리게 하며, 현란한 검기 속에서 만들어진 잔상들은 상대방에게 많은 데미지를 줍니다.	Martial artists who have trained with the sword are said to be able, by pouring their focused spirit into the sword, to wield it dazzlingly without even realizing it. The dazzling sword energy flowing from the blade's tip blurs the opponent's Vision, and the afterimages born within it deal heavy damage.
빠른 발걸음을 이용하여 순식간에 적과의 거리를 좁힌 다음 공격하는 기술입니다. 1 ~ 6 타일 앞의, 도망가는 적을 추적할때, 또는 재빨리 적에게 접근할 때 사용하는 기술입니다.	A skill that closes the distance to the enemy in an instant with quick footwork, then attacks. Use it to chase a fleeing enemy 1 ~ 6 tiles ahead, or to reach an enemy quickly.
운디네와 그류페인의 힘을 동시에 사용하는 상위 정령술로 두 정령을 이용하는 만큼 그 위력 또한 막강합니다. 운디네의 힘으로 몰고 온 비를 그류페인이 순간적으로 얼려 날카로운 우박을 지면에 쏟아냅니다. 넓은 지역에 걸쳐있는 다수의 적을 상대할 때 사용하면 큰 효과를 볼 수 있을 것입니다.	A higher form of spirit magic that uses the powers of Undine and Grupein at once; drawing on two spirits, it is truly devastating. Grupein instantly freezes the rain brought by Undine's power, pouring sharp hailstones on the ground. It is highly effective against large numbers of enemies spread over a wide area.
차크람을 날카롭게 하여 시전자의 투힛을 일정시간 증가시켜 준다. 투힛 보너스의 양은 스킬 레벨에 따라 결정되며 지속 시간은 덱스와 스킬 레벨에 따라 달라진다. 스킬을 마스터하면 상당량의 가중치가 적용된다.	Sharpens your chakram to raise your To Hit for a set time. The size of the To Hit bonus depends on skill level, and the duration on DEX and skill level. Mastering the skill grants a substantial bonus.
근거리 공격스킬로 STR과 스킬레벨에 따라 데미지가 증가합니다.	A short-range attack skill; damage increases with STR and skill level.
무지개의 정령이라고 하는 이리시스의 정기를 소환하는 기술로, 회오리 치는 색색의 빛을 발산하며 차크람으로 공격합니다. 이 공격을 받는 자는 자신의 전신이 모두 빛에 휘어 감기는 듯한 환각을 느끼게 됩니다.	A skill that summons the essence of Irisis, said to be the spirit of rainbows, to attack with a chakram while giving off whirling, many-colored light. Those struck by it feel the illusion of being wrapped from head to toe in light.
검을 재빠르게 휘둘러 온몸에 검막을 형성하는 방어 기술입니다. 일정시간동안 적에게 받는 물리 데미지의 50%를 줄일 수 있습니다. 또한 공격하는 적에게 약간의 데미지도 가할 수 있습니다.	A defensive technique that swings the sword swiftly to form a sword barrier around your whole body. For a set time it reduces physical damage taken from enemies by 50%. It also deals slight damage to attacking enemies.
오랜 시간 동안 검을 가지고 꾸준하게 수련한 사람들은 방패를 들고도 검을 들고 싸울 때만큼 최고의 경지에 도달하게 되며, 궁극에 달하는 기술들을 자연스레 펼칠 수 있게 된다고 합니다. 	Those who have trained steadily with the sword for a long time are said to reach the highest level even with a shield in hand, just as when fighting with the sword alone, and to perform the ultimate techniques naturally.
아우스터즈의 최초 근거리 광역 스킬로 케릭터 전방 3타일과 좌,우에 광역 데미지를 가한다. 전사형 아우스터즈의 주 능력치인 힘(STR) 이나 민첩성(DEX)에 모두 영향을 받아 데미지가 증가한다. 딜레이는 민첩성(DEX)에 따라 짧아지며, 거리는 스킬 레벨에 따라 증가한다. 스킬을 마스터하면 상당량의 가중치가 적용된다.	The first short-range area skill of the Ousters, dealing area damage to 3 tiles in front of the character and to the left and right. Damage increases with both STR and DEX, the main stats of warrior-type Ousters. Delay shortens with DEX, and range increases with skill level. Mastering the skill grants a substantial bonus.
손목의 힘과 도의 묵직한 날을 이용하여 한번의 강타를 날리는 기술입니다. 도 계열의 가장 기초적인 기술입니다. 무기의 기본데미지에 기술로 인한 보너스 데미지가 추가됩니다.	A skill that uses the strength of the wrist and the heavy edge of the blade to deliver a single powerful strike. The most basic skill of the Blade domain. The skill adds bonus damage to the weapon's base damage.
상대방의 다리에서 머리끝까지를 마구 베어 올라가는 기술입니다. 이 기술로 인한 상처가 마치 뱀이 몸을 휘감으면서 올라간 것과 비슷하다고 해서 붙여진 이름입니다. 무기의 기본데미지에 기술로 인한 보너스 데미지가 추가됩니다.	A skill that slashes wildly from the opponent's legs up to the top of the head. It is named because its wounds look as if a snake had coiled its way up the body. The skill adds bonus damage to the weapon's base damage.
뛰어난 능력을 가진 스나이퍼들은 그 어떤 곳에서도 상대가 눈치채지 못하게 숨어서 적을 저격할 수 있습니다. 이 기술을 사용하면 다른 사람의 눈을 피해서 살짝 숨어있을 수 있습니다. 이 상태에서 SR을 사용해서 저격을 하게 되면 명중률과 데미지의 보너스를 받습니다. 단 숨어 있는 상태에서 움직이거나 말을 하는 등 자신을 드러낼 수 있는 행위를 할 경우 금방 다른 사람에게 들키게 되므로, 조심해야 합니다. 이 기술을 계속 연마하면, 숨어있는 지속시간이 점차 길어지고 딜레이가 짧아집니다.	Skilled snipers can hide anywhere and snipe the enemy without being noticed. This skill lets you hide quietly out of others' sight. Sniping with an SR in this state gives a To Hit and Damage bonus. Be careful, though: moving, talking or doing anything else that gives you away while hidden will get you spotted quickly. As you keep training this skill, the time you can stay hidden grows longer and the delay shorter.
무수한 전장을 오가며 종횡무진 하던 전설적인 그랜드 마스터들은 강력한 영혼의 사슬을 통하여 특정 지정 인물의 영혼의 위치를 파악하고 추적할 수 있는 영적인 능력을 갖게 되었습니다.	The legendary Grand Masters, who roamed countless battlefields at will, gained the spiritual ability to locate and track the soul of a specific person through a powerful chain of souls.
따라서 그랜드 마스터들은 같은종족의 슬레이어나 뱀파이어가 있는곳으로 추적하여 이동 할 수 있게 되었습니다.	The Grand Masters can therefore track down Slayers or vampires of their own race and travel to where they are.
소울 리버스 마스터리는 소울 리버스의 능력을 향상시켜주는 패시브 스킬로써 마스터리 스킬이 증가 될때마다 거리와 성공률이 증가한다. 스킬을 마스터하면 상당량의 가중치가 적용된다.	Soul Rebirth Mastery is a passive skill that improves Soul Rebirth; range and success rate increase each time the mastery skill rises. Mastering the skill grants a substantial bonus.
물의 정령왕 엘퀴네스의 궁극의 회복기술로 빈사에 빠진 이들을 깨우는 능력을 가지고 있다. 또한 이 기술은 기타 다른 종족의 부활기술과는 달리 원거리에서도 빈사에 빠진 이들을 구원할 수 있는 능력을 가지고 있다.	The ultimate healing technique of Elquines, the Spirit King of water, with the power to awaken those near death. Unlike other races' resurrection skills, it can also save those near death from a distance.
죽어가는 동료를 부활시키다. 부활시 부활된 아우스터즈의 체력은 총 Hp 의 10%이며, 원거리 부활이나 부활시 체력의 양을 증가 시키기 위해선 소울 리버스 마스터리를 배워야 한다. 스킬을 마스터하면 상당량의 가중치가 적용된다.	Revives a dying comrade. A revived Ousters comes back with 10% of total HP; to revive from a distance or raise the HP restored on revival, you must learn Soul Rebirth Mastery. Mastering the skill grants a substantial bonus.
도를 휘돌리며 공격하는 기술로 마치 그 모양이 아래에서 위로 올라가는 소용돌이 모양이라 하여 붙혀진 이름입니다. 무기의 기본데미지에 기술로 인한 보너스 데미지가 추가됩니다.	A skill that attacks by spinning the blade, named for its shape, like a whirlwind rising from bottom to top. The skill adds bonus damage to the weapon's base damage.
고도의 정신능력을 보유한 성직자들은 자신의 영혼을 형상화 시킬 수 있게 됩니다. 이 능력은 고대의 문헌에 전설로만 기록된 것으로 이 기술을 익히게 되면 자신의 영혼중 일부를 자신을 지켜주는 구체의 형태로 형상화 시킬 수 있습니다.	Priests with advanced mental powers can give their souls a visible form. This ability is recorded only as legend in ancient texts; learning this skill lets you give part of your soul the form of a sphere that protects you.
바닥에서 돌이 솟아나오게 하는 원거리 공격마법으로 INT와 스킬레벨에 따라 데미지가 결정됩니다.딜레이와 공격거리는 스킬레벨에 종속됩니다.	A long-range attack spell that makes stones burst up from the ground; damage is determined by INT and skill level. Delay and range depend on skill level.
땅의 하위 정령인 놈을 소환하는 마법입니다. 놈을 소환할 경우 바닥에서 뽀족한 송곳 모양의 돌로 적을 공격하는 모습을 볼 수 있습니다.	A spell that summons the Gnome, a lesser earth spirit. When summoned, the Gnome attacks the enemy with pointed, awl-like stones from the ground.
꾸준히 마법을 연구해온 뱀파이어들은 슬레이어들의 탄환으로부터 자신을 보호하기 위해 일시적으로 피부를 경질화하는 방법을 개발하였다. 이 마법은 자신의 피부 이외에도 돌로 이뤄진 위성을 소환하여 일부의 총알을 튕겨내는 두 가지 기능을 담고 있는 유용한 마법이다.	Vampires who have steadily researched magic developed a way to temporarily harden their skin to protect themselves from the Slayers' bullets. Besides hardening the skin, this useful spell has a second function: it summons satellites of stone that deflect some bullets.
전투에 직접 참가하는 성직자들은 동료들의 무기에 축복을 내림으로써 적에게 보다 높은 데미지를 주도록 만들어줍니다. 이 마법을 사용하면 자신 혹은 다른 슬레이어가 들고 있는 검이나 도, 십자가나 메이스 같은 물리적인 무기의 데미지를 일정시간동안 증가시켜줍니다. 숙련도가 올라갈수록 증가하는 데미지의 양과 지속 시간이 높아집니다.	Priests who fight on the front line bless their comrades' weapons to make them deal more damage to the enemy. This spell increases the damage of the physical weapon held by yourself or another Slayer, such as a sword, blade, cross or mace, for a set time. The higher your proficiency, the greater the damage increase and the longer the duration.
뱀파이어는 인간뿐만 아니라 늑대나 박쥐 같은 밤의 동물까지도 현혹시킬 수 있습니다. 밤의 동반자인 작은 박쥐를 소환해 공격, 방어 또는 애완용으로 데리고 다닐 수 있습니다.	Vampires can bewitch not only humans but creatures of the night such as wolves and bats. Summon a small bat, your companion of the night, to attack, defend, or keep as a pet.
불의 정령들과 늘 함께 하는 이들에게는 불의 정령이 그 모습을 드러내어 불의 정령사를 보호한다. 이 기술은 불의 힘을 사용하는 정령사들과 정령이 함께 하는 기술로 소환자를 위해 후방에서 적을 함께 공격한다.	To those who always walk with the fire spirits, a fire spirit reveals itself to protect the fire spirit caller. In this skill, spirit callers who use the power of fire fight alongside their spirit, which attacks the enemy together with its summoner from the rear.
정령의 힘은 인트와 스킬레벨에 따라 증가하며 정령의 소환 시간 또한 인트와 스킬 레벨에 영향을 받는다. 중복되어 사용할 수 없으며 딜레이는 소환 지속 시간과 같다. EP 소모량은 스킬렙에 따라 약간 증가합니다. 스킬을 마스터하면 상당량의 가중치가 적용된다.	The spirit's power increases with INT and skill level, and the summoning time also depends on INT and skill level. It cannot be stacked, and the delay equals the summoning duration. EP cost rises slightly with skill level. Mastering the skill grants a substantial bonus.
고어그랜드라는 이름의 피로 이루어진 소환체를 생성하여 주변지역에 강한 피공격을 가하는 Summon계열 마법입니다. 소환된 고어그랜드은 일정시간 동안 지정위치에 머물면서 사방으로 피를 뱉으며 공격을 가합니다.	A Summon-type spell that creates a summoned being made of blood called Gore Gland, which launches powerful blood attacks on the surrounding area. The summoned Gore Gland stays at the chosen spot for a set time, spitting blood in all directions to attack.
정령을 중심으로 일정 범위(5X5)를 인비지 지역으로 만든다. 범위내에 있는 캐릭터는 범위를 벗어날때 까지 인비지 상태가 된다. 기본적인 광역 보조마법이다. 타 종족은 영향을 받지 않는다. 범위와 지속시간은 인트와 스킬레벨에 따라 결정된다. 스킬을 마스터하면 상당량의 가중치가 적용된다.	Makes a set area (5X5) around the spirit an invisibility zone. Characters within it stay invisible until they leave the area. A basic area support spell. Other races are not affected. Area and duration are determined by INT and skill level. Mastering the skill grants a substantial bonus.
자신이 만들 수 있는 뱀파이어 한 마리를 소환할 수 있는 마법입니다. 물론 더욱 강한 뱀파이어를 소환하기 위해서는 자신의 많은 피의 소모가 있게 됩니다. 또한 자신보다 높은 레벨의 뱀파이어를 소환할 수 없습니다. 소환된 뱀파이어는 자신이 처음 소환된 일정 지역 내에서만 움직일 수 있으며, 그 지역을 벗어 나는 순간 소멸하게 됩니다.	A spell that summons one vampire of a kind you can create. Summoning a stronger vampire, of course, costs you more blood. You also cannot summon a vampire of a higher level than yourself. A summoned vampire can only move within the area where it was first summoned, and vanishes the moment it leaves that area.
바람의 정령을 타고 빠르게 이동하는 마법으로 캐릭터 레벨에 따라 프로텍션과 마법저항이 증가됩니다. 바람의 정령을 소환할 Summon Gem이 필요하며, 이는 상점에서 구입할 수 있습니다. 완전히 소모된 서몬 젬은 수리하여 재사용이 가능합니다.	A spell that lets you ride a wind spirit and travel fast; Protection and magic resistance increase with character level. You need a Summon Gem to summon the wind spirit, which can be bought in shops. A fully used Summon Gem can be repaired and used again.
님프의 치유마법중 상위기술로 물의 정령 님프를 소환하여 소환자 자신 또 복수의 아우스터즈들에게 님프의 가호가 담긴 생명수를 뿌리는 기술이다. 넓은 광역 지역을 님프의 생명수로 넘쳐 흐르게 하여 치유한다.	A higher form of the Nymph's healing magic that summons the Nymph, the water spirit, to shower the summoner and many Ousters with water of life carrying the Nymph's blessing. It heals by flooding a wide area with the Nymph's water of life.
정령이 캐릭터를 따라다니며 림프리커버리를 시전한다. 파티를 했을시에는 파티원 전원에게 림프리커버리를 시전한다. 림프리커버리의 회복량은 인트와 스킬레벨에 따라 달라지며 지속시간도 인트와 스킬렙에 따라 달라진다. 단 파티원이라 하더라도 같은 화면 내에 존재 하여야만 영향을 받는다. 스킬을 마스터하면 상당량의 가중치가 적용된다.	The spirit follows the character and casts Nymph Recovery. When you are in a Party, it casts Nymph Recovery on every Party member. The amount restored by Nymph Recovery depends on INT and skill level, as does its duration. However, even Party members are only affected if they are on the same screen. Mastering the skill grants a substantial bonus.
뱀파이어는 인간뿐만 아니라 늑대나 박쥐 같은 밤의 동물까지도 현혹시킬 수 있습니다. 이 마법을 사용하면 전투를 도와줄 힘센 늑대 한마리를 소환할 수 있습니다. 이 늑대를 조종하는 것은 상당히 힘든 일이기 때문에 두 마리 이상의 늑대를 조종한다는 것은 거의 불가능하다고 알려져 있습니다. 레벨이 높은 뱀파이어들은 자유롭게 늑대를 자신의 구미에 맞게 움직일 수 있다고도 합니다.	Vampires can bewitch not only humans but creatures of the night such as wolves and bats. This spell summons a strong wolf to help you in battle. Controlling the wolf is quite difficult, so controlling two or more is known to be nearly impossible. High-level vampires are said to be able to move the wolf freely as they please.
시전자가 공격할 범위의 크기를 마음대로 조절할 수 있는 스킬입니다. 공격의 중심이 되는 타일을 선택한 후 마우스로 드래그를 통해서 공격범위의 크기를 조절할 수 있습니다. 공격범위의 크기와 파괴력은 반비례하며 단일 타일을 공격할 때 가장 큰 파괴력을 발휘하게 됩니다.	A skill that lets the caster freely adjust the size of the area to attack. Select the tile at the center of the attack, then drag with the mouse to set the size of the attack area. The size of the area and the destructive power are inversely proportional, and it is most destructive when attacking a single tile.
오랜 시간 동안 검을 가지고 꾸준하게 수련한 사람들은 검을 들고 싸울 때마다 최고의 경지에 도달하게 되며, 궁극에 달하는 기술들을 자연스레 펼칠 수 있게 됩니다. 	Those who have trained steadily with the sword for a long time reach the highest level whenever they fight with the sword in hand, and perform the ultimate techniques naturally.
번뜩이는 검광을 사방에 폭사시켜 뱀파이어들에게 마치 잠시동안 태양에 노출된것과 같은 데미지를 주는 스킬으로 넓은 범위에있는 적들에게 공격이 가능합니다.	A skill that bursts dazzling flashes of sword light in all directions, damaging vampires as if they were briefly exposed to the sun; it can strike enemies over a wide area.
찌르고, 베고, 휘돌리는 검의 잔상이 성난 파도를 연상케 하는 기술입니다. 검 계열의 최초의 광역 공격 기술로 동시에 3명의 적에게 피해를 줄 수 있습니다.	A skill whose afterimages as the sword thrusts, slashes and spins call to mind raging waves. The first area attack of the Sword domain, it can hit 3 enemies at once.
허공에 커다란 전기검(기로 이루어진 검)을 소환하여 지정한 위치에 떨어뜨립니다. 바닥에 떨어진 전기검은 강한 전기 공격을 가하게 되고 바닥에 꼽힌 후 일정시간 동안 그 범위 지역에 가해지는 후속 공격의 데미지를 상승시켜 줍니다. 	Summons a huge electric sword (a sword made of energy) in the air and drops it on the chosen spot. The electric sword strikes the ground with a powerful electric attack, and once stuck in the ground it raises the damage of follow-up attacks in that area for a set time.
태양아래 활동하게 된 지금, 인정하기 싫지만 우리 일족의 유일한 단점은 피에 너무 쉽게 반응해 버린다는 거지. 흥분 상태에 이르게 되면 간단하게 요리할 상황에서도 일을 그르치고 마는데, 그분의 가르침의 하나인 탈론오브크로우(TalonOfCrow)는 우리들을 냉정하고도 차가운, 최고의 전사로 만들기에 충분한 마법이다. 	Now that we walk under the sun, I hate to admit it, but our kin's one weakness is that we react far too easily to blood. Once excited, we botch even situations that would be simple to handle; Talon Of Crow, one of His teachings, is magic enough to make us cool, cold-blooded warriors of the highest order.
자연의 힘을 사용하는 정령사들은 대 자연의 이치를 완전히 터득하여 자신을 자연에 동화시키는 기술을 익히게 되면서 자신의 형체를 사라지게 하는 단계에 이르렀다. 이 기술은 상대와의 거리를 유지 또는 좁힐때 유용하게 사용되며 자신의 모습은 순식간에 사라지게 하는 능력까지 가지고 있어 상대를 현혹시키기에 충분하다.	Spirit callers who use the power of nature fully grasped the laws of nature and, learning to merge themselves with it, reached the stage of making their own form vanish. This skill is useful for keeping or closing the distance to an opponent, and it can even make you vanish in an instant, more than enough to bewilder the opponent.
자신의 케릭터를 순간적으로 이동시킬 수 있는 스킬이다. 딜레이는 인트와 덱스에 동일하게 적용되며 거리는 스킬레벨에 따라 증가하며 모든 아우스터즈들에게 동일하게 적용된다. 스킬을 마스터하면 상당량의 가중치가 적용된다.	A skill that instantly moves your character. Delay is reduced equally by INT and DEX, and range increases with skill level, the same for all Ousters. Mastering the skill grants a substantial bonus.
상대의 움직임을 저지시키는 마법으로 이를 당한 캐릭터는 공격하지도 공격당하지도 않습니다. 지속시간은 INT와 스킬레벨에 종속되며 성공률과 딜레이, 시전거리는 스킬레벨에 따릅니다.	A spell that holds the target in place; the affected character can neither attack nor be attacked. Duration depends on INT and skill level, and success rate, delay and casting range on skill level.
숲의 정령 네이핀을 기운을 대지에 깃들게 하는 마법 입니다. 이 마법에 성공하게 되면 대지에서 솟아오른 나무넝쿨이 상대방의 온 몸을 감싸 움직이지 못합니다.	A spell that infuses the earth with the energy of Neifin, the forest spirit. When it succeeds, vines burst from the ground and wrap the target's whole body so it cannot move.
일반 무기로는 쉽게 죽일 수 없는 뱀파이어를 상대하기 위해서 폭탄류의 제조 및 사용이 활발해지기 시작했습니다. 군인 내에서도 수류탄 투척 과목은 제한적으로 폭탄 제조 과목을 수료한 우수하고 성실한 병사들에게만 교육하게 되었습니다.	To face vampires that ordinary weapons cannot easily kill, the making and use of bombs began to flourish. Within the army, the grenade-throwing course came to be taught only to excellent, diligent soldiers who had completed the bomb-making course.
때때로 수련을 거듭한 검사들은 우주와 자연의 법칙을 깨달아 자연의 기운을 검끝에 집중시킬 수 있습니다.  이 기술은 엄청난 파괴력을 가진 강력한 기술로, 번개의 기운을 검끝에 모아 내려칠 수 있습니다.	Swordsmen who have trained long sometimes grasp the laws of the universe and nature and can gather nature's energy at the tip of the sword.  This skill has tremendous destructive power, gathering the energy of lightning at the tip of the sword to strike down.
상대를 Z자 형태로 베는 공격으로, 검의 잔상만이 남아서 번갯불처럼 번쩍이는, 검의 스피드를 최대한 살린 기술입니다. 무기의 기본데미지에 기술로 인한 보너스 데미지가 추가됩니다.	An attack that cuts the target in a Z shape, leaving only the sword's afterimage flashing like lightning; it makes the most of the sword's speed. The skill adds bonus damage to the weapon's base damage.
예리한 검의 찌름으로 급소를 강타하여 적의 신경을 일시적으로 마비를 일으키는 기술이다. 	A technique that strikes a vital point with a keen sword thrust, temporarily paralyzing the enemy's nerves.
도를 두 번 돌리며 원심력과 순간적인 힘을 이용하여 횡으로 한번의 베기를 하는 기술로, 토네이도의 허리를 자를 만큼 강력하다고 알려진 기술입니다. 무기의 기본데미지에 기술로 인한 보너스 데미지가 추가됩니다. 	A skill that spins the blade twice and uses centrifugal force and sudden power to make a single horizontal cut, said to be strong enough to slice a tornado in half. The skill adds bonus damage to the weapon's base damage.
뱀파이어는 타고난 본성적인 마법 능력으로 인해, 손쉽게 다른 동물의 형태로 변할 수 있습니다. 특히 작고 빠른 박쥐는 뱀파이어들이 위급할때 도망치는 수단으로 자주 활용되는 동물입니다. 박쥐로 변하게 되면 이동속도가 200% 향상되며, 총이나 미사일 마법을 제외한 일반적인 접근전 무기로는 데미지를 받지 않기 때문입니다. 단 박쥐 상태에서는 공격과 흡혈이 불가능하며 방어력이 급격히 감소하기 때문에 자칫 잘못하면 더 쉽게 죽음을 당할 수도 있습니다. 	With their innate magical nature, vampires can easily take the form of other animals. The small, swift bat in particular is often used by vampires to flee when in danger. As a bat your movement speed rises by 200%, and you take no damage from ordinary melee weapons, only from guns and missile spells. However, in bat form you cannot attack or use Blood Drain, and your Defense drops sharply, so one mistake can get you killed even more easily.
뱀파이어는 타고난 본성적인 마법 능력으로 인해, 손쉽게 다른 동물의 형태로 변할 수 있습니다. 특히 빠르고 강력한 늑대는 뱀파이어들이 주로 변신하는 동물중의 하나입니다. 늑대로 변하게 되면 이동 속도가 150% 향상되기 때문에 먼 거리를 이동할 때 이 마법을 주로 사용하게 됩니다. 또한 늑대 상태에서는 공격이 가능하며, 몬스터의 시체를 먹을 경우 HP를 조금 채울 수 있는 보너스 기능도 있습니다. 단 방어력이 뱀파이어 상태일때보다 떨어지기 때문에 전투전용으로 사용하기에는 무리가 있는 변신마법입니다.	With their innate magical nature, vampires can easily take the form of other animals. The fast and powerful wolf is one of the animals vampires turn into most often. As a wolf your movement speed rises by 150%, so this spell is mainly used for traveling long distances. In wolf form you can also attack, and as a bonus, eating a monster's corpse restores a little HP. However, your Defense is lower than in vampire form, so this transformation is ill suited for use in combat.
우리의 위대한 마법사들은 영원한 전설속의 비밀로 묻혀있을 것이라고 생각했던 웨어울프 변신 마법의 비밀을 풀어내는데 성공하였다. 가장 강력한 늑대일족으로 알려져 있는 웨어울프는 방어력을 그대로 유지하면서도 무서운 공격력을 가질 뿐만 아니라 마법에도 강한 것으로 알려져 있다.	Our great sorcerers have succeeded in unraveling the secret of the werewolf transformation, which we thought would stay buried forever as the secret of a legend. The werewolf, known as the mightiest of the wolf clans, keeps its Defense intact while wielding fearsome attack power, and is also known to be resistant to magic.
※ 승직 90등급 달성시 마켓에서 배울 수 있습니다.	* You can learn it from the Market once you reach Advancement level 90.
뱀파이어들은 동료가 죽어가고 있을 때 체내에 축적하고 있는 피를 상대방에게 나누어 주기도 합니다. 이들은 자신들의 피를 종족에게 나눔으로써, 종족간에 더 단단한 결속을 이룬다고 합니다.	When a comrade is dying, vampires sometimes share the blood stored in their bodies with them. By sharing their blood with their own kind, they are said to forge stronger bonds among their race.
타격 부위가 삼지창 모양으로 찢어져 버린다고 해서 붙여진 이름의 기술이다. 퀵파이어와 동일하게 연속사격을 기본으로 하고 있지만 더욱 치명적인 타격을 주기 위해 총신을 새로운 방식으로 개조하여 타격 부위를 삼지창 모양으로 찢어져 버리는 무서운 공격기이다.	A technique named for how it tears the struck area into the shape of a trident. Like Quick Fire it is based on burst fire, but the gun barrel has been modified in a new way to strike even more lethally, making it a fearsome attack that rips the wound into the shape of a trident.
오른쪽 위에서 왼쪽 밑으로 한번, 횡단 베기 한번, 오른쪽 밑에서 왼쪽 위로 한번, 베는 기술입니다. "트라이앵글 브레이크" 라고도 불리는 삼각 형태의 베기 기술입니다. 무기의 기본데미지에 기술로 인한 보너스 데미지가 추가됩니다.	A skill that slashes once from upper right to lower left, once horizontally, and once from lower right to upper left. Also called "Triangle Break", it is a slashing technique in the shape of a triangle. The skill adds bonus damage to the weapon's base damage.
이 기술을 사용하면 3연발의 연속사격이 가능해집니다. 총의 종류에 따라 연속사격에 대한 속도의 차이가 있으며 SMG, AR, SR/SG순으로 속도가 빠릅니다. 단 연속사격시에는 명중률의 페널티를 받지만, 스킬이 높아지면 페널티가 줄어들어서 그랜드 마스터의 단계에서는 페널티를 받지 않게 됩니다.	This skill lets you fire a 3-round burst. Burst speed varies with the type of gun: SMG is fastest, then AR, then SR/SG. Bursts incur a To Hit penalty, but it shrinks as the skill rises and disappears entirely at Grand Master.
적의 한쪽 어깨에서부터 사선으로 다른 쪽 허리에 이르기까지, 아래에서 위, 위에서 아래로 내리 긋는 3연속 공격입니다. 무기의 기본데미지에 기술로 인한 보너스 데미지가 추가됩니다.	A 3-hit combo that slashes diagonally from one of the enemy's shoulders to the opposite hip, from bottom to top and top to bottom. The skill adds bonus damage to the weapon's base damage.
성직자들은 뱀파이어와 싸우면서도 뱀파이어들과 이들에 의해 희생된 다른 언데드들의 영혼들을 구제시키기위한 노력을 계속하였습니다. 그리하여 죽었지만 죽지못한 자들을 죽음의 안식처로 유도할 수 있는 방법을 찾아내게 되었습니다. 뱀파이어를 포함한 모든 언데드 종류의 몬스터들에게 영향을 줍니다.	Even while fighting vampires, priests kept striving to save the souls of the vampires and of the other undead they had claimed. And so they found a way to lead those who died yet could not die to the resting place of death. It affects all undead monsters, including vampires.
동양의 무예 중, 회오리를 일으키는 무예가 있다고 합니다. 은둔하며 오랫동안 수련을 해 온 무인들은 무기를 이용해 자신에게 공격하는 모든 것들을 날릴 수 있는 회오리를 만들어 낼 수 있다고 합니다. 회오리를 만들기 위해 자신의 정신력을 소진해야 하는 것을 극복해야 한다고 합니다.	Among the Eastern martial arts, there is said to be one that raises a whirlwind. Martial artists who have trained long in seclusion are said to be able to create a whirlwind with their weapon that blows away anything attacking them. To create the whirlwind, they must overcome the drain on their own mental power.
아수라장 같은 전장에서 생사를 뛰어넘어 전투를 감행해야 했던 군인들에게서 본능적으로 생겨난 기술이라고 한다. 얼티메이트 블로우라 불리는 이 기술은 무기의 화력이 가장 효과적으로 발휘될 수 있는 거리에 적이 들어왔을 때, 모든 화력을 집중시켜 엄청난 데미지를 입힐 수 있는 동시에 그 간격을 지속적으로 유지시켜줄 수 있다고 전해진다.	It is said to have arisen by instinct among soldiers who had to fight beyond life and death on chaotic battlefields. Known as Ultimate Blow, this technique is said to let the user, when an enemy comes within the range where the weapon's firepower is most effective, concentrate all of that firepower to deal tremendous damage while keeping that distance steady.
오래전부터 일부 일족들은 체내의 독을 더욱 증폭시킬 수 있는 능력을 지녔다. 그 한계를 끌어올린 일족은 매우 강력한 베놈을 광범위한 지역에 퍼뜨릴 수 있다. 이 무시무시한 마법을 시전하는 일족의 몸에서 나오는 강력하고 잔혹한 베놈 폭풍을 적이 알아챘을 때에는 이미 온몸이 산화된 후 일 것이다.	Since long ago, some of our kin have had the power to amplify the poison within their bodies. Those who push that limit to its peak can spread an extremely potent venom over a wide area. By the time the enemy notices the fierce, cruel storm of venom pouring from the body of one casting this terrible magic, their whole body will already have corroded away.
근접상태의 일정범위에 있는 여러 타겟을 빠른 속도로 공격하는 난무형 근접 광역기입니다. 단 스킬이 지속하는 동안 hp소모가 크다는 양날의 검을 가지고 있습니다.	A melee area skill that rapidly strikes multiple targets within a set range around you in a flurry of blows. It is a double-edged sword, however, as it drains a lot of HP while the skill lasts.
성직자가 만들어 낸 성스러운 빛을 이용하여 투명한 뱀파이어의 모습을 서서히 나타나게 하는 마법입니다. 성직자는 가지고 있는 영적인 능력을 사용하는 이 기술은 처음에는 좁은 영역 안의 Invisible 상태의 뱀파이어만 보이지만, 숙련도가 쌓이면서 점차 영역을 확대할 수 있습니다.	A spell that uses holy light created by a cleric to gradually reveal invisible vampires. Drawing on the cleric's spiritual power, at first it reveals only Invisible vampires within a small area, but the area widens as proficiency grows.
대용량 탄창을 장착할 수 있도록 기존 화기를 개조시키는 기술이다.	A technique for modifying existing firearms so they can be fitted with high-capacity magazines.
물의 장벽으로 원거리 물리 공격과 광역 공격, 마법 공격의 데미지를 일부 줄여줍니다. 데미지 감소량과 지속시간은 INT와 스킬레벨에 따릅니다.	A barrier of water that reduces part of the damage from ranged physical attacks, area attacks and magic attacks. The damage reduction and duration depend on INT and skill level.
정령 운디네의 기운을 소환하여 눈에 보이지 않는 물의 장벽으로 먼 거리의 위협에서 보호 받는 마법입니다.	A spell that summons the power of the spirit Undine to protect you from distant threats with an invisible barrier of water.
특정확률로 상대의 공격을 100% 막아내는 패시브 스킬로 1,2번 정령석 슬롯에 물 속성, 3번 슬롯에는 대지 속성을 가지고 있어야 한다. 성공률은 정령 레벨에 따르다.	A passive skill that blocks 100% of an opponent's attack at a set chance; soul stone slots 1 and 2 must hold the water attribute and slot 3 the earth attribute. The success rate depends on spirit level.
검을 극강의 수준까지 수련한 무사들은 검을 통하여 하늘의 힘과 소통할 수 있게 됩니다. 수련의 정도에 따라 이들은 강력한 뇌전의 힘을 광범위한 지역에 투사할 수 있습니다.	Warriors who have trained with the sword to the utmost level become able to commune with the power of the heavens through their swords. Depending on their degree of training, they can cast the mighty power of lightning over a wide area.
방어를 배제한 철저한 공격위주의 기술로 일격필살을 적에게 날리는 맹렬하고 거친 기술입니다. 무기의 기본데미지에 기술로 인한 보너스 데미지가 추가됩니다.	A fierce, rough technique that abandons all defense for pure offense, hurling a single killing blow at the enemy. The skill adds bonus damage to the weapon's base damage.
도를 이용한 극강의 기술 중에 하나인 타이푼은 위력에 비해 다수의 적을 상대하기에는 빈틈이 많은 양날의 검과 같은 기술이었다. 이런 단점을 보완하기 위해 도의 달인들은 회오리의 움직임을 제어하기 위한 많은 노력 끝에 와일드 타이푼이라는 다수의 적을 막강한 위력으로 날려 버릴 수 있는 절대적인 기술을 만들어 낼 수 있었던 것이다.	Typhoon, one of the ultimate blade techniques, was mighty but left many openings against multiple enemies, a double-edged sword. To make up for this weakness, blade masters worked long and hard to control the movement of the whirlwind, and at last they created Wild Typhoon, an absolute technique that can blow away many enemies with overwhelming power.
높은 계급의 뱀파이어는 피의 계약에 의해 종속된 늑대를 소환하여 적을 공격케 하는 것이 가능하다. 피의 계약은 완전한 주종관계로 연결시켜주기 때문에 늑대가 시체를 먹음으로서 얻는 에너지 역시 시전자에게 종속되게 된다.	High-ranking vampires can summon wolves bound to them by a blood pact and have them attack enemies. A blood pact forges a bond of complete master and servant, so the energy the wolves gain by eating corpses is also passed on to the caster.
동양의 전사들은 예로부터 심신의 일체를 끊임없이 추구해 왔다. 실제로 오랜 수련을 통해 얻는 정신력은 때때로 수련자의 육체에 경이적인 변화를 가져오기도 한다. 수라도를 거치며 극한의 고통을 이겨낸 정신력은 강한 적과 대치한 무사들에게 육체의 한계를 넘어선 강력한 체력을 부여한다.	Since ancient times, the warriors of the East have ceaselessly pursued the unity of body and mind. Indeed, the willpower gained through long training sometimes brings astonishing changes to the trainee's body. Willpower that has endured extreme pain on the path of Asura grants warriors facing strong enemies a powerful vitality beyond the limits of the flesh.
고대 문명의 쌓아올렸던 이들은 놀라운 생명력을 가졌다고 전해진다. 이들은 이모탈리티의 가호 아래 어떠한 상처나 질병에 대한 근심을 가질 필요가 없었다고 한다. 그에 관련된 문헌은 상당수 소실되었으나, 그 힘의 근원에 대한 비밀은 어느 정도 남아있었다고 한다.	Those who built the ancient civilizations are said to have had astonishing vitality. Under the protection of Immortality, they are said to have had no need to fear any wound or disease. Most of the writings on the subject have been lost, but some secrets about the source of that power are said to have survived.
이 기술은 마치 바람을 둘로 가르는 듯한 칼놀림을 보여주는 기술로 빠른 검의 스피드를 이용하는 기술입니다. 팔목을 유연하게 움직여 내려치는 이 기술은 단순하지만 파괴력이 높습니다. 기술사용시 생기는 반달모양의 잔상은 칼을 빠르게 놀려 생성된 진공상태의 공기의 파장이며, 이것으로 상대방에게 타격을 줄 수 있습니다.	A technique of sword strokes that seem to split the wind in two, relying on the speed of a fast blade. Brought down with a supple turn of the wrist, it is simple yet highly destructive. The half-moon afterimage it creates is a wave of vacuum formed by the swift blade, and it can strike the opponent.
인간의 시력을 일시적으로 떨어뜨리는 노란색 독가스를 소환하는 마법입니다. 이 가스에 중독되면 눈이 침침해져 자신의 주변만이 희미하게 보여질뿐, 멀리 있는 적을 공격하는 행위는 할 수 없게 됩니다. 단, 이 가스를 마시지 않고 피해가면 충분히 피할 수 있습니다.	A spell that summons a yellow poison gas that temporarily weakens human eyesight. Those poisoned by the gas find their vision blurred, seeing only their dim surroundings, and cannot attack distant enemies. However, the gas can easily be avoided by steering clear of it without breathing it in.
XRL은 가공할만한 파괴력과 광범위한 살상반경으로 일부 극소수 베테랑 군인들에게 사용법이 알려져 사용되고 있다. 중,하급 군인에게는 기존 플라즈마 로켓 런쳐와 같은 효과를 낸다.	With its fearsome destructive power and wide kill radius, the XRL is known to and used by only a handful of veteran soldiers. In the hands of mid- and low-ranking soldiers it has the same effect as the existing plasma rocket launcher.
늑대라는 고귀한 밤의 일족은 놀라운 민첩성과 공격력을 가졌지만, 그만큼 상대 공격에 취약하다는 약점을 안고 있는 것도 사실이다. 그러나 늑대 일족들 사이에는 울부짖음을 통해 일시적으로 잃었던 방어력을 되찾는 마법을 전해져 내려오고 있었다. 우리 선조들은 그들과 피의 거래를 통해 이 마법을 전수받을 수 있었다. 너희들은 자신을 보호해줄 이 마법을 감사히 여기며 사용해야할 것이다.	The wolves, a noble clan of the night, have remarkable agility and attack power, but it is also true that they are weak against the attacks of their foes. Among the wolf clan, however, a spell has been handed down that lets them regain their lost defense for a time by howling. Our ancestors acquired this spell from them through a pact of blood. You should be grateful for this spell that protects you, and use it well.
일정범위 내에서 빈사상태의 놓여진 캐릭터들을 동시에 부활시키는 스킬입니다. 부활한 캐릭터들은 일정시간 동안 마법저항이 상승됩니다.	A skill that revives at once all characters lying near death within a set range. Revived characters gain increased magic resistance for a set time.
Check : 캐릭터의 이름이 중복되지 않았는지를 확인합니다.	Check : Checks that the character name is not already taken.
만약 비속어(욕설) 케릭터명을 사용할 경우 이용약관에 의거 제재될 수 있습니다.	Characters with profane or offensive names may be sanctioned under the Terms of Service.
Damage : 데미지(Damage)는 적에게 입힐 수 있는 피해수치를 나타내며, 이 수치가 높아지면 상대방의 HP를 보다 많이 감소시킬 수 있습니다.	Damage : Damage is the amount of harm you can inflict on an enemy. The higher it is, the more you can reduce your opponent's HP.
Defence : 디펜스(Defence)는 적의 공격에 대한 회피 능력을 나타내며, 이 수치가 높아지면 상대방의 공격을 피할 수 있는 확률이 높아집니다.	Defence : Defense is your ability to evade enemy attacks. The higher it is, the better your chance of dodging your opponent's attacks.
DEX : 민첩성(DEX)은 캐릭터의 재빠름, 순발력 등을 나타내는 능력치로, Tohit, Defense에 영향을 미칩니다. 총(Gun)을 사용하는 군인 캐릭터에게 중요한 능력치입니다.	DEX : Dexterity (DEX) reflects your character's quickness and reflexes, and affects To Hit and Defense. It is a key stat for soldier characters who use guns.
Face Type : 캐릭터의 얼굴을 선택합니다. (슬레이어만 선택할 수 있습니다.)	Face Type : Choose your character's face. (Only Slayers can choose this.)
Gender : 캐릭터의 성별을 선택합니다.(Male : 남성, Female : 여성 아우스터즈는 성별을 선택할 수 없습니다.)	Gender : Choose your character's gender. (Male or Female. Ousters cannot choose a gender.)
HP : 생명력(HP)은 캐릭터의 생명력을 나타내며, HP 가 0 이되면 전투불능상태가 됩니다.	HP : Health (HP) is your character's life force. When HP reaches 0, your character can no longer fight.
Hair Color : 캐릭터의 머리색을 선택합니다. (뱀파이어는 머리색을 선택할 수 없습니다.)	Hair Color : Choose your character's hair color. (Vampires cannot choose a hair color.)
INT : 지식(INT)은 캐릭터의 지적 능력, 집중력 등 정신적인 능력을 나타내는 능력치로, MP와 마법성공률에 영향을 미칩니다. 치료(Heal) 및 축복(Enchant) 마법을 사용하는 성직자 캐릭터에게 중요한 능력치입니다.	INT : Intelligence (INT) reflects your character's mental abilities such as intellect and concentration, and affects MP and the success rate of magic. It is a key stat for cleric characters who use Heal and Enchant magic.
Load : 저장한 능력치를 불러옵니다.	Load : Loads your saved stats.
MP/EP : 마법력/영력(MP/EP)은 캐릭터의 정신력, 마법적 능력을 나타내며, MP/EP 가 0 이되면 어떠한 마법도 사용할 수 없습니다.	MP/EP : Magic power / spirit power (MP/EP) reflects your character's willpower and magical ability. When MP/EP reaches 0, you cannot use any magic.
Protection : 프로텍션(Protection)은 적의 데미지에 대한 방어능력을 의미하며, 이 수치가 높아지면 상대방의 공격으로 인한 데미지가 줄어듭니다.	Protection : Protection is your ability to withstand enemy damage. The higher it is, the less damage you take from your opponent's attacks.
Reroll : 능력치를 새롭게 변경합니다.	Reroll : Rolls a new set of stats.
Save : 현재 선택된 능력치를 저장합니다.	Save : Saves the currently selected stats.
Skin Color : 캐릭터의 피부색을 선택합니다. (아우스터즈는 피부색을 선택할 수 없습니다.)	Skin Color : Choose your character's skin color. (Ousters cannot choose a skin color.)
STR : 힘(STR)은 캐릭터의 힘의 세기 및 육체적인 강인함을 나타는 능력치로, HP, Protection, Damage에 영향을 미칩니다. 검(Sword)과 도(Blade)를 사용하는 근거리 전투형 캐릭터에게 중요한 능력치입니다.	STR : Strength (STR) reflects your character's physical power and toughness, and affects HP, Protection and Damage. It is a key stat for close-combat characters who use swords and blades.
Tohit : 명중률(Tohit)은 캐릭터의 공격 성공률을 나타내는 능력치로, 이 수치가 높아지면 상대방을 명중시킬 확률이 높아집니다.	Tohit : To Hit is your character's chance of landing an attack. The higher it is, the better your chance of hitting your opponent.
Tribe : 캐릭터의 종족을 선택합니다.(Slayer : 슬레이어, Vampire : 뱀파이어, Ousters : 아우스터즈)	Tribe : Choose your character's race. (Slayer, Vampire or Ousters)
캐릭터를 삭제합니다.	Deletes the character.
이전과정으로 되돌아 갑니다.	Returns to the previous step.
아우스터즈는 캐릭터 생성시 능력치를 원하는대로 분배할 수 있으며, STR/DEX/INT옆의 +,-버튼을 이용하여 분배할 수 있습니다. 보너스 포인트가 남아있으면 캐릭터를 만들 수 없습니다.	Ousters can distribute their stats freely when creating a character, using the + and - buttons next to STR/DEX/INT. You cannot create the character while bonus points remain.
플레이할 캐릭터를 선택하세요. 새로운 캐릭터를 생성하려면 Create 버튼을 누르시고, 기존의 캐릭터를 삭제하려면 캐릭터 이름 옆의 삭제 버튼을 누르세요. 게임에 접속하시려면 캐릭터를 선택한 후 Next 버튼을 누르거나 더블클릭하시면 됩니다.	Select a character to play. To create a new character, press the Create button; to delete an existing character, press the delete button next to its name. To enter the game, select a character and press the Next button, or double-click it.
Create : 새로운 캐릭터를 생성합니다.	Create : Creates a new character.
새로운 슬레이어/뱀파이어/아우스터즈를 생성합니다. 캐릭터의 이름, 성별, 얼굴, 색상 등을 결정하신 후, Reroll 버튼으로 캐릭터의 능력치를 설정하세요. Save/Load 버튼으로 능력치를 저장하고 불러올 수 있습니다. 뱀파이어의 경우는 머리색과 능력치를 선택할 수 없습니다. 아우스터즈의 경우는 성별과 피부색을 선택할 수 없고 능력치는 직접 선택하여 올리실 수 있습니다.	Create a new Slayer, Vampire or Ousters. Choose the character's name, gender, face, colors and so on, then set its stats with the Reroll button. The Save/Load buttons let you save and load stats. Vampires cannot choose a hair color or stats. Ousters cannot choose a gender or skin color, and raise their stats by hand.
Name : 캐릭터의 이름을 기입하세요.	Name : Enter your character's name.
다음과정으로 갑니다.	Goes to the next step.
접속할 서버(Server)를 선택해 주세요. 각 서버는 독립적으로 운영되지만 캐릭터 및 아이템은 공유되며, 서버간 채팅도 지원됩니다.	Select a server to connect to. Each server runs independently, but characters and items are shared, and chat between servers is supported.
접속할 월드(World)를 선택하세요. 하나의 월드마다 3개의 캐릭터를 생성할 수 있습니다. 단, 각 월드는 완전히 독립적이기 때문에 캐릭터가 공유되지 않으며, 월드간 채팅도 지원되지 않습니다.	Select a world to connect to. You can create 3 characters in each world. However, each world is completely independent, so characters are not shared and chat between worlds is not supported.
; * <인터페이스이름> <리스트 타입>	; * <interface name> <list type>
; 숫자로 접근해서 좀 불편한점이 있다.-_-	; Accessing these by number is a little awkward. -_-
;================================ 캐릭터 정보창에서 이미지 위치들	;================================ Image positions in the character info window
124 69\t\t\t\t; 0:SkillInfo의 DomainBar 위치	124 69\t\t\t\t; 0: position of the SkillInfo DomainBar
1 13 29 0\t\t\t; INFO POINT_LIST 종족별 시작위치	1 13 29 0\t\t\t; INFO POINT_LIST start position per race
;================================ 옵션에서의 버튼 위치들	;================================ Button positions in Options
;================================ 타이틀화면의 버튼 위치	;================================ Button positions on the title screen
;================================ 캐릭터 생성화면에서의 각 버튼 위치들	;================================ Button positions on the character creation screen
\t\t[==Level 조건표==]	\t\t[==Level Table==]
⊙ Combat 	o Combat
⊙ Fire 	o Fire
⊙ Water	o Water
⊙ Earth 	o Earth
  ▶ 	  -
 ⊙ Combat 	 o Combat
 ⊙ Fire 	 o Fire
 ⊙ Water	 o Water
 ⊙ Earth 	 o Earth
   ▶ 	   -
